{"type":"FeatureCollection","features":[{"type":"Feature","id":"NE50-0001","geometry":{"type":"Polygon","coordinates":[[[-67.507,82.277],[-67.507,82.277],[-67.507,82.277],[-67.881,82.331],[-68.05,82.416],[-67.96,82.493],[-67.53,82.53],[-67.115,82.506],[-66.943,82.583],[-66.801,82.569],[-66.695,82.592],[-66.566,82.591],[-66.462,82.564],[-66.397,82.512],[-66.22,82.484],[-65.94,82.479],[-65.836,82.43],[-66.082,82.406],[-66.346,82.353],[-66.413,82.31],[-66.636,82.288],[-67.217,82.308],[-67.507,82.277]]]},"properties":{"id":"NE50-0001","region":"03","areaKm2":697.8,"massBalanceMwe":-0.057}},{"type":"Feature","id":"NE50-0002","geometry":{"type":"Polygon","coordinates":[[[-80.496,82.324],[-80.496,82.324],[-80.496,82.324],[-80.443,82.327],[-80.395,82.277],[-80.457,82.167],[-80.711,82.257],[-80.982,82.313],[-81.017,82.393],[-80.943,82.406],[-80.719,82.387],[-80.624,82.487],[-80.551,82.459],[-80.57,82.367],[-80.496,82.324]]]},"properties":{"id":"NE50-0002","region":"03","areaKm2":143.4,"massBalanceMwe":-0.057}},{"type":"Feature","id":"NE50-0003","geometry":{"type":"Polygon","coordinates":[[[-84.971,82.29],[-84.971,82.29],[-84.971,82.29],[-85.261,82.4],[-85.262,82.407],[-85.144,82.421],[-84.904,82.431],[-84.762,82.401],[-84.814,82.267],[-84.971,82.29]]]},"properties":{"id":"NE50-0003","region":"03","areaKm2":79.7,"massBalanceMwe":-0.057}},{"type":"Feature","id":"NE50-0004","geometry":{"type":"Polygon","coordinates":[[[-83.601,82.195],[-83.601,82.195],[-83.601,82.195],[-83.813,82.266],[-83.835,82.288],[-83.793,82.304],[-83.615,82.295],[-83.418,82.24],[-83.348,82.188],[-83.347,82.119],[-83.414,82.076],[-83.482,82.081],[-83.52,82.138],[-83.601,82.195]]]},"properties":{"id":"NE50-0004","region":"03","areaKm2":82.7,"massBalanceMwe":-0.057}},{"type":"Feature","id":"NE50-0005","geometry":{"type":"Polygon","coordinates":[[[-85.314,81.612],[-85.314,81.612],[-85.314,81.612],[-85.435,81.644],[-85.439,81.689],[-85.3,81.712],[-84.803,81.735],[-84.418,81.694],[-84.266,81.58],[-83.98,81.632],[-83.707,81.631],[-83.663,81.676],[-83.654,81.711],[-83.5,81.769],[-83.208,81.799],[-82.973,81.808],[-82.806,81.794],[-82.721,81.75],[-82.743,81.7],[-82.656,81.641],[-82.566,81.636],[-82.351,81.667],[-82.289,81.642],[-81.853,81.682],[-81.783,81.782],[-81.69,81.794],[-81.603,81.709],[-81.535,81.669],[-81.459,81.669],[-81.396,81.701],[-81.376,81.729],[-81.215,81.793],[-81.061,81.88],[-80.862,81.885],[-80.392,81.936],[-80.167,81.887],[-80.088,81.829],[-80.087,81.763],[-79.983,81.73],[-79.793,81.719],[-79.18,81.748],[-79.033,81.732],[-78.815,81.795],[-78.743,81.78],[-78.775,81.734],[-78.748,81.641],[-78.69,81.597],[-78.616,81.576],[-78.503,81.593],[-78.458,81.655],[-78.33,81.654],[-78.031,81.563],[-77.985,81.526],[-77.879,81.496],[-77.848,81.48],[-77.845,81.419],[-77.995,81.39],[-78.081,81.402],[-78.247,81.371],[-78.627,81.402],[-78.724,81.354],[-78.808,81.339],[-79.116,81.324],[-79.554,81.351],[-79.627,81.388],[-79.691,81.39],[-79.783,81.364],[-79.91,81.402],[-80.12,81.345],[-80.175,81.376],[-80.354,81.382],[-80.415,81.367],[-80.357,81.274],[-80.312,81.241],[-80.246,81.224],[-80.088,81.227],[-80.029,81.18],[-79.973,81.161],[-79.838,81.142],[-80.135,81.105],[-80.269,81.072],[-80.434,81.09],[-80.696,81.046],[-80.873,80.992],[-81.454,80.948],[-81.528,81.003],[-81.55,81.06],[-81.509,81.098],[-81.512,81.154],[-81.673,81.281],[-81.734,81.296],[-81.839,81.249],[-81.879,81.276],[-81.98,81.251],[-82.267,81.246],[-82.361,81.288],[-82.446,81.265],[-82.552,81.273],[-83.339,81.212],[-83.424,81.235],[-83.591,81.214],[-84.075,81.235],[-84.233,81.204],[-84.356,81.211],[-84.474,81.295],[-84.532,81.312],[-84.545,81.356],[-84.504,81.405],[-84.428,81.406],[-84.321,81.358],[-84.188,81.345],[-84.044,81.358],[-84.003,81.453],[-84.064,81.478],[-84.254,81.478],[-84.39,81.517],[-84.484,81.456],[-84.585,81.498],[-84.623,81.54],[-84.674,81.565],[-85.314,81.612]]]},"properties":{"id":"NE50-0005","region":"03","areaKm2":6070.5,"massBalanceMwe":-0.057}},{"type":"Feature","id":"NE50-0006","geometry":{"type":"Polygon","coordinates":[[[-82.008,81.109],[-82.008,81.109],[-82.008,81.109],[-81.918,81.139],[-81.854,81.129],[-81.873,81.048],[-81.941,80.99],[-82.107,80.97],[-82.204,80.932],[-82.265,80.927],[-82.328,80.94],[-82.755,80.945],[-83.062,80.936],[-83.186,80.907],[-83.301,80.938],[-83.504,80.914],[-83.679,80.861],[-83.739,80.896],[-83.936,80.933],[-84.223,80.927],[-84.248,80.99],[-84.019,80.99],[-83.936,81.008],[-83.358,81.039],[-83.225,81.026],[-83.11,81.047],[-82.92,81.034],[-82.008,81.109]]]},"properties":{"id":"NE50-0006","region":"03","areaKm2":518.5,"massBalanceMwe":-0.057}},{"type":"Feature","id":"NE50-0007","geometry":{"type":"Polygon","coordinates":[[[-74.64,79.664],[-74.64,79.664],[-74.64,79.664],[-74.709,79.704],[-74.623,79.739],[-74.251,79.744],[-74.115,79.735],[-74.069,79.687],[-74.127,79.661],[-74.27,79.652],[-74.64,79.664]]]},"properties":{"id":"NE50-0007","region":"03","areaKm2":105.5,"massBalanceMwe":-0.057}},{"type":"Feature","id":"NE50-0008","geometry":{"type":"Polygon","coordinates":[[[-94.083,79.535],[-94.083,79.535],[-94.083,79.535],[-94.275,79.524],[-94.31,79.576],[-94.124,79.627],[-93.904,79.644],[-93.54,79.596],[-93.549,79.514],[-93.637,79.504],[-94.083,79.535]]]},"properties":{"id":"NE50-0008","region":"03","areaKm2":168.7,"massBalanceMwe":-0.057}},{"type":"Feature","id":"NE50-0009","geometry":{"type":"Polygon","coordinates":[[[-78.509,79.626],[-78.509,79.626],[-78.509,79.626],[-77.729,79.595],[-77.444,79.51],[-77.459,79.444],[-77.624,79.446],[-77.717,79.413],[-77.795,79.408],[-77.929,79.421],[-78.144,79.37],[-78.424,79.408],[-78.558,79.341],[-78.942,79.372],[-79.113,79.354],[-79.211,79.269],[-79.395,79.243],[-79.65,79.255],[-79.739,79.28],[-80.088,79.306],[-80.192,79.365],[-80.13,79.434],[-79.899,79.506],[-79.248,79.562],[-79.095,79.551],[-78.969,79.571],[-78.895,79.602],[-78.691,79.599],[-78.509,79.626]]]},"properties":{"id":"NE50-0009","region":"03","areaKm2":1349.6,"massBalanceMwe":-0.057}},{"type":"Feature","id":"NE50-0010","geometry":{"type":"Polygon","coordinates":[[[-81.151,76.703],[-81.151,76.703],[-81.151,76.703],[-81.228,76.685],[-81.233,76.801],[-81.036,76.846],[-80.941,76.912],[-80.982,76.952],[-80.991,77.001],[-80.862,77.173],[-80.678,77.212],[-80.479,77.175],[-80.434,77.157],[-80.394,77.114],[-80.355,77.074],[-80.255,77.066],[-80.005,77.137],[-79.858,77.159],[-79.631,77.138],[-79.559,77.117],[-79.455,77.053],[-79.388,76.955],[-79.291,76.896],[-79.009,76.884],[-78.951,76.869],[-78.889,76.808],[-78.772,76.797],[-78.386,76.946],[-78.298,76.961],[-78.222,76.933],[-78.166,76.889],[-78.122,76.827],[-78.119,76.773],[-78.133,76.714],[-78.175,76.668],[-78.324,76.607],[-78.52,76.566],[-78.583,76.575],[-78.696,76.632],[-78.813,76.619],[-78.95,76.528],[-79.076,76.467],[-79.309,76.392],[-79.429,76.395],[-79.546,76.356],[-79.734,76.332],[-79.953,76.339],[-80.009,76.31],[-80.367,76.31],[-80.699,76.23],[-80.78,76.295],[-80.421,76.489],[-80.392,76.551],[-80.453,76.604],[-80.577,76.617],[-80.647,76.603],[-80.767,76.641],[-80.92,76.739],[-81.079,76.747],[-81.151,76.703]]]},"properties":{"id":"NE50-0010","region":"03","areaKm2":4512.2,"massBalanceMwe":-0.057}},{"type":"Feature","id":"NE50-0011","geometry":{"type":"Polygon","coordinates":[[[-83.705,76.972],[-83.705,76.972],[-83.705,76.972],[-83.558,76.977],[-83.526,76.915],[-83.64,76.892],[-83.78,76.89],[-83.939,76.944],[-83.999,77.004],[-83.932,77.03],[-83.705,76.972]]]},"properties":{"id":"NE50-0011","region":"03","areaKm2":103.1,"massBalanceMwe":-0.057}},{"type":"Feature","id":"NE50-0012","geometry":{"type":"Polygon","coordinates":[[[-84.243,76.842],[-84.243,76.842],[-84.243,76.842],[-84.111,76.85],[-84.105,76.763],[-84.176,76.757],[-84.381,76.781],[-84.473,76.735],[-84.563,76.72],[-84.65,76.743],[-84.732,76.737],[-84.825,76.691],[-85.112,76.743],[-85.203,76.675],[-85.144,76.625],[-85.134,76.555],[-85.185,76.464],[-85.259,76.409],[-85.819,76.545],[-85.959,76.604],[-86.012,76.665],[-86.15,76.702],[-86.366,76.693],[-86.518,76.721],[-86.594,76.799],[-86.432,76.9],[-86.266,76.96],[-85.843,77.017],[-85.777,77.021],[-85.602,76.967],[-85.416,76.952],[-84.842,77.011],[-84.635,76.976],[-84.243,76.842]]]},"properties":{"id":"NE50-0012","region":"03","areaKm2":2147.6,"massBalanceMwe":-0.057}},{"type":"Feature","id":"NE50-0013","geometry":{"type":"Polygon","coordinates":[[[-76.937,73.123],[-76.937,73.123],[-76.937,73.123],[-76.814,73.036],[-76.811,72.975],[-76.85,72.969],[-76.913,72.988],[-77.078,72.97],[-77.282,72.975],[-77.408,72.957],[-77.535,73.033],[-77.813,72.994],[-78.03,73.046],[-78.126,72.997],[-78.21,72.993],[-78.318,73.012],[-78.831,72.976],[-78.894,73.038],[-78.976,73.058],[-79.065,73.058],[-79.153,73.091],[-79.212,73.185],[-79.294,73.246],[-79.485,73.271],[-79.579,73.211],[-79.955,73.328],[-79.935,73.376],[-79.866,73.437],[-79.741,73.476],[-79.453,73.453],[-79.438,73.512],[-79.322,73.563],[-79.118,73.512],[-79.005,73.447],[-78.986,73.381],[-78.931,73.348],[-78.866,73.369],[-78.832,73.421],[-78.817,73.485],[-78.77,73.48],[-78.778,73.405],[-78.719,73.38],[-78.614,73.401],[-78.502,73.33],[-78.377,73.311],[-78.227,73.328],[-78.161,73.392],[-78.155,73.451],[-78.042,73.487],[-77.832,73.478],[-77.67,73.45],[-77.497,73.3],[-77.471,73.249],[-77.423,73.209],[-77.281,73.198],[-77.145,73.151],[-76.937,73.123]]]},"properties":{"id":"NE50-0013","region":"04","areaKm2":3457.7,"massBalanceMwe":-0.31}},{"type":"Feature","id":"NE50-0014","geometry":{"type":"Polygon","coordinates":[[[-75.606,72.198],[-75.606,72.198],[-75.606,72.198],[-75.687,72.263],[-75.738,72.426],[-75.697,72.447],[-75.646,72.429],[-75.591,72.392],[-75.322,72.289],[-75.303,72.244],[-75.344,72.211],[-75.606,72.198]]]},"properties":{"id":"NE50-0014","region":"04","areaKm2":226.7,"massBalanceMwe":-0.31}},{"type":"Feature","id":"NE50-0015","geometry":{"type":"Polygon","coordinates":[[[-75.795,71.89],[-75.795,71.89],[-75.795,71.89],[-75.868,71.807],[-76.037,71.765],[-76.209,71.792],[-76.216,71.853],[-76.181,71.882],[-75.917,72.021],[-75.696,72.068],[-75.659,72.053],[-75.704,71.944],[-75.757,71.89],[-75.795,71.89]]]},"properties":{"id":"NE50-0015","region":"04","areaKm2":345.8,"massBalanceMwe":-0.31}},{"type":"Feature","id":"NE50-0016","geometry":{"type":"Polygon","coordinates":[[[-74.809,71.811],[-74.809,71.811],[-74.809,71.811],[-74.927,71.772],[-75.263,71.75],[-75.332,71.79],[-75.345,71.849],[-75.298,71.911],[-75.242,71.949],[-75.043,72.047],[-74.954,72.062],[-74.696,72.024],[-74.658,72.004],[-74.648,71.939],[-74.809,71.811]]]},"properties":{"id":"NE50-0016","region":"04","areaKm2":574.9,"massBalanceMwe":-0.31}},{"type":"Feature","id":"NE50-0017","geometry":{"type":"Polygon","coordinates":[[[-73.008,70.801],[-73.008,70.801],[-73.008,70.801],[-73.262,70.862],[-73.27,70.973],[-73.137,71.099],[-73.033,71.153],[-72.969,71.153],[-72.871,71.124],[-72.861,71.103],[-72.902,71.035],[-72.934,71.011],[-72.95,70.939],[-72.922,70.884],[-72.927,70.839],[-72.961,70.812],[-73.008,70.801]]]},"properties":{"id":"NE50-0017","region":"04","areaKm2":387.5,"massBalanceMwe":-0.31}},{"type":"Feature","id":"NE50-0018","geometry":{"type":"Polygon","coordinates":[[[-72.635,71.073],[-72.635,71.073],[-72.635,71.073],[-72.556,71.128],[-72.506,71.128],[-72.412,71.082],[-72.384,71.046],[-72.393,70.95],[-72.436,70.919],[-72.71,70.849],[-72.734,70.951],[-72.635,71.073]]]},"properties":{"id":"NE50-0018","region":"04","areaKm2":258.9,"massBalanceMwe":-0.31}},{"type":"Feature","id":"NE50-0019","geometry":{"type":"Polygon","coordinates":[[[-71.905,70.486],[-71.905,70.486],[-71.905,70.486],[-72.197,70.482],[-72.273,70.536],[-72.202,70.671],[-72.153,70.717],[-71.908,70.719],[-71.611,70.806],[-71.532,70.767],[-71.613,70.667],[-71.733,70.607],[-71.76,70.557],[-71.856,70.5],[-71.905,70.486]]]},"properties":{"id":"NE50-0019","region":"04","areaKm2":560.1,"massBalanceMwe":-0.31}},{"type":"Feature","id":"NE50-0020","geometry":{"type":"Polygon","coordinates":[[[-72.933,70.135],[-72.933,70.135],[-72.933,70.135],[-72.681,70.009],[-72.513,69.892],[-72.359,69.827],[-71.964,69.755],[-71.934,69.664],[-72.015,69.592],[-72.163,69.579],[-72.366,69.603],[-72.526,69.64],[-72.639,69.693],[-72.871,69.739],[-73.458,69.71],[-73.636,69.744],[-73.801,69.833],[-74.017,69.807],[-74.217,69.876],[-74.646,70.168],[-74.708,70.266],[-74.723,70.375],[-74.654,70.451],[-74.278,70.467],[-73.649,70.351],[-72.933,70.135]]]},"properties":{"id":"NE50-0020","region":"04","areaKm2":4893.4,"massBalanceMwe":-0.31}},{"type":"Feature","id":"NE50-0021","geometry":{"type":"Polygon","coordinates":[[[-70.494,70.06],[-70.494,70.06],[-70.494,70.06],[-70.554,70.048],[-70.593,70.104],[-70.493,70.276],[-70.383,70.326],[-70.287,70.333],[-70.258,70.315],[-70.239,70.286],[-70.264,70.207],[-70.494,70.06]]]},"properties":{"id":"NE50-0021","region":"04","areaKm2":234.2,"massBalanceMwe":-0.31}},{"type":"Feature","id":"NE50-0022","geometry":{"type":"Polygon","coordinates":[[[-69.524,69.885],[-69.524,69.885],[-69.524,69.885],[-69.614,69.922],[-69.635,69.975],[-69.621,70.005],[-69.459,70.074],[-69.374,70.086],[-69.294,70.025],[-69.443,69.898],[-69.524,69.885]]]},"properties":{"id":"NE50-0022","region":"04","areaKm2":177.3,"massBalanceMwe":-0.31}},{"type":"Feature","id":"NE50-0023","geometry":{"type":"Polygon","coordinates":[[[-69.799,69.351],[-69.799,69.351],[-69.799,69.351],[-69.846,69.364],[-69.868,69.428],[-69.61,69.475],[-69.542,69.448],[-69.147,69.461],[-69.04,69.419],[-69.245,69.348],[-69.424,69.328],[-69.633,69.352],[-69.799,69.351]]]},"properties":{"id":"NE50-0023","region":"04","areaKm2":351.2,"massBalanceMwe":-0.31}},{"type":"Feature","id":"NE50-0024","geometry":{"type":"Polygon","coordinates":[[[-67.288,67.319],[-67.288,67.319],[-67.288,67.319],[-67.346,67.387],[-67.501,67.419],[-67.468,67.518],[-67.09,67.556],[-66.723,67.552],[-66.666,67.532],[-66.477,67.516],[-66.005,67.368],[-65.902,67.402],[-65.862,67.472],[-65.877,67.543],[-65.824,67.585],[-65.74,67.579],[-65.674,67.53],[-65.611,67.459],[-65.591,67.336],[-65.521,67.28],[-65.464,67.325],[-65.455,67.366],[-65.409,67.415],[-65.333,67.433],[-65.241,67.409],[-65.067,67.299],[-65.009,67.244],[-65.105,67.204],[-65.293,67.218],[-65.348,67.135],[-65.311,67.086],[-65.273,66.988],[-65.206,66.979],[-65.027,67.063],[-64.992,67.123],[-64.932,67.158],[-64.855,67.157],[-64.854,67.082],[-65.077,66.99],[-65.14,66.835],[-65.218,66.763],[-65.343,66.785],[-65.418,66.719],[-65.469,66.58],[-65.524,66.569],[-65.61,66.619],[-65.6,66.642],[-65.505,66.671],[-65.484,66.706],[-65.477,66.75],[-65.509,66.798],[-65.581,66.8],[-65.633,66.72],[-65.695,66.689],[-65.748,66.729],[-65.789,66.849],[-65.849,66.932],[-65.947,66.975],[-66.076,66.979],[-66.153,66.874],[-66.23,66.878],[-66.338,66.938],[-66.411,67.033],[-66.47,67.15],[-66.542,67.23],[-66.761,67.176],[-66.991,67.212],[-67.05,67.174],[-67.141,67.177],[-67.249,67.218],[-67.301,67.269],[-67.288,67.319]]]},"properties":{"id":"NE50-0024","region":"04","areaKm2":5250.7,"massBalanceMwe":-0.31}},{"type":"Feature","id":"NE50-0025","geometry":{"type":"Polygon","coordinates":[[[-62.477,66.484],[-62.477,66.484],[-62.477,66.484],[-62.596,66.519],[-62.626,66.604],[-62.569,66.681],[-62.488,66.688],[-62.396,66.632],[-62.262,66.639],[-62.241,66.585],[-62.275,66.536],[-62.364,66.498],[-62.477,66.484]]]},"properties":{"id":"NE50-0025","region":"04","areaKm2":264.4,"massBalanceMwe":-0.31}},{"type":"Feature","id":"NE50-0026","geometry":{"type":"Polygon","coordinates":[[[-64.996,66.637],[-64.996,66.637],[-64.996,66.637],[-64.913,66.649],[-64.792,66.651],[-64.712,66.634],[-64.458,66.545],[-64.45,66.486],[-64.611,66.468],[-64.693,66.501],[-64.828,66.518],[-65.063,66.467],[-65.113,66.401],[-65.115,66.316],[-65.166,66.276],[-65.201,66.291],[-65.305,66.411],[-65.267,66.509],[-65.195,66.554],[-64.996,66.637]]]},"properties":{"id":"NE50-0026","region":"04","areaKm2":625.1,"massBalanceMwe":-0.31}},{"type":"Feature","id":"NE50-0027","geometry":{"type":"Polygon","coordinates":[[[-63.238,66.214],[-63.238,66.214],[-63.238,66.214],[-63.366,66.213],[-63.377,66.295],[-63.311,66.347],[-63.212,66.378],[-63.105,66.362],[-63.091,66.289],[-63.144,66.236],[-63.238,66.214]]]},"properties":{"id":"NE50-0027","region":"04","areaKm2":179.6,"massBalanceMwe":-0.31}},{"type":"Feature","id":"NE50-0028","geometry":{"type":"Polygon","coordinates":[[[-63.711,65.904],[-63.711,65.904],[-63.711,65.904],[-63.96,65.805],[-64.041,65.842],[-64.011,65.884],[-63.997,66.013],[-63.951,66.081],[-63.835,66.119],[-63.753,66.073],[-63.693,65.989],[-63.711,65.904]]]},"properties":{"id":"NE50-0028","region":"04","areaKm2":354.3,"massBalanceMwe":-0.31}},{"type":"Feature","id":"NE50-0029","geometry":{"type":"Polygon","coordinates":[[[-79.386,82.168],[-79.386,82.168],[-79.386,82.168],[-79.413,82.162],[-79.432,82.213],[-79.322,82.337],[-79.208,82.387],[-79.176,82.449],[-79.109,82.491],[-79.006,82.507],[-78.874,82.496],[-78.71,82.442],[-78.582,82.428],[-78.487,82.443],[-78.273,82.414],[-78.205,82.459],[-78.194,82.53],[-78.11,82.569],[-77.969,82.482],[-77.861,82.49],[-77.857,82.567],[-77.675,82.639],[-77.483,82.638],[-77.014,82.627],[-76.916,82.574],[-76.688,82.565],[-76.612,82.541],[-76.496,82.438],[-76.496,82.371],[-76.565,82.299],[-76.554,82.194],[-76.489,82.178],[-76.315,82.198],[-76.252,82.144],[-76.154,82.126],[-75.973,82.126],[-75.842,82.082],[-75.763,82.132],[-75.762,82.2],[-75.693,82.304],[-75.632,82.264],[-75.616,82.23],[-75.457,82.136],[-75.373,82.116],[-75.298,82.143],[-75.203,82.147],[-75.02,82.126],[-74.974,82.181],[-74.963,82.219],[-74.877,82.242],[-74.744,82.213],[-74.59,82.213],[-74.434,82.25],[-74.416,82.365],[-74.72,82.401],[-74.804,82.481],[-74.804,82.562],[-74.635,82.611],[-74.545,82.623],[-74.36,82.609],[-74.264,82.638],[-73.825,82.62],[-73.522,82.552],[-73.451,82.508],[-73.425,82.453],[-73.462,82.407],[-73.385,82.315],[-73.276,82.301],[-73.151,82.31],[-72.98,82.358],[-72.913,82.444],[-72.831,82.451],[-72.776,82.361],[-72.692,82.33],[-72.615,82.33],[-72.57,82.377],[-72.56,82.454],[-72.523,82.48],[-72.442,82.406],[-72.35,82.409],[-72.277,82.431],[-72.221,82.526],[-72.008,82.602],[-71.96,82.67],[-71.99,82.73],[-71.951,82.798],[-71.894,82.816],[-71.7,82.825],[-71.604,82.768],[-71.514,82.751],[-71.439,82.769],[-70.955,82.749],[-70.866,82.807],[-70.799,82.797],[-70.813,82.727],[-70.708,82.701],[-70.573,82.776],[-69.978,82.835],[-69.764,82.807],[-69.54,82.717],[-69.615,82.657],[-69.711,82.634],[-69.928,82.621],[-70.106,82.671],[-70.178,82.649],[-70.299,82.569],[-70.537,82.463],[-70.558,82.41],[-70.545,82.373],[-70.463,82.32],[-69.94,82.304],[-69.658,82.329],[-69.536,82.312],[-69.351,82.337],[-69.302,82.374],[-68.814,82.468],[-68.705,82.449],[-68.686,82.385],[-68.882,82.314],[-68.934,82.262],[-69.068,82.193],[-69.254,82.179],[-69.542,82.186],[-70.006,82.133],[-70.356,82.144],[-70.423,82.116],[-70.631,82.155],[-70.693,82.211],[-70.639,82.275],[-70.654,82.308],[-70.782,82.221],[-70.801,82.172],[-70.852,82.149],[-70.91,82.172],[-71.006,82.083],[-71.128,82.067],[-71.28,82.11],[-71.39,82.1],[-71.465,82.136],[-71.563,82.141],[-71.618,82.115],[-71.655,82.069],[-71.805,82.0],[-72.243,81.979],[-72.328,81.936],[-72.659,81.909],[-72.94,81.837],[-73.009,81.867],[-72.988,81.948],[-73.05,81.996],[-73.096,81.998],[-73.156,81.962],[-73.149,81.903],[-73.31,81.849],[-73.826,81.796],[-73.91,81.718],[-74.016,81.7],[-74.246,81.732],[-74.34,81.673],[-74.406,81.658],[-74.469,81.675],[-75.07,81.665],[-75.267,81.609],[-75.282,81.552],[-75.441,81.497],[-75.704,81.519],[-75.669,81.541],[-75.451,81.567],[-75.397,81.687],[-75.462,81.743],[-75.789,81.758],[-76.036,81.72],[-76.134,81.589],[-76.212,81.554],[-76.276,81.568],[-76.301,81.614],[-76.25,81.677],[-76.252,81.759],[-76.276,81.791],[-76.366,81.809],[-76.44,81.743],[-76.462,81.696],[-76.583,81.673],[-76.768,81.683],[-76.959,81.665],[-77.055,81.633],[-77.281,81.605],[-77.592,81.656],[-77.725,81.656],[-77.854,81.678],[-77.911,81.667],[-78.119,81.732],[-78.195,81.732],[-78.35,81.797],[-78.335,81.842],[-78.268,81.871],[-78.286,81.932],[-78.475,81.948],[-78.53,81.889],[-78.608,81.881],[-78.769,81.997],[-78.852,82.015],[-78.92,82.053],[-78.96,82.121],[-79.021,82.134],[-79.065,82.114],[-79.077,82.065],[-79.056,81.99],[-79.138,81.923],[-79.299,81.933],[-79.34,82.039],[-79.26,82.147],[-79.232,82.222],[-79.312,82.248],[-79.351,82.222],[-79.386,82.168]]]},"properties":{"id":"NE50-0029","region":"03","areaKm2":10507.6,"massBalanceMwe":-0.057}},{"type":"Feature","id":"NE50-0030","geometry":{"type":"Polygon","coordinates":[[[-69.697,80.878],[-69.697,80.878],[-69.697,80.878],[-69.622,80.833],[-69.547,80.818],[-69.565,80.737],[-69.801,80.691],[-69.893,80.593],[-70.01,80.564],[-70.175,80.564],[-70.292,80.583],[-70.372,80.666],[-70.474,80.589],[-70.651,80.628],[-70.77,80.619],[-70.825,80.608],[-70.885,80.565],[-70.822,80.513],[-70.907,80.458],[-70.985,80.44],[-71.212,80.423],[-71.388,80.501],[-71.468,80.498],[-71.572,80.473],[-71.617,80.421],[-71.741,80.392],[-72.253,80.337],[-72.523,80.257],[-72.666,80.305],[-72.819,80.414],[-72.887,80.426],[-72.953,80.361],[-72.93,80.293],[-72.942,80.208],[-72.963,80.158],[-73.039,80.072],[-73.039,80.027],[-73.147,79.979],[-73.365,79.945],[-73.644,79.93],[-73.993,79.947],[-74.482,80.071],[-74.608,80.122],[-74.701,80.088],[-74.745,79.939],[-74.792,79.844],[-74.848,79.808],[-74.934,79.853],[-75.018,79.86],[-75.079,79.829],[-75.324,79.863],[-75.423,79.836],[-75.482,79.714],[-75.435,79.643],[-75.5,79.584],[-75.652,79.628],[-75.817,79.632],[-76.198,79.626],[-76.419,79.582],[-76.568,79.583],[-76.637,79.611],[-77.188,79.638],[-77.268,79.739],[-78.278,79.777],[-78.487,79.764],[-78.64,79.726],[-78.794,79.782],[-78.894,79.793],[-79.001,79.776],[-79.4,79.852],[-79.922,79.79],[-80.101,79.797],[-80.214,79.764],[-80.33,79.793],[-80.843,79.779],[-80.869,79.831],[-80.516,79.906],[-80.445,79.966],[-80.507,80.054],[-80.581,80.03],[-80.718,80.067],[-80.709,80.121],[-80.653,80.133],[-80.507,80.132],[-80.38,80.17],[-80.105,80.168],[-79.971,80.185],[-79.897,80.229],[-79.819,80.24],[-79.747,80.202],[-79.655,80.195],[-79.49,80.24],[-79.364,80.221],[-78.887,80.346],[-78.489,80.4],[-78.221,80.501],[-78.154,80.466],[-78.136,80.433],[-78.071,80.386],[-77.938,80.31],[-77.735,80.299],[-77.634,80.33],[-77.64,80.428],[-77.768,80.458],[-77.792,80.51],[-77.559,80.468],[-77.41,80.479],[-77.367,80.547],[-77.391,80.587],[-77.467,80.635],[-77.229,80.662],[-76.778,80.662],[-76.515,80.653],[-76.379,80.628],[-76.312,80.662],[-76.295,80.696],[-76.239,80.705],[-76.179,80.636],[-76.059,80.616],[-75.981,80.623],[-75.858,80.666],[-75.833,80.761],[-75.734,80.818],[-75.414,80.801],[-75.281,80.842],[-75.185,80.831],[-74.916,80.873],[-74.598,80.958],[-74.414,80.958],[-74.263,80.98],[-74.08,81.059],[-73.534,81.097],[-73.3,81.05],[-73.218,81.074],[-72.77,81.092],[-72.619,81.058],[-72.582,80.987],[-72.423,80.909],[-72.002,80.909],[-71.574,80.931],[-71.399,80.958],[-71.286,80.932],[-71.073,81.114],[-71.008,81.134],[-70.934,81.133],[-70.894,81.053],[-70.96,81.023],[-71.102,80.856],[-71.211,80.837],[-71.295,80.887],[-71.421,80.886],[-71.688,80.811],[-71.751,80.834],[-71.824,80.833],[-72.05,80.744],[-72.05,80.663],[-72.017,80.615],[-71.974,80.576],[-71.863,80.56],[-71.621,80.631],[-71.505,80.698],[-71.375,80.713],[-71.249,80.695],[-71.097,80.727],[-70.925,80.802],[-70.538,80.869],[-70.188,80.973],[-69.767,80.949],[-69.697,80.878]],[[-73.146,80.279],[-73.146,80.279],[-73.146,80.279],[-73.058,80.318],[-73.082,80.412],[-73.149,80.405],[-73.214,80.369],[-73.346,80.336],[-73.469,80.385],[-73.549,80.361],[-73.576,80.235],[-73.614,80.187],[-73.543,80.118],[-73.362,80.094],[-73.243,80.131],[-73.208,80.215],[-73.146,80.279]]]},"properties":{"id":"NE50-0030","region":"03","areaKm2":15767.5,"massBalanceMwe":-0.057}},{"type":"Feature","id":"NE50-0031","geometry":{"type":"Polygon","coordinates":[[[-93.94,79.866],[-93.94,79.866],[-93.94,79.866],[-94.174,79.87],[-94.207,79.884],[-94.166,79.937],[-94.036,79.929],[-93.938,79.964],[-93.913,80.039],[-93.834,80.051],[-93.795,79.972],[-93.683,79.942],[-93.609,79.976],[-93.56,80.022],[-93.428,80.075],[-93.266,80.116],[-93.002,80.09],[-92.997,80.181],[-93.054,80.195],[-93.252,80.194],[-93.365,80.223],[-93.566,80.218],[-93.622,80.234],[-93.629,80.296],[-93.514,80.315],[-93.422,80.299],[-93.386,80.367],[-93.455,80.415],[-93.456,80.486],[-93.42,80.504],[-92.988,80.515],[-92.482,80.469],[-92.28,80.424],[-92.034,80.422],[-91.985,80.333],[-92.031,80.303],[-92.305,80.272],[-92.52,80.298],[-92.569,80.224],[-92.487,80.169],[-92.359,80.143],[-92.08,80.183],[-92.018,80.217],[-91.862,80.236],[-91.737,80.224],[-91.501,80.158],[-91.427,80.187],[-91.332,80.189],[-91.162,80.158],[-91.077,80.09],[-90.805,79.988],[-90.625,79.954],[-90.416,79.954],[-90.07,79.9],[-89.972,79.868],[-89.978,79.816],[-89.871,79.756],[-89.67,79.765],[-89.591,79.701],[-89.637,79.674],[-89.701,79.599],[-89.654,79.551],[-89.439,79.529],[-89.133,79.536],[-89.001,79.511],[-88.918,79.468],[-88.676,79.431],[-88.601,79.354],[-88.543,79.257],[-88.531,79.201],[-88.614,79.158],[-88.623,79.072],[-88.562,79.007],[-88.52,78.81],[-88.606,78.768],[-88.874,78.879],[-89.007,78.863],[-89.359,78.964],[-89.523,78.958],[-89.602,78.975],[-89.653,79.029],[-89.624,79.078],[-89.539,79.08],[-89.454,79.119],[-89.417,79.156],[-89.389,79.204],[-89.38,79.287],[-89.41,79.3],[-89.508,79.315],[-89.613,79.294],[-89.74,79.332],[-90.006,79.345],[-90.101,79.396],[-90.299,79.421],[-90.362,79.471],[-90.59,79.472],[-90.836,79.511],[-91.251,79.476],[-91.642,79.527],[-91.982,79.541],[-92.165,79.523],[-92.246,79.601],[-92.291,79.622],[-92.364,79.621],[-92.434,79.567],[-92.573,79.55],[-92.675,79.565],[-92.903,79.64],[-93.147,79.595],[-93.279,79.683],[-93.316,79.753],[-93.651,79.79],[-93.94,79.866]]]},"properties":{"id":"NE50-0031","region":"03","areaKm2":7038.9,"massBalanceMwe":-0.057}},{"type":"Feature","id":"NE50-0032","geometry":{"type":"Polygon","coordinates":[[[-89.441,78.815],[-89.441,78.815],[-89.441,78.815],[-89.358,78.767],[-89.211,78.575],[-89.274,78.507],[-89.571,78.563],[-89.718,78.656],[-89.848,78.685],[-89.932,78.685],[-89.979,78.746],[-89.984,78.796],[-90.032,78.862],[-90.093,78.86],[-90.141,78.806],[-90.127,78.747],[-90.159,78.666],[-90.255,78.545],[-90.434,78.447],[-90.574,78.451],[-90.843,78.534],[-90.946,78.529],[-91.026,78.561],[-91.073,78.52],[-91.012,78.485],[-91.065,78.38],[-91.17,78.368],[-91.457,78.379],[-91.531,78.413],[-91.521,78.516],[-91.362,78.567],[-91.326,78.659],[-91.575,78.685],[-91.638,78.671],[-91.703,78.688],[-91.757,78.738],[-91.818,78.737],[-91.867,78.665],[-91.922,78.67],[-91.949,78.688],[-91.96,78.755],[-91.891,78.836],[-91.717,78.932],[-91.21,78.965],[-91.139,79.014],[-91.05,79.017],[-90.969,78.961],[-90.883,78.955],[-90.826,79.002],[-90.71,79.006],[-90.455,78.934],[-90.248,78.926],[-90.057,78.938],[-89.441,78.815]]]},"properties":{"id":"NE50-0032","region":"03","areaKm2":2283.0,"massBalanceMwe":-0.057}},{"type":"Feature","id":"NE50-0033","geometry":{"type":"Polygon","coordinates":[[[-79.047,78.982],[-79.047,78.982],[-79.047,78.982],[-78.801,78.978],[-78.486,78.998],[-78.232,78.992],[-78.123,78.953],[-78.27,78.889],[-78.331,78.845],[-78.415,78.699],[-78.415,78.639],[-78.164,78.641],[-78.075,78.72],[-77.843,78.86],[-77.725,78.886],[-77.611,78.908],[-77.037,78.937],[-76.817,78.927],[-76.689,78.94],[-76.602,78.905],[-76.594,78.829],[-76.456,78.771],[-75.94,78.805],[-75.754,78.791],[-75.306,78.796],[-75.002,78.75],[-74.916,78.697],[-74.964,78.603],[-75.038,78.594],[-75.43,78.562],[-76.398,78.583],[-76.543,78.572],[-76.614,78.548],[-76.614,78.478],[-76.572,78.46],[-76.303,78.482],[-76.1,78.436],[-75.764,78.398],[-75.632,78.315],[-75.769,78.277],[-75.93,78.268],[-76.533,78.292],[-76.696,78.283],[-76.814,78.168],[-76.664,78.137],[-76.329,78.107],[-76.306,78.061],[-76.365,78.048],[-76.811,77.97],[-77.003,77.956],[-77.18,77.986],[-77.721,77.987],[-77.953,77.998],[-78.111,78.024],[-78.312,77.989],[-78.362,77.964],[-78.373,77.871],[-78.323,77.841],[-78.207,77.816],[-78.134,77.751],[-78.1,77.578],[-78.142,77.533],[-78.284,77.441],[-78.557,77.393],[-78.699,77.384],[-78.797,77.409],[-79.288,77.398],[-79.451,77.366],[-79.553,77.357],[-79.735,77.371],[-79.985,77.335],[-80.418,77.359],[-80.488,77.385],[-81.006,77.444],[-81.112,77.486],[-81.178,77.532],[-81.185,77.596],[-81.226,77.654],[-81.562,77.752],[-81.595,77.811],[-81.507,77.869],[-81.521,77.991],[-81.66,78.041],[-81.71,78.119],[-81.632,78.173],[-81.619,78.248],[-81.665,78.295],[-81.654,78.355],[-81.569,78.42],[-81.561,78.522],[-81.637,78.605],[-81.557,78.696],[-81.188,78.705],[-80.92,78.768],[-80.897,78.865],[-80.985,78.922],[-81.019,78.973],[-81.0,78.987],[-80.932,79.016],[-80.849,79.015],[-80.553,79.064],[-80.193,79.041],[-79.647,79.084],[-79.249,79.091],[-79.204,79.035],[-79.196,78.995],[-79.129,78.962],[-79.047,78.982]]]},"properties":{"id":"NE50-0033","region":"03","areaKm2":17922.8,"massBalanceMwe":-0.057}},{"type":"Feature","id":"NE50-0034","geometry":{"type":"Polygon","coordinates":[[[-85.471,74.886],[-85.471,74.886],[-85.471,74.886],[-85.88,74.789],[-85.904,74.841],[-85.733,74.938],[-85.557,74.929],[-85.472,75.001],[-85.543,75.077],[-85.6,75.089],[-85.642,75.162],[-85.604,75.187],[-85.337,75.165],[-84.988,75.08],[-84.842,75.094],[-84.65,75.207],[-84.62,75.267],[-84.646,75.334],[-84.423,75.463],[-84.186,75.518],[-83.39,75.586],[-83.271,75.536],[-83.184,75.545],[-83.141,75.613],[-82.986,75.664],[-82.323,75.789],[-81.719,75.754],[-81.318,75.712],[-81.271,75.692],[-81.248,75.666],[-81.128,75.613],[-80.918,75.6],[-80.517,75.609],[-80.436,75.596],[-80.349,75.49],[-80.292,75.464],[-80.019,75.43],[-79.71,75.417],[-79.657,75.395],[-79.675,75.323],[-79.899,75.297],[-79.991,75.235],[-80.148,75.205],[-80.348,75.206],[-80.411,75.089],[-80.38,74.963],[-80.378,74.863],[-80.312,74.818],[-80.322,74.731],[-80.382,74.705],[-80.586,74.671],[-80.819,74.664],[-80.882,74.643],[-80.957,74.646],[-81.035,74.695],[-81.128,74.698],[-81.325,74.663],[-81.381,74.633],[-81.586,74.62],[-81.651,74.573],[-81.722,74.559],[-81.784,74.576],[-82.021,74.556],[-82.148,74.58],[-82.35,74.707],[-82.627,74.796],[-82.673,74.869],[-82.75,74.91],[-82.937,74.925],[-83.017,74.964],[-83.089,74.973],[-83.146,74.957],[-83.221,74.979],[-83.318,75.04],[-83.398,75.054],[-83.501,75.025],[-83.583,74.966],[-83.658,74.968],[-83.693,75.022],[-83.971,75.11],[-84.123,75.117],[-84.241,75.103],[-84.307,75.057],[-84.386,75.029],[-84.572,74.991],[-84.662,74.853],[-84.653,74.795],[-84.716,74.789],[-84.821,74.842],[-84.966,74.851],[-85.271,74.822],[-85.336,74.868],[-85.471,74.886]]]},"properties":{"id":"NE50-0034","region":"03","areaKm2":12354.3,"massBalanceMwe":-0.057}},{"type":"Feature","id":"NE50-0035","geometry":{"type":"Polygon","coordinates":[[[-75.905,72.157],[-75.905,72.157],[-75.905,72.157],[-76.034,72.135],[-76.49,71.879],[-76.749,71.821],[-77.135,71.861],[-77.338,71.966],[-77.401,71.966],[-77.553,72.018],[-77.54,72.068],[-77.277,72.081],[-77.12,72.074],[-76.77,72.003],[-76.654,72.018],[-76.642,72.104],[-76.681,72.14],[-76.727,72.167],[-77.019,72.233],[-77.059,72.332],[-76.943,72.479],[-76.78,72.569],[-76.607,72.59],[-76.491,72.52],[-76.467,72.304],[-76.519,72.22],[-76.447,72.147],[-76.341,72.169],[-76.346,72.238],[-76.37,72.27],[-76.315,72.342],[-76.182,72.398],[-75.89,72.418],[-75.839,72.357],[-75.858,72.242],[-75.905,72.157]]]},"properties":{"id":"NE50-0035","region":"04","areaKm2":2167.2,"massBalanceMwe":-0.31}},{"type":"Feature","id":"NE50-0036","geometry":{"type":"Polygon","coordinates":[[[-144.232,69.182],[-144.232,69.182],[-144.232,69.182],[-144.32,69.255],[-144.334,69.316],[-144.307,69.355],[-144.18,69.355],[-144.115,69.217],[-144.039,69.174],[-143.917,69.211],[-143.87,69.295],[-143.801,69.332],[-143.741,69.313],[-143.75,69.223],[-143.939,69.033],[-144.038,68.988],[-144.098,69.022],[-144.066,69.101],[-144.113,69.137],[-144.153,69.14],[-144.232,69.182]]]},"properties":{"id":"NE50-0036","region":"01","areaKm2":400.3,"massBalanceMwe":-0.711}},{"type":"Feature","id":"NE50-0037","geometry":{"type":"Polygon","coordinates":[[[-146.044,63.516],[-146.044,63.516],[-146.044,63.516],[-145.969,63.46],[-145.966,63.355],[-146.521,63.304],[-146.678,63.307],[-146.72,63.387],[-146.77,63.373],[-146.913,63.478],[-147.008,63.491],[-147.186,63.461],[-147.287,63.476],[-147.492,63.413],[-147.565,63.428],[-147.596,63.491],[-147.831,63.511],[-147.854,63.642],[-147.757,63.692],[-147.633,63.704],[-147.497,63.662],[-147.475,63.585],[-147.391,63.567],[-147.216,63.626],[-147.18,63.685],[-147.115,63.703],[-147.063,63.658],[-147.005,63.64],[-146.952,63.672],[-146.915,63.653],[-146.949,63.6],[-146.883,63.52],[-146.803,63.522],[-146.727,63.549],[-146.632,63.609],[-146.613,63.664],[-146.568,63.657],[-146.545,63.541],[-146.43,63.441],[-146.37,63.495],[-146.415,63.63],[-146.394,63.701],[-146.362,63.646],[-146.283,63.569],[-146.044,63.516]]]},"properties":{"id":"NE50-0037","region":"01","areaKm2":1991.9,"massBalanceMwe":-0.711}},{"type":"Feature","id":"NE50-0038","geometry":{"type":"Polygon","coordinates":[[[-152.698,62.372],[-152.698,62.372],[-152.698,62.372],[-152.806,62.365],[-152.864,62.43],[-152.823,62.543],[-152.769,62.594],[-152.729,62.54],[-152.518,62.503],[-152.454,62.459],[-152.446,62.366],[-152.493,62.335],[-152.698,62.372]]]},"properties":{"id":"NE50-0038","region":"01","areaKm2":376.0,"massBalanceMwe":-0.711}},{"type":"Feature","id":"NE50-0039","geometry":{"type":"Polygon","coordinates":[[[-148.552,62.214],[-148.552,62.214],[-148.552,62.214],[-148.429,62.16],[-148.369,62.101],[-148.378,62.05],[-148.434,62.007],[-148.624,61.975],[-148.668,61.985],[-148.743,61.964],[-148.857,61.898],[-148.959,61.925],[-149.007,61.988],[-148.965,62.048],[-148.848,62.064],[-148.789,62.117],[-148.807,62.18],[-148.801,62.223],[-148.75,62.243],[-148.66,62.243],[-148.552,62.214]]]},"properties":{"id":"NE50-0039","region":"01","areaKm2":707.3,"massBalanceMwe":-0.711}},{"type":"Feature","id":"NE50-0040","geometry":{"type":"Polygon","coordinates":[[[-153.673,61.714],[-153.673,61.714],[-153.673,61.714],[-153.781,61.611],[-153.831,61.521],[-153.843,61.456],[-153.886,61.431],[-153.943,61.431],[-153.989,61.452],[-154.019,61.498],[-154.031,61.648],[-154.094,61.656],[-154.14,61.597],[-154.221,61.6],[-154.257,61.634],[-154.276,61.689],[-154.258,61.761],[-154.2,61.799],[-154.095,61.758],[-154.015,61.777],[-153.985,61.895],[-153.912,61.988],[-153.763,61.964],[-153.676,61.894],[-153.658,61.805],[-153.673,61.714]]]},"properties":{"id":"NE50-0040","region":"01","areaKm2":1066.4,"massBalanceMwe":-0.711}},{"type":"Feature","id":"NE50-0041","geometry":{"type":"Polygon","coordinates":[[[-144.625,61.29],[-144.625,61.29],[-144.625,61.29],[-144.522,61.249],[-144.485,61.189],[-144.485,61.139],[-144.556,61.068],[-144.643,61.065],[-144.721,61.092],[-144.764,61.193],[-144.715,61.261],[-144.625,61.29]]]},"properties":{"id":"NE50-0041","region":"01","areaKm2":277.3,"massBalanceMwe":-0.711}},{"type":"Feature","id":"NE50-0042","geometry":{"type":"Polygon","coordinates":[[[-149.9,59.782],[-149.9,59.782],[-149.9,59.782],[-149.937,59.794],[-149.968,59.782],[-150.005,59.784],[-150.016,59.777],[-149.995,59.753],[-150.009,59.729],[-150.211,59.664],[-150.252,59.692],[-150.31,59.683],[-150.364,59.645],[-150.6,59.63],[-150.659,59.704],[-150.652,59.755],[-150.591,59.828],[-150.606,59.872],[-150.547,59.936],[-150.335,60.065],[-150.314,60.112],[-150.041,60.272],[-149.979,60.25],[-149.806,60.275],[-149.681,60.203],[-149.578,60.065],[-149.578,59.981],[-149.621,59.944],[-149.675,59.968],[-149.758,59.932],[-149.833,59.823],[-149.9,59.782]]]},"properties":{"id":"NE50-0042","region":"01","areaKm2":2555.1,"massBalanceMwe":-0.711}},{"type":"Feature","id":"NE50-0043","geometry":{"type":"Polygon","coordinates":[[[-137.637,59.903],[-137.637,59.903],[-137.637,59.903],[-137.525,59.914],[-137.416,59.835],[-137.419,59.765],[-137.544,59.64],[-137.568,59.573],[-137.56,59.519],[-137.614,59.502],[-137.714,59.572],[-137.731,59.617],[-137.849,59.769],[-137.746,59.866],[-137.637,59.903]]]},"properties":{"id":"NE50-0043","region":"01","areaKm2":651.2,"massBalanceMwe":-0.711}},{"type":"Feature","id":"NE50-0044","geometry":{"type":"Polygon","coordinates":[[[-135.403,59.782],[-135.403,59.782],[-135.403,59.782],[-135.329,59.719],[-135.293,59.665],[-135.343,59.65],[-135.503,59.453],[-135.591,59.405],[-135.638,59.45],[-135.788,59.535],[-135.815,59.6],[-135.785,59.716],[-135.873,59.793],[-135.887,59.839],[-135.88,59.853],[-135.759,59.866],[-135.644,59.862],[-135.53,59.848],[-135.403,59.782]]]},"properties":{"id":"NE50-0044","region":"01","areaKm2":1029.9,"massBalanceMwe":-0.711}},{"type":"Feature","id":"NE50-0045","geometry":{"type":"Polygon","coordinates":[[[-150.868,59.707],[-150.868,59.707],[-150.868,59.707],[-150.782,59.707],[-150.706,59.617],[-150.741,59.46],[-150.777,59.427],[-151.067,59.374],[-151.145,59.434],[-151.032,59.547],[-150.947,59.679],[-150.868,59.707]]]},"properties":{"id":"NE50-0045","region":"01","areaKm2":571.6,"massBalanceMwe":-0.711}},{"type":"Feature","id":"NE50-0046","geometry":{"type":"Polygon","coordinates":[[[-153.737,58.708],[-153.737,58.708],[-153.737,58.708],[-153.823,58.718],[-153.833,58.782],[-153.761,58.851],[-153.654,58.918],[-153.495,58.94],[-153.424,58.872],[-153.431,58.815],[-153.492,58.753],[-153.737,58.708]]]},"properties":{"id":"NE50-0046","region":"01","areaKm2":410.7,"massBalanceMwe":-0.711}},{"type":"Feature","id":"NE50-0047","geometry":{"type":"Polygon","coordinates":[[[-154.402,58.52],[-154.402,58.52],[-154.402,58.52],[-154.268,58.49],[-154.251,58.405],[-154.616,58.253],[-154.738,58.239],[-154.873,58.256],[-155.046,58.227],[-155.069,58.298],[-155.028,58.321],[-154.692,58.39],[-154.543,58.475],[-154.402,58.52]]]},"properties":{"id":"NE50-0047","region":"01","areaKm2":719.3,"massBalanceMwe":-0.711}},{"type":"Feature","id":"NE50-0048","geometry":{"type":"Polygon","coordinates":[[[-133.04,58.299],[-133.04,58.299],[-133.04,58.299],[-133.165,58.293],[-133.442,58.241],[-133.467,58.299],[-133.528,58.341],[-133.636,58.319],[-133.685,58.389],[-133.618,58.471],[-133.542,58.497],[-133.448,58.472],[-133.263,58.522],[-133.164,58.489],[-133.135,58.455],[-133.055,58.408],[-132.877,58.51],[-132.795,58.462],[-132.78,58.417],[-132.829,58.362],[-132.925,58.373],[-133.009,58.358],[-133.04,58.299]]]},"properties":{"id":"NE50-0048","region":"01","areaKm2":935.6,"massBalanceMwe":-0.711}},{"type":"Feature","id":"NE50-0049","geometry":{"type":"Polygon","coordinates":[[[-130.894,57.087],[-130.894,57.087],[-130.894,57.087],[-130.802,57.128],[-130.731,57.094],[-130.75,57.047],[-130.846,56.97],[-130.838,56.92],[-130.995,56.77],[-131.435,56.769],[-131.591,56.789],[-131.632,56.871],[-131.622,56.908],[-131.563,56.954],[-131.4,56.968],[-131.425,57.022],[-131.511,57.083],[-131.493,57.155],[-131.426,57.144],[-131.327,57.175],[-131.3,57.195],[-131.289,57.243],[-131.35,57.277],[-131.413,57.263],[-131.5,57.282],[-131.556,57.316],[-131.602,57.361],[-131.569,57.472],[-131.49,57.499],[-131.399,57.5],[-131.284,57.476],[-131.231,57.512],[-131.178,57.513],[-131.174,57.464],[-131.14,57.42],[-131.085,57.387],[-130.969,57.16],[-130.894,57.087]]]},"properties":{"id":"NE50-0049","region":"01","areaKm2":2692.8,"massBalanceMwe":-0.711}},{"type":"Feature","id":"NE50-0050","geometry":{"type":"Polygon","coordinates":[[[-129.446,55.956],[-129.446,55.956],[-129.446,55.956],[-129.456,55.812],[-129.684,55.678],[-129.921,55.738],[-129.953,55.806],[-129.874,55.971],[-129.809,56.021],[-129.823,56.133],[-129.888,56.184],[-129.966,56.217],[-130.06,56.225],[-130.058,56.111],[-130.121,56.033],[-130.121,55.982],[-130.148,55.924],[-130.213,55.868],[-130.411,55.84],[-130.538,55.876],[-130.573,55.959],[-130.559,56.174],[-130.622,56.198],[-130.642,56.261],[-130.632,56.297],[-130.573,56.347],[-130.531,56.323],[-130.421,56.339],[-130.381,56.465],[-130.337,56.485],[-130.33,56.511],[-130.382,56.537],[-130.341,56.608],[-130.201,56.63],[-129.953,56.575],[-129.878,56.543],[-129.845,56.443],[-129.921,56.42],[-129.951,56.378],[-129.863,56.303],[-129.816,56.287],[-129.731,56.328],[-129.66,56.327],[-129.627,56.298],[-129.58,56.206],[-129.591,56.149],[-129.553,56.065],[-129.446,55.956]]]},"properties":{"id":"NE50-0050","region":"01","areaKm2":4105.2,"massBalanceMwe":-0.711}},{"type":"Feature","id":"NE50-0051","geometry":{"type":"Polygon","coordinates":[[[-130.845,56.561],[-130.845,56.561],[-130.845,56.561],[-130.786,56.535],[-130.733,56.464],[-130.781,56.411],[-130.944,56.409],[-130.97,56.355],[-130.957,56.286],[-131.009,56.241],[-131.207,56.299],[-131.268,56.358],[-131.257,56.438],[-131.226,56.465],[-131.133,56.514],[-131.048,56.49],[-130.999,56.582],[-130.908,56.584],[-130.845,56.561]]]},"properties":{"id":"NE50-0051","region":"01","areaKm2":684.8,"massBalanceMwe":-0.711}},{"type":"Feature","id":"NE50-0052","geometry":{"type":"Polygon","coordinates":[[[-159.406,56.273],[-159.406,56.273],[-159.406,56.273],[-159.294,56.252],[-159.271,56.091],[-159.37,56.067],[-159.474,56.079],[-159.515,56.237],[-159.406,56.273]]]},"properties":{"id":"NE50-0052","region":"01","areaKm2":270.8,"massBalanceMwe":-0.711}},{"type":"Feature","id":"NE50-0053","geometry":{"type":"Polygon","coordinates":[[[-129.125,54.676],[-129.125,54.676],[-129.125,54.676],[-129.098,54.637],[-129.079,54.581],[-129.128,54.524],[-129.294,54.587],[-129.451,54.534],[-129.522,54.554],[-129.524,54.625],[-129.463,54.734],[-129.444,54.834],[-129.352,54.931],[-129.303,54.905],[-129.288,54.866],[-129.321,54.801],[-129.271,54.725],[-129.125,54.676]]]},"properties":{"id":"NE50-0053","region":"01","areaKm2":651.4,"massBalanceMwe":-0.711}},{"type":"Feature","id":"NE50-0054","geometry":{"type":"Polygon","coordinates":[[[-127.852,53.819],[-127.852,53.819],[-127.852,53.819],[-127.803,53.782],[-127.786,53.733],[-127.866,53.61],[-127.934,53.605],[-128.051,53.715],[-128.111,53.66],[-128.157,53.741],[-128.096,53.891],[-128.073,54.0],[-128.099,54.075],[-128.081,54.129],[-128.031,54.154],[-127.985,54.087],[-127.962,53.953],[-127.884,53.918],[-127.828,53.937],[-127.801,53.908],[-127.847,53.873],[-127.852,53.819]]]},"properties":{"id":"NE50-0054","region":"02","areaKm2":785.8,"massBalanceMwe":-1.86}},{"type":"Feature","id":"NE50-0055","geometry":{"type":"Polygon","coordinates":[[[-127.212,52.907],[-127.212,52.907],[-127.212,52.907],[-127.173,52.862],[-127.164,52.823],[-127.213,52.795],[-127.364,52.775],[-127.426,52.907],[-127.427,52.981],[-127.4,53.007],[-127.378,53.087],[-127.456,53.119],[-127.479,53.148],[-127.459,53.181],[-127.429,53.188],[-127.361,53.154],[-127.241,53.068],[-127.212,52.907]]]},"properties":{"id":"NE50-0055","region":"02","areaKm2":515.4,"massBalanceMwe":-1.86}},{"type":"Feature","id":"NE50-0056","geometry":{"type":"Polygon","coordinates":[[[-119.632,52.848],[-119.632,52.848],[-119.632,52.848],[-119.562,52.823],[-119.545,52.774],[-119.636,52.658],[-119.717,52.643],[-119.763,52.615],[-119.793,52.629],[-119.845,52.606],[-119.891,52.532],[-119.958,52.504],[-120.023,52.516],[-120.034,52.575],[-119.946,52.625],[-119.946,52.702],[-120.025,52.735],[-120.167,52.83],[-120.236,52.814],[-120.253,52.757],[-120.302,52.742],[-120.339,52.759],[-120.354,52.809],[-120.335,52.844],[-120.257,52.896],[-120.23,52.94],[-120.176,52.969],[-120.136,52.967],[-120.041,52.918],[-119.91,52.74],[-119.861,52.758],[-119.89,52.813],[-119.878,52.882],[-119.804,52.928],[-119.729,52.924],[-119.632,52.848]]]},"properties":{"id":"NE50-0056","region":"02","areaKm2":1171.0,"massBalanceMwe":-1.86}},{"type":"Feature","id":"NE50-0057","geometry":{"type":"Polygon","coordinates":[[[-125.793,51.672],[-125.793,51.672],[-125.793,51.672],[-125.697,51.589],[-125.694,51.493],[-125.786,51.273],[-125.748,51.215],[-125.768,51.159],[-125.846,51.13],[-125.907,51.165],[-125.952,51.223],[-126.004,51.247],[-126.048,51.233],[-126.092,51.24],[-126.174,51.342],[-126.239,51.374],[-126.506,51.451],[-126.54,51.488],[-126.506,51.551],[-126.362,51.525],[-126.32,51.546],[-126.24,51.628],[-126.285,51.665],[-126.387,51.675],[-126.406,51.699],[-126.369,51.729],[-126.328,51.755],[-126.146,51.765],[-126.088,51.791],[-126.082,51.817],[-126.128,51.867],[-126.3,51.942],[-126.447,52.052],[-126.466,52.092],[-126.453,52.129],[-126.406,52.158],[-126.32,52.174],[-126.288,52.227],[-126.309,52.283],[-126.29,52.326],[-126.239,52.347],[-126.015,52.126],[-125.986,52.059],[-125.911,52.024],[-125.828,52.036],[-125.808,51.975],[-125.828,51.918],[-125.828,51.791],[-125.862,51.726],[-125.847,51.685],[-125.793,51.672]]]},"properties":{"id":"NE50-0057","region":"02","areaKm2":3867.3,"massBalanceMwe":-1.86}},{"type":"Feature","id":"NE50-0058","geometry":{"type":"Polygon","coordinates":[[[-125.203,51.49],[-125.203,51.49],[-125.203,51.49],[-125.047,51.372],[-125.04,51.28],[-125.143,51.179],[-125.13,51.058],[-125.105,50.989],[-125.207,50.95],[-125.289,50.988],[-125.355,51.041],[-125.535,51.24],[-125.556,51.341],[-125.523,51.418],[-125.365,51.453],[-125.322,51.5],[-125.301,51.563],[-125.248,51.548],[-125.203,51.49]]]},"properties":{"id":"NE50-0058","region":"02","areaKm2":1451.6,"massBalanceMwe":-1.86}},{"type":"Feature","id":"NE50-0059","geometry":{"type":"Polygon","coordinates":[[[-124.394,51.018],[-124.394,51.018],[-124.394,51.018],[-124.456,50.928],[-124.558,50.911],[-124.618,50.938],[-124.74,51.056],[-124.834,51.107],[-124.82,51.181],[-124.711,51.233],[-124.672,51.298],[-124.595,51.319],[-124.491,51.262],[-124.419,51.248],[-124.377,51.295],[-124.322,51.248],[-124.371,51.136],[-124.394,51.018]]]},"properties":{"id":"NE50-0059","region":"02","areaKm2":1007.3,"massBalanceMwe":-1.86}},{"type":"Feature","id":"NE50-0060","geometry":{"type":"Polygon","coordinates":[[[-123.652,51.04],[-123.652,51.04],[-123.652,51.04],[-123.535,50.898],[-123.529,50.814],[-123.595,50.765],[-123.687,50.728],[-123.7,50.659],[-123.658,50.621],[-123.643,50.55],[-123.651,50.466],[-123.692,50.437],[-123.735,50.454],[-123.758,50.432],[-123.758,50.382],[-123.805,50.325],[-123.862,50.322],[-123.912,50.345],[-123.928,50.436],[-123.898,50.577],[-123.838,50.598],[-123.86,50.678],[-123.925,50.696],[-124.088,50.686],[-124.172,50.739],[-124.294,50.726],[-124.469,50.665],[-124.538,50.714],[-124.471,50.744],[-124.333,50.902],[-124.14,50.904],[-124.125,50.972],[-124.219,51.018],[-124.259,51.076],[-124.211,51.124],[-124.126,51.093],[-124.061,50.979],[-123.987,50.938],[-123.934,51.039],[-123.851,51.083],[-123.737,51.085],[-123.652,51.04]]]},"properties":{"id":"NE50-0060","region":"02","areaKm2":2585.7,"massBalanceMwe":-1.86}},{"type":"Feature","id":"NE50-0061","geometry":{"type":"Polygon","coordinates":[[[-123.293,50.432],[-123.293,50.432],[-123.293,50.432],[-123.204,50.39],[-123.161,50.344],[-123.19,50.308],[-123.298,50.296],[-123.451,50.253],[-123.501,50.307],[-123.449,50.509],[-123.369,50.534],[-123.319,50.489],[-123.293,50.432]]]},"properties":{"id":"NE50-0061","region":"02","areaKm2":431.4,"massBalanceMwe":-1.86}},{"type":"Feature","id":"NE50-0062","geometry":{"type":"Polygon","coordinates":[[[-144.307,63.196],[-144.307,63.196],[-144.307,63.196],[-144.347,63.14],[-144.39,63.133],[-145.056,63.221],[-145.221,63.165],[-145.285,63.209],[-145.548,63.278],[-145.656,63.352],[-145.704,63.446],[-145.687,63.519],[-145.529,63.565],[-145.348,63.552],[-145.219,63.589],[-145.147,63.541],[-145.049,63.3],[-144.993,63.289],[-144.945,63.357],[-144.874,63.395],[-144.785,63.408],[-144.683,63.296],[-144.574,63.234],[-144.433,63.259],[-144.326,63.228],[-144.307,63.196]]]},"properties":{"id":"NE50-0062","region":"01","areaKm2":1573.2,"massBalanceMwe":-0.711}},{"type":"Feature","id":"NE50-0063","geometry":{"type":"Polygon","coordinates":[[[-149.979,63.235],[-149.979,63.235],[-149.979,63.235],[-149.972,63.16],[-150.009,63.069],[-149.974,62.985],[-150.022,62.966],[-150.174,63.018],[-150.463,62.9],[-150.565,62.796],[-150.484,62.734],[-150.437,62.721],[-150.465,62.673],[-150.519,62.709],[-150.719,62.752],[-150.753,62.723],[-150.799,62.721],[-150.842,62.762],[-150.908,62.763],[-150.962,62.729],[-151.175,62.676],[-151.212,62.597],[-151.195,62.524],[-151.261,62.503],[-151.322,62.563],[-151.634,62.655],[-151.801,62.655],[-152.047,62.561],[-152.072,62.521],[-152.121,62.51],[-152.238,62.519],[-152.425,62.569],[-152.424,62.664],[-152.357,62.712],[-152.206,62.777],[-152.192,62.855],[-152.124,62.876],[-152.016,62.863],[-151.943,62.873],[-151.913,62.924],[-151.63,63.003],[-151.553,63.063],[-151.511,63.124],[-151.455,63.147],[-151.381,63.132],[-151.192,63.195],[-150.872,63.22],[-150.878,63.159],[-151.118,63.099],[-151.166,62.95],[-151.136,62.896],[-151.026,62.858],[-150.926,62.87],[-150.872,62.925],[-150.831,63.084],[-150.804,63.129],[-150.399,63.337],[-150.342,63.323],[-150.169,63.378],[-150.087,63.385],[-150.013,63.315],[-149.979,63.235]]]},"properties":{"id":"NE50-0063","region":"01","areaKm2":5128.0,"massBalanceMwe":-0.711}},{"type":"Feature","id":"NE50-0064","geometry":{"type":"Polygon","coordinates":[[[-142.077,61.896],[-142.077,61.896],[-142.077,61.896],[-142.019,61.798],[-142.017,61.7],[-142.083,61.67],[-142.176,61.71],[-142.232,61.67],[-142.191,61.618],[-142.248,61.586],[-142.364,61.71],[-142.423,61.68],[-142.439,61.652],[-142.506,61.636],[-142.63,61.647],[-142.708,61.61],[-142.842,61.595],[-142.899,61.564],[-142.916,61.497],[-142.997,61.493],[-143.114,61.56],[-143.458,61.584],[-143.539,61.635],[-143.494,61.697],[-143.537,61.75],[-143.592,61.742],[-143.627,61.669],[-143.689,61.649],[-143.8,61.778],[-143.875,61.819],[-143.955,61.839],[-144.093,61.821],[-144.133,61.859],[-144.281,61.939],[-144.335,61.997],[-144.347,62.048],[-144.318,62.202],[-144.341,62.263],[-144.275,62.339],[-144.091,62.35],[-143.972,62.324],[-143.913,62.269],[-143.922,62.214],[-143.933,62.192],[-143.877,62.137],[-143.739,62.202],[-143.628,62.189],[-143.578,62.118],[-143.47,62.089],[-143.278,62.002],[-143.225,62.051],[-143.176,62.136],[-143.061,62.137],[-143.015,62.106],[-142.956,62.116],[-142.917,62.171],[-142.851,62.137],[-142.856,62.022],[-142.841,61.983],[-142.71,62.149],[-142.692,62.222],[-142.727,62.289],[-142.641,62.292],[-142.568,62.253],[-142.462,62.09],[-142.342,62.048],[-142.077,61.896]]]},"properties":{"id":"NE50-0064","region":"01","areaKm2":6240.5,"massBalanceMwe":-0.711}},{"type":"Feature","id":"NE50-0065","geometry":{"type":"Polygon","coordinates":[[[-151.947,61.488],[-151.947,61.488],[-151.947,61.488],[-151.832,61.44],[-151.798,61.377],[-151.817,61.33],[-151.977,61.311],[-152.117,61.24],[-152.208,61.141],[-152.256,61.111],[-152.26,60.995],[-152.304,60.914],[-152.45,60.794],[-152.437,60.744],[-152.452,60.682],[-152.566,60.598],[-152.624,60.602],[-152.643,60.563],[-152.581,60.558],[-152.607,60.472],[-152.719,60.445],[-152.832,60.467],[-152.944,60.536],[-152.98,60.497],[-153.106,60.497],[-153.154,60.48],[-153.171,60.402],[-153.095,60.377],[-153.071,60.334],[-153.113,60.304],[-153.159,60.319],[-153.196,60.358],[-153.27,60.333],[-153.291,60.279],[-153.286,60.224],[-153.207,60.201],[-153.127,60.24],[-153.046,60.234],[-152.91,60.039],[-152.962,59.99],[-153.075,59.96],[-153.194,59.979],[-153.298,60.05],[-153.379,60.078],[-153.435,60.054],[-153.506,60.05],[-153.58,60.084],[-153.621,60.181],[-153.615,60.345],[-153.527,60.414],[-153.432,60.419],[-153.333,60.465],[-153.152,60.641],[-152.952,60.647],[-152.929,60.712],[-152.958,60.758],[-153.083,60.732],[-153.21,60.758],[-153.295,60.691],[-153.352,60.669],[-153.438,60.669],[-153.546,60.608],[-153.614,60.623],[-153.644,60.681],[-153.686,60.719],[-153.765,60.725],[-153.79,60.781],[-153.655,60.917],[-153.639,60.958],[-153.661,60.996],[-153.643,61.035],[-153.59,61.05],[-153.564,61.088],[-153.576,61.134],[-153.476,61.185],[-153.468,61.282],[-153.5,61.356],[-153.696,61.463],[-153.702,61.534],[-153.681,61.601],[-153.558,61.609],[-153.427,61.499],[-153.317,61.516],[-153.305,61.574],[-153.251,61.596],[-153.203,61.554],[-153.187,61.503],[-153.214,61.457],[-153.19,61.373],[-153.195,61.289],[-153.222,61.201],[-153.294,61.104],[-153.34,61.091],[-153.373,61.059],[-153.324,60.985],[-153.103,61.017],[-152.867,61.154],[-152.51,61.204],[-152.446,61.284],[-152.627,61.297],[-152.659,61.426],[-152.725,61.513],[-152.694,61.561],[-152.627,61.531],[-152.573,61.54],[-152.549,61.583],[-152.607,61.639],[-152.655,61.646],[-152.671,61.746],[-152.505,61.836],[-152.361,61.857],[-152.273,61.827],[-152.222,61.789],[-152.18,61.709],[-152.131,61.724],[-152.055,61.644],[-152.014,61.559],[-151.947,61.488]]]},"properties":{"id":"NE50-0065","region":"01","areaKm2":8769.7,"massBalanceMwe":-0.711}},{"type":"Feature","id":"NE50-0066","geometry":{"type":"Polygon","coordinates":[[[-148.192,61.141],[-148.192,61.141],[-148.192,61.141],[-148.325,61.112],[-148.38,61.041],[-148.389,61.037],[-148.411,61.011],[-148.396,61.007],[-148.381,61.011],[-148.373,60.941],[-148.42,60.887],[-148.642,60.826],[-148.688,60.758],[-148.669,60.709],[-148.613,60.697],[-148.521,60.717],[-148.49,60.641],[-148.656,60.502],[-148.663,60.486],[-148.637,60.465],[-148.569,60.485],[-148.459,60.493],[-148.368,60.457],[-148.334,60.374],[-148.387,60.29],[-148.419,60.119],[-148.481,60.066],[-148.714,60.006],[-148.899,60.032],[-149.007,60.099],[-149.032,60.197],[-149.076,60.236],[-149.084,60.16],[-149.133,60.105],[-149.212,60.061],[-149.269,60.072],[-149.295,60.169],[-149.243,60.266],[-149.162,60.309],[-149.057,60.332],[-149.05,60.386],[-149.121,60.413],[-149.134,60.481],[-149.044,60.567],[-149.045,60.641],[-149.023,60.683],[-148.845,60.813],[-148.778,60.941],[-148.801,61.016],[-148.87,61.034],[-148.943,60.997],[-149.003,61.006],[-149.055,61.036],[-149.083,61.198],[-149.042,61.254],[-148.952,61.241],[-148.85,61.275],[-148.741,61.348],[-148.672,61.304],[-148.713,61.232],[-148.667,61.18],[-148.566,61.24],[-148.534,61.309],[-148.585,61.357],[-148.528,61.417],[-148.399,61.394],[-148.33,61.344],[-148.319,61.27],[-148.266,61.24],[-148.214,61.242],[-148.199,61.29],[-148.242,61.347],[-148.24,61.398],[-148.167,61.445],[-148.088,61.469],[-148.006,61.469],[-147.971,61.503],[-148.016,61.55],[-148.111,61.56],[-148.32,61.545],[-148.396,61.608],[-148.518,61.586],[-148.509,61.659],[-148.172,61.712],[-148.101,61.688],[-148.053,61.634],[-147.89,61.625],[-147.743,61.543],[-147.621,61.533],[-147.592,61.619],[-147.649,61.7],[-147.609,61.721],[-147.511,61.646],[-147.432,61.63],[-147.414,61.591],[-147.299,61.563],[-147.236,61.571],[-147.075,61.718],[-147.01,61.718],[-146.952,61.688],[-146.846,61.672],[-146.71,61.624],[-146.598,61.634],[-146.523,61.716],[-146.46,61.701],[-146.455,61.598],[-146.38,61.453],[-145.913,61.374],[-145.852,61.401],[-145.785,61.396],[-145.627,61.284],[-145.67,61.233],[-145.766,61.176],[-145.972,61.087],[-146.058,61.112],[-146.129,61.212],[-146.183,61.183],[-146.243,61.178],[-146.296,61.212],[-146.353,61.214],[-146.396,61.189],[-146.597,61.161],[-146.771,61.112],[-146.821,61.127],[-146.904,61.111],[-146.993,61.043],[-147.09,61.015],[-147.169,61.07],[-147.291,61.112],[-147.468,61.143],[-147.589,61.14],[-147.749,60.984],[-147.798,60.964],[-147.827,60.973],[-147.848,61.001],[-147.851,61.024],[-147.751,61.08],[-147.689,61.153],[-147.694,61.231],[-147.808,61.241],[-147.975,61.134],[-148.066,61.1],[-148.136,61.136],[-148.192,61.141]]]},"properties":{"id":"NE50-0066","region":"01","areaKm2":11307.6,"massBalanceMwe":-0.711}},{"type":"Feature","id":"NE50-0067","geometry":{"type":"Polygon","coordinates":[[[-139.188,59.687],[-139.188,59.687],[-139.188,59.687],[-139.186,59.763],[-139.05,59.828],[-139.048,59.828],[-138.988,59.835],[-139.021,59.842],[-139.008,59.849],[-139.066,59.888],[-139.245,59.932],[-139.32,60.015],[-139.404,60.046],[-139.563,60.067],[-139.696,60.054],[-139.788,60.027],[-139.815,59.968],[-139.881,59.922],[-140.093,59.809],[-140.35,59.756],[-140.747,59.769],[-141.115,59.856],[-141.196,59.899],[-141.221,59.932],[-141.174,60.044],[-141.123,60.072],[-141.108,60.125],[-141.169,60.113],[-141.196,60.176],[-141.199,60.34],[-141.265,60.351],[-141.3,60.305],[-141.255,60.264],[-141.287,60.204],[-141.474,60.129],[-141.483,60.061],[-141.512,60.025],[-141.618,60.011],[-141.991,60.075],[-142.042,60.13],[-142.002,60.18],[-142.022,60.255],[-142.068,60.277],[-142.122,60.279],[-142.184,60.237],[-142.199,60.18],[-142.238,60.148],[-142.358,60.199],[-142.416,60.2],[-142.434,60.256],[-142.376,60.319],[-142.335,60.429],[-142.383,60.467],[-142.499,60.455],[-142.561,60.408],[-142.565,60.343],[-142.609,60.31],[-142.694,60.338],[-142.946,60.323],[-143.047,60.29],[-143.139,60.208],[-143.155,60.158],[-143.205,60.107],[-143.302,60.073],[-143.545,60.064],[-143.732,60.1],[-143.866,60.175],[-143.935,60.35],[-143.855,60.413],[-143.894,60.471],[-143.966,60.472],[-144.134,60.43],[-144.223,60.442],[-144.538,60.527],[-144.626,60.6],[-144.621,60.633],[-144.612,60.658],[-144.386,60.753],[-144.349,60.845],[-144.383,60.905],[-144.32,60.946],[-144.215,60.908],[-144.124,60.901],[-144.07,60.869],[-143.569,60.893],[-143.441,60.936],[-143.326,60.94],[-143.164,60.872],[-142.93,60.847],[-142.742,60.799],[-142.67,60.742],[-142.554,60.722],[-142.408,60.733],[-142.306,60.807],[-142.227,60.919],[-142.107,60.949],[-141.982,60.901],[-141.864,60.897],[-141.75,60.922],[-141.684,60.913],[-141.645,60.953],[-141.63,61.032],[-141.635,61.092],[-141.65,61.103],[-141.726,61.126],[-141.819,61.099],[-141.921,61.119],[-142.213,61.359],[-142.226,61.454],[-142.136,61.546],[-141.994,61.639],[-141.933,61.659],[-141.858,61.618],[-141.844,61.534],[-141.755,61.494],[-141.534,61.614],[-141.456,61.596],[-141.313,61.52],[-141.244,61.505],[-141.178,61.516],[-141.144,61.567],[-141.07,61.571],[-140.904,61.545],[-140.882,61.488],[-140.906,61.458],[-140.957,61.449],[-140.978,61.417],[-140.943,61.381],[-140.889,61.382],[-140.878,61.434],[-140.826,61.449],[-140.749,61.443],[-140.68,61.483],[-140.659,61.57],[-140.592,61.607],[-140.564,61.573],[-140.52,61.433],[-140.369,61.306],[-140.331,61.292],[-140.288,61.28],[-140.196,61.303],[-140.136,61.391],[-140.054,61.399],[-139.956,61.279],[-139.807,61.257],[-139.748,61.189],[-139.566,61.212],[-139.497,61.144],[-139.475,61.076],[-139.396,60.963],[-139.413,60.92],[-139.387,60.877],[-139.365,60.87],[-139.327,60.893],[-139.335,60.947],[-139.309,60.988],[-139.252,61.027],[-139.099,61.064],[-139.031,61.063],[-138.993,61.011],[-138.884,60.942],[-138.833,60.825],[-138.753,60.803],[-138.628,60.841],[-138.566,60.799],[-138.608,60.749],[-138.604,60.701],[-138.541,60.669],[-138.516,60.631],[-138.478,60.605],[-138.354,60.63],[-138.301,60.604],[-138.299,60.543],[-138.23,60.464],[-138.095,60.385],[-138.063,60.277],[-138.143,60.213],[-138.17,60.135],[-138.119,60.081],[-138.147,60.024],[-138.239,60.006],[-138.258,59.915],[-138.189,59.865],[-137.996,59.796],[-138.049,59.711],[-138.042,59.62],[-138.023,59.586],[-137.972,59.536],[-138.001,59.494],[-138.108,59.489],[-138.248,59.43],[-138.288,59.375],[-138.298,59.303],[-138.325,59.246],[-138.63,59.316],[-138.75,59.364],[-138.787,59.422],[-139.115,59.653],[-139.188,59.687]],[[-139.137,60.569],[-139.137,60.569],[-139.137,60.569],[-138.928,60.56],[-138.86,60.588],[-138.875,60.692],[-139.101,60.697],[-139.176,60.653],[-139.187,60.594],[-139.137,60.569]],[[-140.499,60.874],[-140.499,60.874],[-140.499,60.874],[-140.471,60.91],[-140.51,60.973],[-140.621,61.005],[-140.671,61.039],[-140.83,61.06],[-140.872,61.103],[-140.884,61.161],[-140.92,61.191],[-140.976,61.177],[-141.03,61.238],[-141.093,61.26],[-141.183,61.177],[-141.142,61.091],[-141.164,61.026],[-141.256,60.988],[-141.216,60.927],[-141.145,60.913],[-140.961,60.904],[-140.89,60.881],[-140.71,60.871],[-140.68,60.857],[-140.576,60.859],[-140.499,60.874]],[[-141.023,60.713],[-141.023,60.713],[-141.023,60.713],[-140.988,60.771],[-141.016,60.813],[-141.075,60.846],[-141.17,60.869],[-141.258,60.843],[-141.272,60.738],[-141.183,60.701],[-141.094,60.699],[-141.023,60.713]],[[-141.319,61.192],[-141.319,61.192],[-141.319,61.192],[-141.278,61.228],[-141.295,61.312],[-141.627,61.367],[-141.703,61.314],[-141.69,61.23],[-141.616,61.177],[-141.483,61.149],[-141.366,61.167],[-141.319,61.192]]]},"properties":{"id":"NE50-0067","region":"01","areaKm2":40536.5,"massBalanceMwe":-0.711}},{"type":"Feature","id":"NE50-0068","geometry":{"type":"Polygon","coordinates":[[[-144.797,60.887],[-144.797,60.887],[-144.797,60.887],[-144.731,60.819],[-144.752,60.746],[-144.825,60.68],[-145.009,60.578],[-145.171,60.525],[-145.318,60.546],[-145.338,60.564],[-145.386,60.635],[-145.438,60.665],[-145.453,60.713],[-145.395,60.746],[-145.412,60.776],[-145.559,60.792],[-145.616,60.743],[-145.689,60.759],[-145.888,60.923],[-145.891,60.986],[-145.8,61.036],[-145.564,61.075],[-145.364,61.079],[-145.412,61.139],[-145.352,61.199],[-145.305,61.213],[-145.121,61.207],[-145.063,61.19],[-145.017,61.127],[-145.046,61.093],[-145.107,61.075],[-145.208,61.089],[-145.313,61.062],[-145.307,61.042],[-145.185,60.984],[-145.115,60.996],[-144.897,60.933],[-144.797,60.887]]]},"properties":{"id":"NE50-0068","region":"01","areaKm2":2540.1,"massBalanceMwe":-0.711}},{"type":"Feature","id":"NE50-0069","geometry":{"type":"Polygon","coordinates":[[[-135.996,59.02],[-135.996,59.02],[-135.996,59.02],[-136.098,59.058],[-136.131,59.037],[-136.134,59.04],[-136.15,59.048],[-136.152,59.023],[-136.168,59.014],[-136.214,58.906],[-136.352,58.889],[-136.511,59.004],[-136.631,59.043],[-136.693,59.021],[-136.769,59.019],[-136.933,59.063],[-136.994,59.107],[-137.045,59.098],[-137.034,58.894],[-137.033,58.893],[-137.059,58.874],[-137.038,58.867],[-137.007,58.874],[-136.755,58.839],[-136.639,58.767],[-136.56,58.672],[-136.547,58.586],[-136.593,58.507],[-136.623,58.393],[-136.715,58.38],[-136.84,58.463],[-137.187,58.463],[-137.298,58.512],[-137.323,58.569],[-137.482,58.667],[-137.631,58.797],[-137.855,58.811],[-137.846,58.863],[-137.863,58.924],[-137.888,58.953],[-137.921,58.976],[-138.088,58.985],[-138.12,59.033],[-138.088,59.08],[-138.151,59.306],[-138.081,59.384],[-137.973,59.402],[-137.619,59.399],[-137.438,59.302],[-137.412,59.253],[-137.427,59.196],[-137.5,59.175],[-137.572,59.271],[-137.859,59.327],[-137.977,59.299],[-137.986,59.19],[-137.97,59.108],[-137.821,59.126],[-137.81,59.185],[-137.734,59.205],[-137.628,59.168],[-137.564,59.118],[-137.543,59.039],[-137.493,59.003],[-137.437,59.023],[-137.377,59.023],[-137.318,58.985],[-137.241,58.994],[-137.189,59.07],[-137.215,59.127],[-137.29,59.105],[-137.352,59.13],[-137.361,59.196],[-137.34,59.252],[-137.301,59.289],[-137.257,59.423],[-137.22,59.456],[-137.148,59.477],[-137.043,59.449],[-136.953,59.397],[-136.896,59.384],[-136.844,59.452],[-136.921,59.517],[-136.942,59.576],[-136.89,59.6],[-136.859,59.688],[-136.812,59.744],[-136.749,59.762],[-136.704,59.693],[-136.788,59.632],[-136.786,59.564],[-136.704,59.569],[-136.612,59.55],[-136.513,59.495],[-136.336,59.351],[-136.183,59.267],[-135.975,59.216],[-135.707,59.195],[-135.513,59.15],[-135.471,59.116],[-135.463,59.027],[-135.496,58.909],[-135.595,58.889],[-135.701,58.973],[-135.812,59.002],[-135.906,58.968],[-135.979,58.963],[-135.996,59.02]]]},"properties":{"id":"NE50-0069","region":"01","areaKm2":8616.1,"massBalanceMwe":-0.711}},{"type":"Feature","id":"NE50-0070","geometry":{"type":"Polygon","coordinates":[[[-133.555,58.85],[-133.555,58.85],[-133.555,58.85],[-133.635,58.809],[-133.801,58.646],[-133.996,58.53],[-134.022,58.467],[-134.104,58.414],[-134.344,58.38],[-134.4,58.415],[-134.517,58.435],[-134.588,58.47],[-134.805,58.697],[-134.765,58.75],[-134.67,58.77],[-134.665,58.864],[-134.776,58.933],[-134.848,58.999],[-134.883,59.059],[-134.971,59.067],[-135.019,59.026],[-135.05,58.973],[-135.124,58.945],[-135.143,59.001],[-135.141,59.073],[-135.116,59.173],[-135.064,59.225],[-135.076,59.305],[-135.184,59.34],[-135.225,59.417],[-135.093,59.526],[-134.709,59.465],[-134.657,59.423],[-134.651,59.364],[-134.605,59.313],[-134.513,59.301],[-134.361,59.243],[-134.263,59.17],[-134.127,59.118],[-133.942,59.095],[-133.884,59.002],[-133.66,58.972],[-133.589,58.945],[-133.555,58.85]]]},"properties":{"id":"NE50-0070","region":"01","areaKm2":5900.3,"massBalanceMwe":-0.711}},{"type":"Feature","id":"NE50-0071","geometry":{"type":"Polygon","coordinates":[[[-131.956,57.267],[-131.956,57.267],[-131.956,57.267],[-131.898,57.208],[-131.852,56.926],[-131.911,56.836],[-132.169,56.808],[-132.229,56.749],[-132.31,56.747],[-132.374,56.806],[-132.547,56.871],[-132.596,56.911],[-132.626,56.985],[-132.605,57.035],[-132.64,57.099],[-132.752,57.136],[-132.839,57.194],[-132.871,57.296],[-132.876,57.383],[-132.839,57.456],[-132.932,57.54],[-133.001,57.559],[-133.078,57.626],[-133.069,57.795],[-133.111,57.856],[-133.297,57.939],[-133.334,58.02],[-133.293,58.088],[-133.205,58.114],[-133.017,58.129],[-132.92,58.163],[-132.876,58.125],[-132.902,58.027],[-132.84,57.989],[-132.799,57.995],[-132.751,58.052],[-132.712,58.181],[-132.739,58.225],[-132.714,58.266],[-132.626,58.312],[-132.559,58.395],[-132.534,58.395],[-132.517,58.331],[-132.596,58.226],[-132.568,58.15],[-132.433,58.156],[-132.346,58.136],[-132.283,58.063],[-132.275,57.982],[-132.214,57.947],[-132.149,57.982],[-132.059,57.97],[-132.052,57.931],[-132.102,57.885],[-132.124,57.837],[-132.08,57.811],[-132.094,57.747],[-132.13,57.724],[-132.229,57.722],[-132.302,57.786],[-132.358,57.907],[-132.385,57.929],[-132.446,57.889],[-132.444,57.842],[-132.391,57.713],[-132.298,57.593],[-132.242,57.57],[-132.102,57.625],[-132.051,57.599],[-132.066,57.529],[-132.042,57.465],[-131.976,57.43],[-131.95,57.375],[-131.956,57.267]]]},"properties":{"id":"NE50-0071","region":"01","areaKm2":7737.5,"massBalanceMwe":-0.711}},{"type":"Feature","id":"NE50-0072","geometry":{"type":"Polygon","coordinates":[[[-116.902,51.859],[-116.902,51.859],[-116.902,51.859],[-116.793,51.752],[-116.779,51.718],[-116.845,51.671],[-116.966,51.707],[-117.027,51.757],[-117.084,51.856],[-117.163,51.894],[-117.203,51.935],[-117.26,51.935],[-117.308,51.964],[-117.341,52.025],[-117.438,52.042],[-117.545,51.95],[-117.603,51.984],[-117.618,52.044],[-117.65,52.082],[-117.727,52.09],[-117.768,52.039],[-117.824,52.032],[-117.86,52.076],[-118.017,52.176],[-118.065,52.236],[-118.055,52.299],[-118.075,52.354],[-118.106,52.369],[-118.142,52.38],[-118.225,52.359],[-118.276,52.251],[-118.337,52.251],[-118.31,52.295],[-118.273,52.453],[-118.317,52.57],[-118.365,52.606],[-118.388,52.695],[-118.385,52.715],[-118.305,52.694],[-118.248,52.627],[-118.211,52.538],[-118.113,52.445],[-117.966,52.511],[-117.877,52.519],[-117.859,52.492],[-117.878,52.441],[-117.97,52.395],[-117.99,52.334],[-117.949,52.291],[-117.874,52.321],[-117.814,52.324],[-117.705,52.279],[-117.66,52.316],[-117.622,52.299],[-117.589,52.168],[-117.55,52.153],[-117.478,52.211],[-117.467,52.262],[-117.502,52.342],[-117.436,52.356],[-117.36,52.264],[-117.185,52.206],[-117.149,52.181],[-117.135,52.13],[-117.162,52.074],[-117.157,52.015],[-116.902,51.859]]]},"properties":{"id":"NE50-0072","region":"02","areaKm2":2631.3,"massBalanceMwe":-1.86}},{"type":"Feature","id":"NE50-0073","geometry":{"type":"Polygon","coordinates":[[[-117.754,51.522],[-117.754,51.522],[-117.754,51.522],[-117.677,51.53],[-117.642,51.473],[-117.669,51.424],[-117.748,51.407],[-117.821,51.36],[-117.882,51.286],[-117.963,51.274],[-117.994,51.3],[-118.015,51.336],[-118.02,51.409],[-117.986,51.463],[-117.986,51.639],[-118.195,51.743],[-118.248,51.794],[-118.152,51.907],[-118.123,51.883],[-118.071,51.783],[-117.911,51.794],[-117.84,51.756],[-117.807,51.669],[-117.853,51.564],[-117.84,51.484],[-117.754,51.522]]]},"properties":{"id":"NE50-0073","region":"02","areaKm2":1018.8,"massBalanceMwe":-1.86}},{"type":"Feature","id":"NE50-0074","geometry":{"type":"Polygon","coordinates":[[[-34.097,83.402],[-34.097,83.402],[-34.097,83.402],[-34.021,83.411],[-33.962,83.38],[-33.965,83.329],[-34.081,83.305],[-34.212,83.234],[-34.771,83.245],[-34.983,83.229],[-35.062,83.299],[-35.11,83.317],[-35.207,83.281],[-35.243,83.248],[-35.494,83.241],[-35.596,83.284],[-35.636,83.386],[-35.564,83.464],[-35.393,83.496],[-35.263,83.483],[-35.195,83.448],[-35.054,83.43],[-34.766,83.446],[-34.811,83.472],[-34.818,83.559],[-34.703,83.559],[-34.498,83.418],[-34.281,83.351],[-34.176,83.355],[-34.097,83.402]]]},"properties":{"id":"NE50-0074","region":"05","areaKm2":440.9,"massBalanceMwe":-0.401}},{"type":"Feature","id":"NE50-0075","geometry":{"type":"Polygon","coordinates":[[[-35.82,82.681],[-35.82,82.681],[-35.82,82.681],[-36.047,82.664],[-36.149,82.671],[-36.293,82.64],[-36.33,82.616],[-36.356,82.541],[-36.323,82.475],[-36.436,82.438],[-36.69,82.443],[-37.146,82.412],[-37.292,82.389],[-37.362,82.357],[-37.675,82.329],[-38.24,82.327],[-38.688,82.348],[-39.192,82.427],[-39.288,82.416],[-39.418,82.49],[-39.533,82.497],[-39.671,82.462],[-39.778,82.484],[-39.866,82.578],[-39.874,82.629],[-39.943,82.722],[-40.038,82.745],[-40.728,82.8],[-40.863,82.824],[-40.896,82.869],[-40.649,82.905],[-39.612,82.925],[-39.241,82.87],[-39.175,82.807],[-38.934,82.766],[-38.78,82.708],[-38.353,82.719],[-38.12,82.708],[-38.069,82.746],[-38.093,82.817],[-38.12,82.838],[-38.398,82.9],[-38.431,82.962],[-38.285,82.974],[-37.655,82.977],[-37.494,82.963],[-37.193,82.974],[-37.173,83.045],[-36.948,83.106],[-36.959,83.21],[-37.076,83.245],[-37.186,83.246],[-37.271,83.204],[-37.338,83.234],[-37.36,83.306],[-37.434,83.363],[-37.501,83.371],[-37.599,83.432],[-37.581,83.458],[-37.478,83.457],[-37.28,83.407],[-36.968,83.385],[-36.862,83.352],[-36.786,83.278],[-36.853,83.245],[-36.828,83.196],[-36.631,83.21],[-36.551,83.178],[-36.466,83.18],[-36.404,83.232],[-36.194,83.207],[-36.116,83.232],[-36.067,83.327],[-36.106,83.382],[-36.08,83.461],[-36.012,83.485],[-35.934,83.483],[-35.85,83.429],[-35.86,83.297],[-35.827,83.245],[-35.887,83.198],[-36.007,83.146],[-36.153,83.111],[-36.325,83.125],[-36.418,83.071],[-36.413,83.027],[-36.404,82.975],[-36.321,82.884],[-35.765,82.838],[-35.747,82.711],[-35.82,82.681]]]},"properties":{"id":"NE50-0075","region":"05","areaKm2":3710.4,"massBalanceMwe":-0.401}},{"type":"Feature","id":"NE50-0076","geometry":{"type":"Polygon","coordinates":[[[-33.255,83.32],[-33.255,83.32],[-33.255,83.32],[-33.315,83.353],[-33.472,83.381],[-33.553,83.336],[-33.584,83.301],[-33.666,83.28],[-33.737,83.308],[-33.737,83.371],[-33.691,83.391],[-33.444,83.467],[-33.308,83.473],[-33.149,83.425],[-32.938,83.405],[-32.403,83.431],[-32.128,83.424],[-31.933,83.449],[-31.817,83.412],[-31.83,83.334],[-32.29,83.241],[-32.392,83.254],[-32.497,83.225],[-32.631,83.218],[-32.97,83.293],[-33.122,83.289],[-33.255,83.32]]]},"properties":{"id":"NE50-0076","region":"05","areaKm2":391.0,"massBalanceMwe":-0.401}},{"type":"Feature","id":"NE50-0077","geometry":{"type":"Polygon","coordinates":[[[-27.912,83.239],[-27.912,83.239],[-27.912,83.239],[-28.368,83.267],[-28.442,83.305],[-28.42,83.359],[-28.393,83.37],[-28.205,83.356],[-27.889,83.38],[-27.583,83.379],[-27.448,83.328],[-27.552,83.277],[-27.683,83.286],[-27.912,83.239]]]},"properties":{"id":"NE50-0077","region":"05","areaKm2":145.0,"massBalanceMwe":-0.401}},{"type":"Feature","id":"NE50-0078","geometry":{"type":"Polygon","coordinates":[[[-28.19,82.775],[-28.19,82.775],[-28.19,82.775],[-28.62,82.777],[-28.731,82.895],[-28.606,82.891],[-28.556,82.87],[-28.418,82.857],[-28.207,82.873],[-28.19,82.775]]]},"properties":{"id":"NE50-0078","region":"05","areaKm2":69.6,"massBalanceMwe":-0.401}},{"type":"Feature","id":"NE50-0079","geometry":{"type":"Polygon","coordinates":[[[-31.71,82.888],[-31.71,82.888],[-31.71,82.888],[-31.642,82.864],[-31.597,82.809],[-31.68,82.75],[-31.973,82.733],[-32.125,82.645],[-32.222,82.677],[-32.252,82.771],[-32.228,82.848],[-31.96,82.886],[-31.833,82.873],[-31.71,82.888]]]},"properties":{"id":"NE50-0079","region":"05","areaKm2":149.7,"massBalanceMwe":-0.401}},{"type":"Feature","id":"NE50-0080","geometry":{"type":"Polygon","coordinates":[[[-34.525,82.87],[-34.525,82.87],[-34.525,82.87],[-34.314,82.862],[-34.135,82.764],[-34.195,82.739],[-34.455,82.718],[-34.635,82.677],[-34.706,82.599],[-34.632,82.54],[-34.972,82.486],[-35.647,82.502],[-35.829,82.603],[-35.506,82.605],[-35.286,82.65],[-35.219,82.756],[-35.137,82.824],[-35.035,82.849],[-34.525,82.87]]]},"properties":{"id":"NE50-0080","region":"05","areaKm2":514.5,"massBalanceMwe":-0.401}},{"type":"Feature","id":"NE50-0081","geometry":{"type":"Polygon","coordinates":[[[-46.553,82.41],[-46.553,82.41],[-46.553,82.41],[-46.753,82.408],[-47.24,82.585],[-47.114,82.608],[-46.578,82.524],[-46.539,82.511],[-46.506,82.457],[-46.553,82.41]]]},"properties":{"id":"NE50-0081","region":"05","areaKm2":114.3,"massBalanceMwe":-0.401}},{"type":"Feature","id":"NE50-0082","geometry":{"type":"Polygon","coordinates":[[[-50.152,82.434],[-50.152,82.434],[-50.152,82.434],[-50.089,82.413],[-49.845,82.393],[-49.863,82.29],[-49.947,82.267],[-50.549,82.238],[-50.723,82.277],[-50.798,82.371],[-50.729,82.431],[-50.56,82.435],[-50.404,82.402],[-50.152,82.434]]]},"properties":{"id":"NE50-0082","region":"05","areaKm2":240.7,"massBalanceMwe":-0.401}},{"type":"Feature","id":"NE50-0083","geometry":{"type":"Polygon","coordinates":[[[-32.592,82.057],[-32.592,82.057],[-32.592,82.057],[-32.186,82.046],[-32.001,82.003],[-32.071,81.976],[-32.244,81.957],[-33.011,81.898],[-33.206,81.838],[-33.349,81.845],[-33.411,81.925],[-33.272,81.999],[-32.592,82.057]]]},"properties":{"id":"NE50-0083","region":"05","areaKm2":272.3,"massBalanceMwe":-0.401}},{"type":"Feature","id":"NE50-0084","geometry":{"type":"Polygon","coordinates":[[[-36.094,82.032],[-36.094,82.032],[-36.094,82.032],[-35.567,82.027],[-35.421,81.993],[-35.634,81.921],[-35.821,81.908],[-35.891,81.911],[-35.994,81.945],[-36.101,82.018],[-36.094,82.032]]]},"properties":{"id":"NE50-0084","region":"05","areaKm2":100.3,"massBalanceMwe":-0.401}},{"type":"Feature","id":"NE50-0085","geometry":{"type":"Polygon","coordinates":[[[-28.331,81.943],[-28.331,81.943],[-28.331,81.943],[-28.107,81.931],[-28.015,81.883],[-28.2,81.823],[-28.382,81.792],[-28.739,81.803],[-28.811,81.875],[-28.753,81.907],[-28.331,81.943]]]},"properties":{"id":"NE50-0085","region":"05","areaKm2":150.0,"massBalanceMwe":-0.401}},{"type":"Feature","id":"NE50-0086","geometry":{"type":"Polygon","coordinates":[[[-51.756,81.723],[-51.756,81.723],[-51.756,81.723],[-51.429,81.66],[-51.347,81.572],[-51.81,81.479],[-51.97,81.462],[-52.399,81.503],[-52.424,81.514],[-52.431,81.559],[-52.369,81.539],[-52.283,81.539],[-52.079,81.58],[-52.006,81.612],[-51.938,81.679],[-51.935,81.725],[-51.756,81.723]]]},"properties":{"id":"NE50-0086","region":"05","areaKm2":268.9,"massBalanceMwe":-0.401}},{"type":"Feature","id":"NE50-0087","geometry":{"type":"Polygon","coordinates":[[[-30.843,81.728],[-30.843,81.728],[-30.843,81.728],[-30.759,81.673],[-30.746,81.61],[-30.793,81.556],[-30.848,81.545],[-31.316,81.504],[-31.389,81.586],[-31.177,81.635],[-31.114,81.681],[-31.004,81.722],[-30.843,81.728]]]},"properties":{"id":"NE50-0087","region":"05","areaKm2":160.9,"massBalanceMwe":-0.401}},{"type":"Feature","id":"NE50-0088","geometry":{"type":"Polygon","coordinates":[[[-52.415,81.649],[-52.415,81.649],[-52.415,81.649],[-52.428,81.611],[-52.572,81.608],[-52.837,81.643],[-52.949,81.7],[-52.928,81.717],[-52.661,81.704],[-52.518,81.719],[-52.454,81.71],[-52.415,81.649]]]},"properties":{"id":"NE50-0088","region":"05","areaKm2":75.1,"massBalanceMwe":-0.401}},{"type":"Feature","id":"NE50-0089","geometry":{"type":"Polygon","coordinates":[[[-29.585,81.641],[-29.585,81.641],[-29.585,81.641],[-29.369,81.627],[-29.343,81.566],[-29.437,81.515],[-29.604,81.484],[-30.031,81.451],[-30.23,81.465],[-30.159,81.476],[-29.949,81.554],[-29.725,81.577],[-29.585,81.641]]]},"properties":{"id":"NE50-0089","region":"05","areaKm2":147.8,"massBalanceMwe":-0.401}},{"type":"Feature","id":"NE50-0090","geometry":{"type":"Polygon","coordinates":[[[-63.592,81.007],[-63.592,81.007],[-63.592,81.007],[-63.459,80.984],[-63.162,80.843],[-63.182,80.78],[-63.297,80.771],[-63.403,80.742],[-63.49,80.681],[-63.662,80.634],[-63.736,80.561],[-63.679,80.491],[-63.445,80.429],[-63.473,80.38],[-63.593,80.357],[-63.792,80.413],[-64.064,80.537],[-64.517,80.528],[-64.573,80.62],[-64.487,80.684],[-64.366,80.684],[-64.243,80.624],[-64.121,80.607],[-64.065,80.624],[-64.023,80.651],[-64.019,80.752],[-64.15,80.812],[-64.205,80.869],[-64.093,80.906],[-64.028,80.892],[-63.863,80.981],[-63.689,81.004],[-63.592,81.007]]]},"properties":{"id":"NE50-0090","region":"03","areaKm2":787.4,"massBalanceMwe":-0.057}},{"type":"Feature","id":"NE50-0091","geometry":{"type":"Polygon","coordinates":[[[-21.472,80.753],[-21.472,80.753],[-21.472,80.753],[-21.262,80.771],[-21.169,80.737],[-21.217,80.696],[-21.373,80.658],[-21.898,80.59],[-22.179,80.578],[-22.253,80.634],[-21.974,80.708],[-21.803,80.725],[-21.754,80.804],[-21.838,80.833],[-21.76,80.892],[-21.459,80.993],[-21.441,80.983],[-21.528,80.864],[-21.472,80.753]]]},"properties":{"id":"NE50-0091","region":"05","areaKm2":330.8,"massBalanceMwe":-0.401}},{"type":"Feature","id":"NE50-0092","geometry":{"type":"Polygon","coordinates":[[[-65.827,80.299],[-65.827,80.299],[-65.827,80.299],[-65.712,80.226],[-65.459,80.197],[-65.541,80.11],[-65.788,80.1],[-65.937,80.119],[-65.971,80.175],[-65.97,80.249],[-65.902,80.309],[-65.827,80.299]]]},"properties":{"id":"NE50-0092","region":"03","areaKm2":139.5,"massBalanceMwe":-0.057}},{"type":"Feature","id":"NE50-0093","geometry":{"type":"Polygon","coordinates":[[[-20.959,76.068],[-20.959,76.068],[-20.959,76.068],[-21.478,76.055],[-21.568,76.118],[-21.235,76.132],[-21.028,76.103],[-20.964,76.112],[-20.959,76.068]]]},"properties":{"id":"NE50-0093","region":"05","areaKm2":99.2,"massBalanceMwe":-0.401}},{"type":"Feature","id":"NE50-0094","geometry":{"type":"Polygon","coordinates":[[[-22.378,74.937],[-22.378,74.937],[-22.378,74.937],[-22.343,74.946],[-22.085,74.937],[-22.008,74.93],[-21.947,74.864],[-21.968,74.801],[-22.034,74.774],[-22.227,74.801],[-22.323,74.866],[-22.395,74.89],[-22.378,74.937]]]},"properties":{"id":"NE50-0094","region":"05","areaKm2":172.1,"massBalanceMwe":-0.401}},{"type":"Feature","id":"NE50-0095","geometry":{"type":"Polygon","coordinates":[[[-22.666,74.302],[-22.666,74.302],[-22.666,74.302],[-22.601,74.268],[-22.516,74.162],[-22.551,74.13],[-22.665,74.113],[-22.766,74.129],[-22.85,74.153],[-22.895,74.215],[-22.743,74.294],[-22.666,74.302]]]},"properties":{"id":"NE50-0095","region":"05","areaKm2":159.3,"massBalanceMwe":-0.401}},{"type":"Feature","id":"NE50-0096","geometry":{"type":"Polygon","coordinates":[[[-25.926,73.773],[-25.926,73.773],[-25.926,73.773],[-25.652,73.714],[-25.505,73.662],[-25.575,73.651],[-25.856,73.649],[-25.937,73.679],[-26.027,73.686],[-26.109,73.65],[-26.116,73.576],[-26.004,73.527],[-25.791,73.521],[-25.768,73.472],[-26.06,73.441],[-26.116,73.412],[-26.221,73.397],[-26.359,73.416],[-26.382,73.516],[-26.248,73.58],[-26.189,73.638],[-26.21,73.687],[-26.167,73.749],[-26.118,73.766],[-25.926,73.773]]]},"properties":{"id":"NE50-0096","region":"05","areaKm2":460.5,"massBalanceMwe":-0.401}},{"type":"Feature","id":"NE50-0097","geometry":{"type":"Polygon","coordinates":[[[-26.548,73.702],[-26.548,73.702],[-26.548,73.702],[-26.462,73.669],[-26.452,73.608],[-26.473,73.569],[-26.503,73.544],[-26.592,73.526],[-26.677,73.577],[-26.843,73.614],[-26.866,73.658],[-26.843,73.683],[-26.638,73.707],[-26.548,73.702]]]},"properties":{"id":"NE50-0097","region":"05","areaKm2":173.4,"massBalanceMwe":-0.401}},{"type":"Feature","id":"NE50-0098","geometry":{"type":"Polygon","coordinates":[[[-26.069,72.866],[-26.069,72.866],[-26.069,72.866],[-26.471,72.894],[-26.741,72.967],[-26.687,73.009],[-26.54,73.018],[-26.422,72.98],[-26.329,72.916],[-26.074,72.914],[-26.069,72.866]]]},"properties":{"id":"NE50-0098","region":"05","areaKm2":149.7,"massBalanceMwe":-0.401}},{"type":"Feature","id":"NE50-0099","geometry":{"type":"Polygon","coordinates":[[[-24.745,72.143],[-24.745,72.143],[-24.745,72.143],[-24.805,72.107],[-24.922,72.237],[-24.861,72.292],[-24.795,72.312],[-24.729,72.313],[-24.641,72.283],[-24.587,72.307],[-24.527,72.285],[-24.49,72.213],[-24.533,72.182],[-24.605,72.229],[-24.69,72.224],[-24.745,72.143]]]},"properties":{"id":"NE50-0099","region":"05","areaKm2":172.4,"massBalanceMwe":-0.401}},{"type":"Feature","id":"NE50-0100","geometry":{"type":"Polygon","coordinates":[[[-54.069,72.091],[-54.069,72.091],[-54.069,72.091],[-53.982,72.133],[-53.908,72.147],[-53.857,72.098],[-53.579,71.948],[-53.548,71.91],[-53.609,71.839],[-53.758,71.862],[-53.821,71.939],[-53.841,72.032],[-53.94,72.035],[-54.024,71.948],[-54.124,71.912],[-54.203,71.962],[-54.319,72.089],[-54.328,72.158],[-54.271,72.187],[-54.206,72.168],[-54.157,72.108],[-54.069,72.091]]]},"properties":{"id":"NE50-0100","region":"05","areaKm2":417.9,"massBalanceMwe":-0.401}},{"type":"Feature","id":"NE50-0101","geometry":{"type":"Polygon","coordinates":[[[-24.547,72.033],[-24.547,72.033],[-24.547,72.033],[-24.497,72.103],[-24.422,72.129],[-24.161,72.022],[-24.119,71.988],[-24.159,71.929],[-24.389,71.953],[-24.5,71.944],[-24.543,71.972],[-24.547,72.033]]]},"properties":{"id":"NE50-0101","region":"05","areaKm2":209.8,"massBalanceMwe":-0.401}},{"type":"Feature","id":"NE50-0102","geometry":{"type":"Polygon","coordinates":[[[-25.04,71.773],[-25.04,71.773],[-25.04,71.773],[-25.109,71.747],[-25.292,71.868],[-25.287,71.926],[-25.233,71.961],[-24.969,71.97],[-24.759,72.014],[-24.696,71.993],[-24.698,71.917],[-24.782,71.835],[-24.87,71.819],[-24.937,71.847],[-25.01,71.838],[-25.04,71.773]]]},"properties":{"id":"NE50-0102","region":"05","areaKm2":354.7,"massBalanceMwe":-0.401}},{"type":"Feature","id":"NE50-0103","geometry":{"type":"Polygon","coordinates":[[[-26.453,71.933],[-26.453,71.933],[-26.453,71.933],[-26.384,71.9],[-26.078,71.928],[-25.992,71.851],[-26.037,71.753],[-26.1,71.699],[-26.227,71.677],[-26.335,71.692],[-26.432,71.769],[-26.516,71.795],[-26.632,71.781],[-26.794,71.889],[-26.714,71.924],[-26.562,71.95],[-26.453,71.933]]]},"properties":{"id":"NE50-0103","region":"05","areaKm2":504.5,"massBalanceMwe":-0.401}},{"type":"Feature","id":"NE50-0104","geometry":{"type":"Polygon","coordinates":[[[-28.115,71.392],[-28.115,71.392],[-28.115,71.392],[-27.984,71.385],[-27.941,71.326],[-27.953,71.268],[-27.985,71.229],[-28.037,71.213],[-28.076,71.173],[-28.095,71.113],[-28.169,71.088],[-28.283,71.101],[-28.409,71.073],[-28.551,71.074],[-28.568,71.156],[-28.472,71.15],[-28.381,71.169],[-28.318,71.216],[-28.374,71.319],[-28.47,71.348],[-28.739,71.348],[-28.795,71.372],[-28.819,71.414],[-28.768,71.457],[-28.626,71.487],[-28.384,71.493],[-28.244,71.46],[-28.211,71.411],[-28.115,71.392]]]},"properties":{"id":"NE50-0104","region":"05","areaKm2":755.4,"massBalanceMwe":-0.401}},{"type":"Feature","id":"NE50-0105","geometry":{"type":"Polygon","coordinates":[[[-27.398,71.346],[-27.398,71.346],[-27.398,71.346],[-27.208,71.402],[-26.998,71.422],[-26.761,71.388],[-26.706,71.42],[-26.33,71.428],[-26.103,71.418],[-26.092,71.37],[-26.162,71.319],[-26.489,71.236],[-26.566,71.15],[-26.545,71.087],[-26.565,71.054],[-26.598,71.044],[-26.659,71.055],[-26.715,71.134],[-26.815,71.163],[-26.929,71.151],[-27.002,71.119],[-26.997,71.063],[-27.044,71.033],[-27.12,71.022],[-27.185,71.043],[-27.219,71.097],[-27.27,71.135],[-27.548,71.219],[-27.398,71.346]]]},"properties":{"id":"NE50-0105","region":"05","areaKm2":1326.8,"massBalanceMwe":-0.401}},{"type":"Feature","id":"NE50-0106","geometry":{"type":"Polygon","coordinates":[[[-26.985,70.641],[-26.985,70.641],[-26.985,70.641],[-27.182,70.678],[-27.226,70.755],[-27.02,70.833],[-26.972,70.821],[-26.538,70.854],[-26.461,70.839],[-26.427,70.754],[-26.677,70.694],[-26.855,70.732],[-26.881,70.694],[-26.88,70.662],[-26.985,70.641]]]},"properties":{"id":"NE50-0106","region":"05","areaKm2":422.7,"massBalanceMwe":-0.401}},{"type":"Feature","id":"NE50-0107","geometry":{"type":"Polygon","coordinates":[[[-52.07,70.504],[-52.07,70.504],[-52.07,70.504],[-51.782,70.389],[-51.73,70.4],[-51.752,70.367],[-51.851,70.354],[-52.029,70.372],[-52.278,70.438],[-52.226,70.531],[-52.07,70.504]]]},"properties":{"id":"NE50-0107","region":"05","areaKm2":188.3,"massBalanceMwe":-0.401}},{"type":"Feature","id":"NE50-0108","geometry":{"type":"Polygon","coordinates":[[[-53.086,69.536],[-53.086,69.536],[-53.086,69.536],[-53.126,69.642],[-53.244,69.784],[-53.234,69.892],[-53.124,69.916],[-52.982,69.903],[-52.828,69.819],[-52.75,69.694],[-52.756,69.621],[-52.773,69.559],[-52.879,69.485],[-53.029,69.441],[-53.106,69.48],[-53.086,69.536]]]},"properties":{"id":"NE50-0108","region":"05","areaKm2":674.0,"massBalanceMwe":-0.401}},{"type":"Feature","id":"NE50-0109","geometry":{"type":"Polygon","coordinates":[[[-53.665,69.766],[-53.665,69.766],[-53.665,69.766],[-53.731,69.754],[-53.84,69.805],[-53.833,69.854],[-53.611,69.843],[-53.426,69.908],[-53.394,69.832],[-53.44,69.74],[-53.527,69.707],[-53.665,69.766]]]},"properties":{"id":"NE50-0109","region":"05","areaKm2":205.1,"massBalanceMwe":-0.401}},{"type":"Feature","id":"NE50-0110","geometry":{"type":"Polygon","coordinates":[[[-25.042,69.611],[-25.042,69.611],[-25.042,69.611],[-25.009,69.592],[-24.991,69.534],[-25.017,69.445],[-25.088,69.358],[-25.228,69.353],[-25.264,69.441],[-25.15,69.598],[-25.084,69.626],[-25.042,69.611]]]},"properties":{"id":"NE50-0110","region":"05","areaKm2":218.9,"massBalanceMwe":-0.401}},{"type":"Feature","id":"NE50-0111","geometry":{"type":"Polygon","coordinates":[[[-29.513,68.903],[-29.513,68.903],[-29.513,68.903],[-29.621,68.916],[-29.687,68.874],[-29.737,68.892],[-29.737,68.952],[-29.637,68.999],[-29.365,69.059],[-29.327,69.047],[-29.324,69.002],[-29.431,68.964],[-29.461,68.918],[-29.513,68.903]]]},"properties":{"id":"NE50-0111","region":"05","areaKm2":170.2,"massBalanceMwe":-0.401}},{"type":"Feature","id":"NE50-0112","geometry":{"type":"Polygon","coordinates":[[[-27.661,68.893],[-27.661,68.893],[-27.661,68.893],[-27.55,68.882],[-27.341,68.705],[-27.388,68.637],[-27.655,68.622],[-27.73,68.586],[-27.811,68.578],[-27.873,68.633],[-27.963,68.639],[-28.335,68.523],[-28.595,68.496],[-28.741,68.64],[-28.753,68.7],[-28.724,68.769],[-28.671,68.789],[-28.53,68.733],[-28.501,68.674],[-28.442,68.642],[-28.315,68.636],[-28.232,68.601],[-28.163,68.619],[-28.082,68.781],[-28.028,68.847],[-27.964,68.873],[-27.871,68.839],[-27.661,68.893]]]},"properties":{"id":"NE50-0112","region":"05","areaKm2":1164.7,"massBalanceMwe":-0.401}},{"type":"Feature","id":"NE50-0113","geometry":{"type":"Polygon","coordinates":[[[-29.173,68.585],[-29.173,68.585],[-29.173,68.585],[-28.992,68.525],[-28.922,68.484],[-28.959,68.41],[-29.079,68.422],[-29.387,68.324],[-29.519,68.306],[-29.601,68.353],[-29.64,68.459],[-29.598,68.592],[-29.487,68.644],[-29.402,68.635],[-29.236,68.585],[-29.173,68.585]]]},"properties":{"id":"NE50-0113","region":"05","areaKm2":696.6,"massBalanceMwe":-0.401}},{"type":"Feature","id":"NE50-0114","geometry":{"type":"Polygon","coordinates":[[[-37.308,66.679],[-37.308,66.679],[-37.308,66.679],[-37.223,66.543],[-37.019,66.375],[-37.075,66.264],[-37.332,66.511],[-37.366,66.574],[-37.374,66.642],[-37.347,66.671],[-37.308,66.679]]]},"properties":{"id":"NE50-0114","region":"05","areaKm2":241.5,"massBalanceMwe":-0.401}},{"type":"Feature","id":"NE50-0115","geometry":{"type":"Polygon","coordinates":[[[-36.001,66.403],[-36.001,66.403],[-36.001,66.403],[-35.901,66.397],[-35.826,66.333],[-35.822,66.23],[-35.997,66.111],[-36.042,66.036],[-36.095,66.066],[-36.053,66.125],[-36.048,66.202],[-36.101,66.271],[-36.087,66.352],[-36.05,66.382],[-36.001,66.403]]]},"properties":{"id":"NE50-0115","region":"05","areaKm2":310.5,"massBalanceMwe":-0.401}},{"type":"Feature","id":"NE50-0116","geometry":{"type":"Polygon","coordinates":[[[-51.498,66.289],[-51.498,66.289],[-51.498,66.289],[-51.474,66.204],[-51.703,66.171],[-51.746,66.117],[-51.798,66.096],[-52.443,65.989],[-52.501,66.048],[-52.568,66.075],[-52.733,66.042],[-52.814,66.043],[-52.86,66.131],[-52.8,66.165],[-52.649,66.198],[-52.475,66.311],[-52.28,66.384],[-52.128,66.362],[-51.744,66.354],[-51.61,66.305],[-51.498,66.289]]]},"properties":{"id":"NE50-0116","region":"05","areaKm2":1608.9,"massBalanceMwe":-0.401}},{"type":"Feature","id":"NE50-0117","geometry":{"type":"Polygon","coordinates":[[[-36.339,66.282],[-36.339,66.282],[-36.339,66.282],[-36.233,66.252],[-36.19,66.181],[-36.225,66.116],[-36.284,66.099],[-36.508,66.193],[-36.514,66.252],[-36.339,66.282]]]},"properties":{"id":"NE50-0117","region":"05","areaKm2":194.0,"massBalanceMwe":-0.401}},{"type":"Feature","id":"NE50-0118","geometry":{"type":"Polygon","coordinates":[[[-52.003,65.95],[-52.003,65.95],[-52.003,65.95],[-51.865,65.928],[-51.819,65.863],[-52.07,65.641],[-52.178,65.614],[-52.435,65.665],[-52.479,65.734],[-52.425,65.793],[-52.303,65.805],[-52.198,65.844],[-52.121,65.915],[-52.003,65.95]]]},"properties":{"id":"NE50-0118","region":"05","areaKm2":621.6,"massBalanceMwe":-0.401}},{"type":"Feature","id":"NE50-0119","geometry":{"type":"Polygon","coordinates":[[[-18.663,64.916],[-18.663,64.916],[-18.663,64.916],[-18.587,64.908],[-18.511,64.826],[-18.592,64.742],[-18.776,64.701],[-18.897,64.697],[-19.044,64.725],[-19.108,64.788],[-19.082,64.838],[-18.967,64.913],[-18.834,64.928],[-18.663,64.916]]]},"properties":{"id":"NE50-0119","region":"05","areaKm2":544.9,"massBalanceMwe":-0.401}},{"type":"Feature","id":"NE50-0120","geometry":{"type":"Polygon","coordinates":[[[-19.93,64.857],[-19.93,64.857],[-19.93,64.857],[-19.851,64.858],[-19.835,64.775],[-19.917,64.678],[-20.062,64.58],[-20.325,64.542],[-20.48,64.553],[-20.519,64.577],[-20.517,64.633],[-20.484,64.652],[-20.387,64.686],[-20.208,64.713],[-19.93,64.857]]]},"properties":{"id":"NE50-0120","region":"05","areaKm2":564.2,"massBalanceMwe":-0.401}},{"type":"Feature","id":"NE50-0121","geometry":{"type":"Polygon","coordinates":[[[-19.095,63.759],[-19.095,63.759],[-19.095,63.759],[-18.927,63.743],[-18.876,63.692],[-18.979,63.589],[-19.212,63.587],[-19.302,63.685],[-19.251,63.731],[-19.095,63.759]]]},"properties":{"id":"NE50-0121","region":"05","areaKm2":302.7,"massBalanceMwe":-0.401}},{"type":"Feature","id":"NE50-0122","geometry":{"type":"Polygon","coordinates":[[[-29.489,82.868],[-29.489,82.868],[-29.489,82.868],[-29.67,82.785],[-30.234,82.823],[-30.307,82.781],[-30.423,82.785],[-30.493,82.816],[-30.652,82.847],[-30.716,82.784],[-30.788,82.771],[-30.818,82.812],[-30.797,82.847],[-30.758,82.86],[-30.721,82.897],[-30.774,82.95],[-30.696,83.021],[-30.502,82.995],[-29.852,83.051],[-29.674,83.038],[-29.535,83.063],[-29.42,83.038],[-29.207,83.044],[-29.201,82.964],[-29.463,82.94],[-29.489,82.868]]]},"properties":{"id":"NE50-0122","region":"05","areaKm2":467.9,"massBalanceMwe":-0.401}},{"type":"Feature","id":"NE50-0123","geometry":{"type":"Polygon","coordinates":[[[-15.503,64.654],[-15.503,64.654],[-15.503,64.654],[-15.416,64.635],[-15.348,64.566],[-15.622,64.456],[-15.711,64.391],[-15.791,64.361],[-15.832,64.312],[-15.911,64.293],[-16.019,64.293],[-16.131,64.262],[-16.225,64.168],[-16.453,64.038],[-16.669,63.988],[-16.981,64.151],[-17.106,64.132],[-17.216,64.032],[-17.31,64.08],[-17.32,64.196],[-17.433,64.254],[-17.66,64.217],[-17.763,64.147],[-17.86,64.126],[-17.964,64.152],[-18.102,64.273],[-18.078,64.343],[-18.001,64.392],[-17.945,64.458],[-17.912,64.537],[-17.844,64.587],[-17.605,64.634],[-17.442,64.71],[-16.995,64.784],[-16.871,64.79],[-16.704,64.747],[-16.621,64.664],[-16.472,64.647],[-16.297,64.709],[-16.073,64.731],[-15.814,64.667],[-15.503,64.654]]]},"properties":{"id":"NE50-0123","region":"05","areaKm2":6871.2,"massBalanceMwe":-0.401}},{"type":"Feature","id":"NE50-0124","geometry":{"type":"Polygon","coordinates":[[[-77.428,-9.24],[-77.428,-9.24],[-77.428,-9.24],[-77.347,-9.284],[-77.297,-9.386],[-77.298,-9.532],[-77.358,-9.577],[-77.457,-9.446],[-77.499,-9.292],[-77.683,-9.065],[-77.738,-8.86],[-77.672,-8.815],[-77.602,-8.844],[-77.575,-8.897],[-77.559,-9.028],[-77.497,-9.076],[-77.471,-9.187],[-77.428,-9.24]]]},"properties":{"id":"NE50-0124","region":"16","areaKm2":1267.5,"massBalanceMwe":-0.532}},{"type":"Feature","id":"NE50-0125","geometry":{"type":"Polygon","coordinates":[[[-70.661,-14.015],[-70.661,-14.015],[-70.661,-14.015],[-70.674,-14.063],[-70.657,-14.163],[-70.704,-14.149],[-70.767,-14.162],[-70.831,-14.212],[-70.887,-14.188],[-70.887,-14.017],[-70.868,-13.955],[-70.89,-13.879],[-70.965,-13.823],[-71.192,-13.834],[-71.24,-13.783],[-71.154,-13.672],[-71.121,-13.657],[-71.031,-13.678],[-70.837,-13.767],[-70.764,-13.894],[-70.682,-13.944],[-70.661,-14.015]]]},"properties":{"id":"NE50-0125","region":"16","areaKm2":1392.3,"massBalanceMwe":-0.532}},{"type":"Feature","id":"NE50-0126","geometry":{"type":"Polygon","coordinates":[[[-69.665,-30.345],[-69.665,-30.345],[-69.665,-30.345],[-69.649,-30.41],[-69.601,-30.493],[-69.617,-30.59],[-69.677,-30.666],[-69.749,-30.684],[-69.867,-30.388],[-69.911,-30.341],[-69.929,-30.28],[-69.915,-30.163],[-69.952,-30.122],[-69.962,-30.075],[-69.939,-30.032],[-69.908,-30.03],[-69.894,-30.087],[-69.85,-30.113],[-69.799,-30.106],[-69.653,-30.308],[-69.665,-30.345]]]},"properties":{"id":"NE50-0126","region":"17","areaKm2":1241.1,"massBalanceMwe":-0.611}},{"type":"Feature","id":"NE50-0127","geometry":{"type":"Polygon","coordinates":[[[-69.857,-31.017],[-69.857,-31.017],[-69.857,-31.017],[-69.775,-31.076],[-69.761,-31.212],[-69.803,-31.302],[-69.861,-31.34],[-69.862,-31.43],[-69.809,-31.578],[-69.796,-31.717],[-69.822,-31.782],[-69.866,-31.832],[-69.954,-31.815],[-69.961,-31.637],[-70.015,-31.573],[-70.095,-31.428],[-70.247,-31.344],[-70.235,-31.296],[-70.198,-31.279],[-70.129,-31.293],[-70.074,-31.277],[-70.057,-31.227],[-70.01,-31.196],[-69.945,-31.182],[-69.857,-31.017]]]},"properties":{"id":"NE50-0127","region":"17","areaKm2":1773.3,"massBalanceMwe":-0.611}},{"type":"Feature","id":"NE50-0128","geometry":{"type":"Polygon","coordinates":[[[-71.422,-40.698],[-71.422,-40.698],[-71.422,-40.698],[-71.259,-40.801],[-71.2,-40.847],[-71.212,-40.921],[-71.31,-40.94],[-71.398,-40.903],[-71.594,-40.747],[-71.618,-40.701],[-71.611,-40.648],[-71.58,-40.64],[-71.422,-40.698]]]},"properties":{"id":"NE50-0128","region":"17","areaKm2":570.8,"massBalanceMwe":-0.611}},{"type":"Feature","id":"NE50-0129","geometry":{"type":"Polygon","coordinates":[[[-71.281,-41.387],[-71.281,-41.387],[-71.281,-41.387],[-71.281,-41.466],[-71.223,-41.547],[-71.239,-41.598],[-71.291,-41.596],[-71.327,-41.566],[-71.358,-41.456],[-71.413,-41.43],[-71.455,-41.35],[-71.447,-41.284],[-71.404,-41.238],[-71.314,-41.284],[-71.281,-41.387]]]},"properties":{"id":"NE50-0129","region":"17","areaKm2":371.7,"massBalanceMwe":-0.611}},{"type":"Feature","id":"NE50-0130","geometry":{"type":"Polygon","coordinates":[[[-71.706,-41.739],[-71.706,-41.739],[-71.706,-41.739],[-71.682,-41.79],[-71.654,-41.878],[-71.661,-41.962],[-71.74,-41.996],[-71.812,-41.936],[-71.834,-41.745],[-71.825,-41.716],[-71.768,-41.692],[-71.706,-41.739]]]},"properties":{"id":"NE50-0130","region":"17","areaKm2":360.6,"massBalanceMwe":-0.611}},{"type":"Feature","id":"NE50-0131","geometry":{"type":"Polygon","coordinates":[[[-72.043,-42.306],[-72.043,-42.306],[-72.043,-42.306],[-71.86,-42.368],[-71.744,-42.361],[-71.752,-42.399],[-71.822,-42.393],[-71.88,-42.43],[-71.995,-42.452],[-72.072,-42.439],[-72.153,-42.383],[-72.179,-42.314],[-72.12,-42.253],[-72.085,-42.264],[-72.043,-42.306]]]},"properties":{"id":"NE50-0131","region":"17","areaKm2":369.2,"massBalanceMwe":-0.611}},{"type":"Feature","id":"NE50-0132","geometry":{"type":"Polygon","coordinates":[[[-72.573,-53.954],[-72.573,-53.954],[-72.573,-53.954],[-72.644,-53.953],[-72.764,-53.823],[-72.759,-53.751],[-72.568,-53.734],[-72.443,-53.753],[-72.404,-53.822],[-72.573,-53.954]]]},"properties":{"id":"NE50-0132","region":"17","areaKm2":402.0,"massBalanceMwe":-0.611}},{"type":"Feature","id":"NE50-0133","geometry":{"type":"Polygon","coordinates":[[[-35.89,-54.721],[-35.89,-54.721],[-35.89,-54.721],[-35.894,-54.756],[-35.87,-54.794],[-35.939,-54.834],[-36.085,-54.867],[-36.124,-54.853],[-36.252,-54.78],[-36.311,-54.694],[-36.446,-54.571],[-36.472,-54.534],[-36.507,-54.511],[-36.628,-54.496],[-36.735,-54.467],[-36.824,-54.404],[-36.852,-54.366],[-36.886,-54.339],[-37.007,-54.341],[-37.083,-54.312],[-37.158,-54.272],[-37.291,-54.226],[-37.331,-54.193],[-37.446,-54.138],[-37.635,-54.082],[-37.57,-54.026],[-37.366,-54.049],[-37.284,-54.086],[-37.166,-54.085],[-37.083,-54.102],[-37.06,-54.087],[-37.006,-54.114],[-36.929,-54.081],[-36.904,-54.082],[-36.888,-54.099],[-36.823,-54.124],[-36.693,-54.242],[-36.548,-54.334],[-36.215,-54.432],[-36.111,-54.515],[-36.087,-54.524],[-36.073,-54.554],[-36.033,-54.568],[-36.024,-54.568],[-36.012,-54.586],[-35.921,-54.642],[-35.913,-54.711],[-35.89,-54.721]]]},"properties":{"id":"NE50-0133","region":"19","areaKm2":2683.8,"massBalanceMwe":-0.351}},{"type":"Feature","id":"NE50-0134","geometry":{"type":"Polygon","coordinates":[[[-70.851,-54.434],[-70.851,-54.434],[-70.851,-54.434],[-70.802,-54.394],[-70.742,-54.475],[-70.796,-54.556],[-71.035,-54.589],[-71.133,-54.587],[-71.109,-54.495],[-70.88,-54.494],[-70.851,-54.434]]]},"properties":{"id":"NE50-0134","region":"17","areaKm2":260.8,"massBalanceMwe":-0.611}},{"type":"Feature","id":"NE50-0135","geometry":{"type":"Polygon","coordinates":[[[-69.054,-54.634],[-69.054,-54.634],[-69.054,-54.634],[-68.993,-54.684],[-68.99,-54.823],[-69.002,-54.849],[-69.194,-54.84],[-69.387,-54.826],[-69.621,-54.714],[-69.698,-54.686],[-69.762,-54.683],[-70.021,-54.736],[-70.125,-54.735],[-70.247,-54.699],[-70.355,-54.728],[-70.393,-54.718],[-70.408,-54.658],[-70.565,-54.626],[-70.599,-54.558],[-70.537,-54.538],[-70.391,-54.534],[-70.224,-54.566],[-70.153,-54.547],[-70.118,-54.492],[-70.005,-54.477],[-69.752,-54.534],[-69.619,-54.426],[-69.439,-54.504],[-69.403,-54.554],[-69.429,-54.615],[-69.386,-54.674],[-69.169,-54.622],[-69.054,-54.634]]]},"properties":{"id":"NE50-0135","region":"17","areaKm2":2265.2,"massBalanceMwe":-0.611}},{"type":"Feature","id":"NE50-0136","geometry":{"type":"Polygon","coordinates":[[[-73.302,-46.522],[-73.302,-46.522],[-73.302,-46.522],[-73.086,-46.553],[-73.05,-46.571],[-73.084,-46.616],[-73.172,-46.62],[-73.212,-46.69],[-73.205,-46.786],[-73.222,-46.872],[-73.273,-46.986],[-73.258,-47.085],[-73.308,-47.156],[-73.258,-47.221],[-73.249,-47.266],[-73.282,-47.321],[-73.268,-47.405],[-73.322,-47.461],[-73.381,-47.465],[-73.519,-47.418],[-73.69,-47.456],[-73.736,-47.493],[-73.805,-47.452],[-73.875,-47.353],[-73.92,-47.249],[-73.859,-47.087],[-73.882,-47.026],[-73.921,-46.949],[-74.035,-46.912],[-74.064,-46.848],[-73.91,-46.827],[-73.853,-46.795],[-73.828,-46.752],[-73.828,-46.708],[-73.662,-46.566],[-73.551,-46.509],[-73.358,-46.482],[-73.302,-46.522]]]},"properties":{"id":"NE50-0136","region":"17","areaKm2":4973.8,"massBalanceMwe":-0.611}},{"type":"Feature","id":"NE50-0137","geometry":{"type":"Polygon","coordinates":[[[-73.131,-49.552],[-73.131,-49.552],[-73.131,-49.552],[-73.204,-49.551],[-73.225,-49.605],[-73.204,-49.675],[-73.211,-49.902],[-73.255,-49.973],[-73.349,-50.032],[-73.378,-50.101],[-73.365,-50.19],[-73.338,-50.237],[-73.294,-50.394],[-73.174,-50.449],[-73.127,-50.542],[-73.117,-50.77],[-73.206,-50.904],[-73.232,-51.009],[-73.291,-51.029],[-73.298,-51.103],[-73.27,-51.203],[-73.298,-51.257],[-73.35,-51.26],[-73.373,-51.305],[-73.339,-51.408],[-73.37,-51.443],[-73.361,-51.557],[-73.425,-51.59],[-73.465,-51.554],[-73.639,-51.172],[-73.746,-51.019],[-73.759,-50.949],[-73.714,-50.877],[-73.728,-50.792],[-73.682,-50.712],[-73.655,-50.69],[-73.59,-50.683],[-73.519,-50.699],[-73.511,-50.648],[-73.598,-50.609],[-73.61,-50.519],[-73.589,-50.417],[-73.675,-50.401],[-73.753,-50.476],[-73.841,-50.487],[-73.893,-50.433],[-73.908,-50.376],[-73.879,-50.32],[-73.88,-50.263],[-73.93,-50.178],[-73.869,-49.997],[-73.854,-49.813],[-73.827,-49.749],[-73.764,-49.72],[-73.746,-49.658],[-73.778,-49.59],[-73.763,-49.427],[-73.795,-49.319],[-73.888,-49.222],[-73.877,-49.153],[-73.798,-49.156],[-73.764,-49.096],[-73.808,-49.037],[-73.917,-49.004],[-74.079,-48.89],[-74.093,-48.861],[-74.079,-48.832],[-73.98,-48.68],[-73.852,-48.552],[-73.865,-48.476],[-73.598,-48.327],[-73.53,-48.26],[-73.511,-48.26],[-73.458,-48.331],[-73.373,-48.341],[-73.161,-48.377],[-73.113,-48.45],[-73.116,-48.553],[-73.209,-48.649],[-73.233,-48.734],[-73.144,-48.811],[-73.101,-48.907],[-73.135,-48.946],[-73.141,-49.0],[-73.105,-49.039],[-73.103,-49.106],[-73.148,-49.186],[-73.167,-49.266],[-73.152,-49.42],[-73.097,-49.495],[-73.131,-49.552]]]},"properties":{"id":"NE50-0137","region":"17","areaKm2":14772.1,"massBalanceMwe":-0.611}},{"type":"Feature","id":"NE50-0138","geometry":{"type":"Polygon","coordinates":[[[50.428,81.078],[50.428,81.078],[50.428,81.078],[50.418,81.085],[50.449,81.126],[50.465,81.126],[50.506,81.144],[50.522,81.158],[50.592,81.169],[50.716,81.171],[50.876,81.151],[50.87,81.101],[50.829,81.081],[50.813,81.077],[50.567,81.043],[50.518,81.046],[50.428,81.078]]]},"properties":{"id":"NE50-0138","region":"09","areaKm2":81.1,"massBalanceMwe":-1.097}},{"type":"Feature","id":"NE50-0139","geometry":{"type":"Polygon","coordinates":[[[48.55,80.638],[48.55,80.638],[48.55,80.638],[48.046,80.675],[48.012,80.721],[48.039,80.749],[48.131,80.765],[48.284,80.764],[48.407,80.754],[48.65,80.673],[48.55,80.638]]]},"properties":{"id":"NE50-0139","region":"09","areaKm2":106.4,"massBalanceMwe":-1.097}},{"type":"Feature","id":"NE50-0140","geometry":{"type":"Polygon","coordinates":[[[46.59,80.521],[46.59,80.521],[46.59,80.521],[46.518,80.509],[46.281,80.453],[46.163,80.448],[46.116,80.458],[46.071,80.479],[46.036,80.548],[46.006,80.55],[45.969,80.57],[45.842,80.557],[45.59,80.542],[45.421,80.557],[45.382,80.573],[45.35,80.625],[45.462,80.651],[45.834,80.649],[46.383,80.701],[47.132,80.701],[47.241,80.69],[47.278,80.666],[47.16,80.614],[46.841,80.562],[46.678,80.561],[46.624,80.541],[46.59,80.521]]]},"properties":{"id":"NE50-0140","region":"09","areaKm2":530.4,"massBalanceMwe":-1.097}},{"type":"Feature","id":"NE50-0141","geometry":{"type":"Polygon","coordinates":[[[20.123,79.816],[20.123,79.816],[20.123,79.816],[19.71,79.749],[19.67,79.731],[19.638,79.729],[19.4,79.727],[18.942,79.736],[18.725,79.761],[18.582,79.791],[18.705,79.913],[18.976,79.927],[19.092,79.952],[19.226,80.017],[19.289,80.007],[19.358,80.027],[19.408,80.104],[19.813,80.158],[19.96,80.213],[20.037,80.274],[20.226,80.293],[20.714,80.237],[20.809,80.192],[21.098,80.202],[21.338,80.181],[21.486,80.108],[21.59,80.081],[22.014,80.047],[22.093,79.988],[22.113,79.932],[22.045,79.858],[21.875,79.825],[20.546,79.794],[20.123,79.816]]]},"properties":{"id":"NE50-0141","region":"07","areaKm2":2531.5,"massBalanceMwe":-1.208}},{"type":"Feature","id":"NE50-0142","geometry":{"type":"Polygon","coordinates":[[[27.138,80.064],[27.138,80.064],[27.138,80.064],[27.123,80.013],[26.97,79.841],[26.221,79.677],[26.179,79.666],[25.991,79.664],[25.841,79.616],[25.833,79.534],[25.842,79.52],[25.726,79.44],[25.641,79.403],[25.239,79.345],[25.145,79.339],[24.843,79.367],[24.751,79.365],[24.383,79.302],[24.257,79.263],[24.169,79.229],[24.092,79.261],[23.404,79.286],[23.145,79.261],[22.953,79.271],[22.716,79.332],[22.712,79.337],[22.866,79.412],[22.632,79.404],[22.484,79.444],[22.262,79.469],[22.103,79.469],[22.018,79.423],[21.881,79.408],[21.609,79.426],[20.942,79.419],[20.813,79.566],[20.872,79.666],[20.993,79.686],[21.143,79.706],[21.418,79.697],[21.817,79.719],[21.88,79.747],[22.52,79.828],[22.634,79.889],[23.091,79.98],[23.383,80.1],[23.667,80.091],[23.774,80.099],[23.822,80.153],[24.253,80.147],[24.64,80.181],[24.808,80.253],[24.839,80.29],[24.907,80.277],[25.471,80.233],[25.667,80.21],[25.751,80.188],[25.836,80.175],[26.437,80.175],[26.861,80.16],[27.017,80.125],[27.138,80.064]]]},"properties":{"id":"NE50-0142","region":"07","areaKm2":8154.4,"massBalanceMwe":-1.208}},{"type":"Feature","id":"NE50-0143","geometry":{"type":"Polygon","coordinates":[[[50.23,80.167],[50.23,80.167],[50.23,80.167],[50.156,80.142],[50.126,80.123],[50.072,80.109],[50.055,80.08],[50.044,80.073],[49.996,80.065],[49.961,80.063],[49.868,80.081],[49.657,80.13],[49.742,80.199],[49.845,80.222],[49.88,80.227],[50.198,80.22],[50.24,80.207],[50.23,80.167]]]},"properties":{"id":"NE50-0143","region":"09","areaKm2":133.5,"massBalanceMwe":-1.097}},{"type":"Feature","id":"NE50-0144","geometry":{"type":"Polygon","coordinates":[[[51.267,79.986],[51.267,79.986],[51.267,79.986],[51.283,79.975],[51.148,79.93],[51.076,79.932],[51.065,79.932],[50.781,79.944],[50.623,80.022],[50.674,80.048],[50.676,80.049],[50.738,80.059],[50.956,80.091],[51.021,80.082],[51.17,80.054],[51.239,80.006],[51.243,79.991],[51.267,79.986]]]},"properties":{"id":"NE50-0144","region":"09","areaKm2":153.5,"massBalanceMwe":-1.097}},{"type":"Feature","id":"NE50-0145","geometry":{"type":"Polygon","coordinates":[[[14.629,79.726],[14.629,79.726],[14.629,79.726],[14.759,79.618],[14.774,79.596],[14.772,79.547],[14.629,79.521],[14.486,79.54],[14.461,79.622],[14.534,79.72],[14.629,79.726]]]},"properties":{"id":"NE50-0145","region":"07","areaKm2":103.0,"massBalanceMwe":-1.208}},{"type":"Feature","id":"NE50-0146","geometry":{"type":"Polygon","coordinates":[[[20.379,79.633],[20.379,79.633],[20.379,79.633],[20.551,79.533],[20.453,79.46],[20.4,79.463],[20.128,79.49],[19.9,79.534],[19.675,79.591],[19.747,79.618],[19.821,79.634],[20.015,79.64],[20.187,79.632],[20.379,79.633]]]},"properties":{"id":"NE50-0146","region":"07","areaKm2":221.3,"massBalanceMwe":-1.208}},{"type":"Feature","id":"NE50-0147","geometry":{"type":"Polygon","coordinates":[[[21.043,78.498],[21.043,78.498],[21.043,78.498],[21.404,78.531],[21.503,78.597],[21.608,78.596],[21.746,78.572],[21.906,78.575],[21.932,78.536],[22.039,78.49],[22.076,78.447],[22.037,78.369],[21.897,78.352],[21.823,78.265],[21.745,78.246],[21.66,78.294],[21.521,78.314],[21.337,78.337],[21.009,78.343],[20.973,78.455],[21.043,78.498]]]},"properties":{"id":"NE50-0147","region":"07","areaKm2":587.1,"massBalanceMwe":-1.208}},{"type":"Feature","id":"NE50-0148","geometry":{"type":"Polygon","coordinates":[[[17.693,78.212],[17.693,78.212],[17.693,78.212],[17.857,78.187],[17.899,78.125],[17.854,78.102],[17.541,78.034],[17.361,78.041],[17.257,78.068],[17.198,78.06],[17.195,78.123],[17.247,78.144],[17.693,78.212]]]},"properties":{"id":"NE50-0148","region":"07","areaKm2":210.7,"massBalanceMwe":-1.208}},{"type":"Feature","id":"NE50-0149","geometry":{"type":"Polygon","coordinates":[[[22.048,77.997],[22.048,77.997],[22.048,77.997],[22.495,77.931],[22.524,77.852],[22.436,77.824],[22.254,77.806],[22.118,77.831],[22.007,77.867],[21.879,77.948],[21.819,78.011],[21.676,78.03],[21.478,78.026],[21.411,78.097],[21.56,78.149],[21.808,78.187],[21.895,78.149],[22.037,78.136],[22.063,78.103],[22.003,78.059],[22.048,77.997]]]},"properties":{"id":"NE50-0149","region":"07","areaKm2":425.1,"massBalanceMwe":-1.208}},{"type":"Feature","id":"NE50-0150","geometry":{"type":"Polygon","coordinates":[[[16.967,78.071],[16.967,78.071],[16.967,78.071],[17.058,78.036],[17.084,77.984],[16.961,78.001],[16.884,78.073],[16.849,78.072],[16.82,78.068],[16.796,78.036],[16.83,77.998],[16.756,77.931],[16.672,77.921],[16.452,77.941],[16.383,77.922],[16.33,77.931],[16.301,77.999],[16.255,78.045],[16.144,78.08],[16.197,78.144],[16.328,78.108],[16.541,78.143],[16.558,78.08],[16.486,78.06],[16.509,78.01],[16.561,78.019],[16.703,78.136],[16.819,78.165],[16.967,78.071]]]},"properties":{"id":"NE50-0150","region":"07","areaKm2":300.4,"massBalanceMwe":-1.208}},{"type":"Feature","id":"NE50-0151","geometry":{"type":"Polygon","coordinates":[[[14.581,77.856],[14.581,77.856],[14.581,77.856],[14.543,77.774],[14.477,77.768],[14.454,77.768],[14.378,77.818],[14.262,77.854],[14.115,77.868],[14.061,77.937],[14.152,77.987],[14.239,77.996],[14.477,77.907],[14.547,77.907],[14.581,77.856]]]},"properties":{"id":"NE50-0151","region":"07","areaKm2":160.6,"massBalanceMwe":-1.208}},{"type":"Feature","id":"NE50-0152","geometry":{"type":"Polygon","coordinates":[[[24.244,77.799],[24.244,77.799],[24.244,77.799],[24.22,77.717],[24.139,77.659],[24.13,77.658],[24.062,77.631],[24.049,77.622],[23.896,77.559],[23.751,77.552],[23.643,77.489],[23.525,77.456],[23.169,77.453],[22.967,77.36],[22.873,77.411],[22.946,77.512],[22.917,77.552],[22.94,77.595],[22.997,77.626],[22.982,77.673],[22.867,77.695],[22.788,77.728],[22.679,77.825],[22.701,77.875],[22.736,77.888],[23.159,77.934],[23.37,77.914],[23.423,77.878],[23.655,77.843],[24.057,77.872],[24.244,77.799]]]},"properties":{"id":"NE50-0152","region":"07","areaKm2":1374.0,"massBalanceMwe":-1.208}},{"type":"Feature","id":"NE50-0153","geometry":{"type":"Polygon","coordinates":[[[22.027,77.744],[22.027,77.744],[22.027,77.744],[22.232,77.733],[22.332,77.617],[22.22,77.585],[21.902,77.555],[21.808,77.514],[21.692,77.534],[21.428,77.508],[21.317,77.519],[21.277,77.575],[21.419,77.599],[21.521,77.632],[21.579,77.67],[21.815,77.728],[22.027,77.744]]]},"properties":{"id":"NE50-0153","region":"07","areaKm2":392.3,"massBalanceMwe":-1.208}},{"type":"Feature","id":"NE50-0154","geometry":{"type":"Polygon","coordinates":[[[16.265,77.714],[16.265,77.714],[16.265,77.714],[16.322,77.716],[16.36,77.664],[16.319,77.621],[16.039,77.578],[15.933,77.596],[15.892,77.635],[15.955,77.667],[16.265,77.714]]]},"properties":{"id":"NE50-0154","region":"07","areaKm2":106.9,"massBalanceMwe":-1.208}},{"type":"Feature","id":"NE50-0155","geometry":{"type":"Polygon","coordinates":[[[16.362,67.246],[16.362,67.246],[16.362,67.246],[16.409,67.213],[16.47,67.162],[16.471,67.098],[16.366,67.102],[16.283,67.134],[16.234,67.181],[16.061,67.201],[16.0,67.238],[15.926,67.33],[15.874,67.362],[15.922,67.409],[16.05,67.429],[16.158,67.389],[16.219,67.292],[16.286,67.238],[16.362,67.246]]]},"properties":{"id":"NE50-0155","region":"08","areaKm2":394.1,"massBalanceMwe":-0.386}},{"type":"Feature","id":"NE50-0156","geometry":{"type":"Polygon","coordinates":[[[14.124,66.701],[14.124,66.701],[14.124,66.701],[14.238,66.686],[14.382,66.722],[14.457,66.696],[14.438,66.633],[14.353,66.573],[14.278,66.54],[14.099,66.503],[13.959,66.566],[13.808,66.546],[13.746,66.56],[13.732,66.663],[13.972,66.77],[14.056,66.761],[14.124,66.701]]]},"properties":{"id":"NE50-0156","region":"08","areaKm2":583.7,"massBalanceMwe":-0.386}},{"type":"Feature","id":"NE50-0157","geometry":{"type":"Polygon","coordinates":[[[6.676,61.536],[6.676,61.536],[6.676,61.536],[6.727,61.585],[6.731,61.639],[6.68,61.673],[6.677,61.731],[6.715,61.775],[6.761,61.753],[6.774,61.694],[6.834,61.671],[6.868,61.707],[6.884,61.755],[6.935,61.802],[7.0,61.766],[7.059,61.778],[7.065,61.831],[7.292,61.88],[7.353,61.921],[7.432,61.944],[7.516,61.876],[7.512,61.818],[7.225,61.668],[7.169,61.604],[7.14,61.543],[7.077,61.525],[7.02,61.568],[6.958,61.562],[6.926,61.5],[6.86,61.471],[6.732,61.487],[6.676,61.536]]]},"properties":{"id":"NE50-0157","region":"08","areaKm2":1040.7,"massBalanceMwe":-0.386}},{"type":"Feature","id":"NE50-0158","geometry":{"type":"Polygon","coordinates":[[[8.234,46.521],[8.234,46.521],[8.234,46.521],[8.022,46.415],[7.902,46.398],[7.792,46.429],[7.762,46.475],[7.818,46.514],[7.902,46.526],[8.11,46.639],[8.212,46.636],[8.233,46.622],[8.251,46.602],[8.234,46.521]]]},"properties":{"id":"NE50-0158","region":"11","areaKm2":557.9,"massBalanceMwe":-1.376}},{"type":"Feature","id":"NE50-0159","geometry":{"type":"Polygon","coordinates":[[[7.718,46.162],[7.718,46.162],[7.718,46.162],[7.762,46.129],[7.751,46.065],[7.796,46.033],[7.837,46.112],[7.936,46.103],[7.949,46.019],[7.919,45.939],[7.798,45.898],[7.62,45.944],[7.316,45.919],[7.299,45.989],[7.349,46.018],[7.516,46.039],[7.718,46.162]]]},"properties":{"id":"NE50-0159","region":"11","areaKm2":803.8,"massBalanceMwe":-1.376}},{"type":"Feature","id":"NE50-0160","geometry":{"type":"Polygon","coordinates":[[[42.518,43.407],[42.518,43.407],[42.518,43.407],[42.58,43.342],[42.535,43.292],[42.536,43.244],[42.568,43.212],[42.67,43.222],[42.839,43.283],[42.94,43.264],[42.962,43.192],[43.01,43.154],[43.15,43.148],[43.237,43.116],[43.301,43.085],[43.331,43.033],[43.537,43.011],[43.598,42.948],[43.605,42.881],[43.852,42.823],[43.871,42.73],[43.779,42.722],[43.475,42.853],[43.079,42.967],[42.846,43.095],[42.672,43.116],[42.567,43.146],[42.504,43.133],[42.461,43.156],[42.379,43.266],[42.383,43.361],[42.443,43.405],[42.518,43.407]]]},"properties":{"id":"NE50-0160","region":"12","areaKm2":2113.9,"massBalanceMwe":-0.53}},{"type":"Feature","id":"NE50-0161","geometry":{"type":"Polygon","coordinates":[[[48.096,80.122],[48.096,80.122],[48.096,80.122],[48.057,80.11],[47.931,80.088],[47.864,80.086],[47.796,80.124],[47.837,80.175],[47.835,80.178],[47.978,80.213],[47.893,80.239],[47.8,80.241],[47.762,80.252],[47.529,80.244],[47.447,80.23],[47.444,80.23],[47.443,80.23],[47.158,80.181],[47.04,80.182],[46.888,80.236],[46.844,80.268],[46.84,80.295],[46.883,80.334],[47.094,80.371],[47.199,80.333],[47.493,80.314],[47.88,80.359],[47.916,80.4],[48.064,80.49],[48.179,80.538],[48.206,80.544],[48.208,80.544],[48.306,80.562],[48.379,80.567],[48.554,80.531],[48.625,80.508],[48.657,80.509],[48.701,80.5],[48.869,80.508],[48.903,80.513],[49.088,80.516],[49.173,80.553],[49.233,80.562],[50.002,80.752],[50.416,80.73],[50.475,80.783],[50.415,80.827],[50.531,80.883],[50.654,80.897],[50.772,80.906],[50.922,80.882],[50.966,80.818],[51.044,80.776],[51.11,80.764],[51.211,80.782],[51.357,80.771],[51.361,80.77],[51.455,80.745],[51.486,80.744],[51.553,80.73],[51.641,80.688],[51.521,80.66],[51.403,80.643],[51.223,80.621],[51.187,80.61],[51.146,80.604],[50.998,80.553],[50.381,80.532],[50.344,80.529],[50.28,80.527],[49.846,80.498],[49.75,80.472],[49.79,80.43],[49.781,80.422],[49.591,80.378],[49.248,80.373],[49.121,80.372],[48.938,80.387],[48.857,80.373],[48.855,80.362],[48.811,80.354],[48.677,80.3],[48.689,80.29],[48.888,80.279],[48.956,80.253],[48.954,80.163],[48.856,80.158],[48.797,80.161],[48.582,80.195],[48.575,80.192],[48.567,80.193],[48.448,80.11],[48.346,80.103],[48.244,80.12],[48.187,80.132],[48.181,80.131],[48.167,80.133],[48.096,80.122]]]},"properties":{"id":"NE50-0161","region":"09","areaKm2":2252.9,"massBalanceMwe":-1.097}},{"type":"Feature","id":"NE50-0162","geometry":{"type":"Polygon","coordinates":[[[13.957,78.299],[13.957,78.299],[13.957,78.299],[13.842,78.28],[13.831,78.26],[13.655,78.245],[13.379,78.241],[13.336,78.288],[12.76,78.394],[12.697,78.457],[12.72,78.516],[12.785,78.503],[13.061,78.504],[13.126,78.572],[13.074,78.637],[13.003,78.623],[12.961,78.562],[12.876,78.548],[12.461,78.568],[12.373,78.623],[12.041,78.705],[11.941,78.766],[11.916,78.853],[12.042,78.912],[12.291,78.882],[12.439,78.884],[12.459,78.965],[12.434,79.032],[12.362,79.048],[12.173,78.984],[12.12,79.034],[12.183,79.137],[12.231,79.172],[12.225,79.239],[12.167,79.279],[12.122,79.371],[12.139,79.48],[12.167,79.51],[12.225,79.496],[12.247,79.437],[12.363,79.264],[12.41,79.274],[12.416,79.47],[12.373,79.565],[12.255,79.59],[12.11,79.555],[12.021,79.516],[11.962,79.423],[11.956,79.358],[11.87,79.306],[11.709,79.305],[11.581,79.284],[11.58,79.283],[11.58,79.283],[11.432,79.258],[11.152,79.255],[11.027,79.3],[10.954,79.418],[10.972,79.502],[11.081,79.516],[11.15,79.55],[11.146,79.612],[11.223,79.637],[11.401,79.606],[11.43,79.624],[11.493,79.687],[11.521,79.762],[11.636,79.794],[11.655,79.818],[11.702,79.821],[11.871,79.785],[11.897,79.738],[11.978,79.673],[12.394,79.64],[12.431,79.711],[12.691,79.746],[12.731,79.675],[12.637,79.622],[12.624,79.586],[12.555,79.569],[12.619,79.571],[12.612,79.553],[12.772,79.444],[12.965,79.457],[13.034,79.426],[13.069,79.331],[13.119,79.311],[13.197,79.309],[13.283,79.351],[13.394,79.367],[13.491,79.336],[13.552,79.274],[13.626,79.254],[13.731,79.266],[13.834,79.196],[14.206,79.17],[14.344,79.175],[14.393,79.15],[14.66,79.128],[14.69,79.194],[14.599,79.21],[14.55,79.277],[14.558,79.379],[14.634,79.43],[14.755,79.442],[14.805,79.407],[14.784,79.358],[14.837,79.297],[14.964,79.275],[15.204,79.294],[15.267,79.244],[15.229,79.192],[15.032,79.114],[14.962,79.068],[14.915,78.966],[14.947,78.906],[14.843,78.859],[14.513,78.856],[14.486,78.757],[14.416,78.696],[14.303,78.655],[14.307,78.579],[14.347,78.568],[14.404,78.517],[14.39,78.484],[14.242,78.444],[14.214,78.352],[14.076,78.342],[13.957,78.299]]]},"properties":{"id":"NE50-0162","region":"07","areaKm2":6737.6,"massBalanceMwe":-1.208}},{"type":"Feature","id":"NE50-0163","geometry":{"type":"Polygon","coordinates":[[[20.589,78.72],[20.589,78.72],[20.589,78.72],[20.105,78.635],[20.103,78.634],[19.769,78.623],[19.677,78.61],[19.655,78.598],[19.619,78.562],[19.424,78.495],[19.386,78.498],[19.106,78.472],[18.999,78.447],[18.929,78.285],[18.849,78.187],[18.481,78.147],[18.03,78.136],[17.985,78.18],[17.96,78.251],[17.89,78.349],[17.642,78.339],[17.415,78.385],[17.363,78.421],[17.348,78.472],[17.389,78.568],[17.326,78.596],[17.226,78.566],[17.225,78.505],[17.193,78.469],[17.147,78.466],[17.103,78.492],[17.143,78.547],[17.111,78.609],[16.895,78.66],[16.847,78.722],[16.578,78.768],[16.439,78.752],[16.326,78.697],[16.007,78.678],[15.916,78.734],[15.92,78.793],[15.947,78.833],[15.987,78.847],[16.075,78.859],[16.213,78.822],[16.314,78.838],[16.361,78.887],[16.42,78.915],[16.555,78.949],[16.588,79.006],[16.798,79.013],[16.844,79.083],[16.805,79.107],[16.685,79.127],[16.67,79.189],[16.506,79.258],[16.475,79.321],[16.193,79.371],[16.105,79.449],[16.074,79.557],[16.07,79.651],[16.104,79.733],[16.179,79.792],[16.305,79.83],[16.368,79.873],[16.342,79.9],[16.334,79.952],[16.388,79.966],[16.499,79.939],[16.604,79.837],[16.693,79.81],[16.792,79.847],[16.885,79.845],[16.982,79.774],[17.128,79.801],[17.178,79.85],[17.757,79.829],[17.835,79.8],[17.956,79.704],[17.86,79.635],[17.85,79.63],[17.693,79.635],[17.336,79.503],[17.288,79.48],[17.266,79.408],[17.3,79.387],[17.35,79.379],[17.448,79.405],[17.544,79.465],[17.615,79.44],[17.592,79.355],[17.735,79.34],[17.922,79.406],[18.049,79.406],[18.126,79.477],[18.116,79.538],[18.272,79.601],[18.333,79.611],[18.397,79.605],[18.581,79.572],[18.748,79.488],[18.785,79.461],[18.815,79.427],[18.832,79.385],[18.823,79.337],[18.807,79.303],[18.72,79.281],[18.678,79.262],[18.772,79.26],[18.88,79.234],[18.979,79.179],[19.089,79.157],[19.327,79.168],[19.344,79.099],[19.395,79.038],[19.438,79.173],[19.49,79.176],[19.751,79.147],[19.894,79.056],[19.957,79.062],[20.009,79.004],[20.45,78.951],[20.581,78.947],[20.591,78.951],[20.72,78.907],[21.09,78.853],[21.312,78.796],[21.353,78.772],[21.389,78.74],[21.244,78.699],[21.096,78.676],[20.916,78.674],[20.909,78.679],[20.801,78.719],[20.589,78.72]]]},"properties":{"id":"NE50-0163","region":"07","areaKm2":10029.7,"massBalanceMwe":-1.208}},{"type":"Feature","id":"NE50-0164","geometry":{"type":"Polygon","coordinates":[[[17.592,77.459],[17.592,77.459],[17.592,77.459],[17.485,77.322],[17.459,77.241],[17.442,77.225],[17.349,77.157],[17.153,77.049],[17.188,77.011],[17.249,76.969],[17.142,76.895],[16.977,76.812],[16.98,76.779],[17.036,76.72],[17.063,76.659],[16.935,76.606],[16.856,76.597],[16.606,76.649],[16.376,76.673],[16.322,76.718],[16.113,76.785],[16.044,76.839],[16.05,76.912],[16.102,76.944],[16.157,76.917],[16.275,76.938],[16.319,76.957],[16.338,77.002],[16.309,77.012],[15.848,77.118],[15.734,77.073],[15.682,77.022],[15.586,77.018],[15.466,77.053],[15.39,77.096],[15.348,77.145],[15.118,77.135],[14.717,77.171],[14.534,77.254],[14.576,77.297],[14.713,77.367],[14.725,77.439],[14.776,77.487],[14.922,77.467],[14.965,77.484],[15.074,77.481],[15.356,77.517],[15.458,77.463],[15.558,77.484],[15.595,77.508],[15.672,77.515],[15.828,77.399],[16.0,77.342],[16.106,77.342],[16.093,77.391],[16.212,77.461],[16.441,77.493],[16.523,77.594],[16.502,77.649],[16.524,77.7],[16.554,77.713],[16.596,77.719],[16.657,77.686],[16.687,77.622],[16.754,77.603],[16.825,77.603],[16.88,77.639],[16.909,77.703],[16.997,77.751],[17.054,77.736],[17.098,77.669],[17.157,77.673],[17.159,77.737],[17.123,77.794],[17.055,77.817],[17.05,77.882],[17.083,77.908],[17.173,77.933],[17.3,77.895],[17.554,77.92],[17.655,77.971],[17.769,77.958],[17.848,78.013],[18.022,78.055],[18.094,78.055],[18.173,78.017],[18.176,77.971],[18.345,77.877],[18.381,77.778],[18.356,77.683],[18.275,77.593],[18.202,77.557],[17.735,77.5],[17.592,77.459]]]},"properties":{"id":"NE50-0164","region":"07","areaKm2":5752.9,"massBalanceMwe":-1.208}},{"type":"Feature","id":"NE50-0165","geometry":{"type":"Polygon","coordinates":[[[91.567,81.141],[91.567,81.141],[91.567,81.141],[91.223,81.064],[89.976,81.113],[89.919,81.149],[89.901,81.171],[90.07,81.214],[91.109,81.199],[91.478,81.184],[91.567,81.141]]]},"properties":{"id":"NE50-0165","region":"09","areaKm2":336.0,"massBalanceMwe":-1.097}},{"type":"Feature","id":"NE50-0166","geometry":{"type":"Polygon","coordinates":[[[79.956,80.967],[79.956,80.967],[79.956,80.967],[79.994,80.873],[79.978,80.846],[79.099,80.812],[79.007,80.835],[78.978,80.848],[79.11,80.924],[79.217,80.96],[79.807,80.975],[79.956,80.967]]]},"properties":{"id":"NE50-0166","region":"09","areaKm2":246.6,"massBalanceMwe":-1.097}},{"type":"Feature","id":"NE50-0167","geometry":{"type":"Polygon","coordinates":[[[96.461,80.805],[96.461,80.805],[96.461,80.805],[97.069,80.645],[97.122,80.617],[97.113,80.614],[97.025,80.536],[97.073,80.52],[97.115,80.497],[97.25,80.363],[97.287,80.343],[97.417,80.323],[97.298,80.273],[97.175,80.241],[95.856,80.177],[94.961,80.15],[94.661,80.123],[94.565,80.126],[94.328,80.076],[93.872,80.01],[93.763,80.01],[93.719,80.022],[93.585,80.158],[93.066,80.172],[92.829,80.198],[92.637,80.247],[92.722,80.266],[92.648,80.351],[92.41,80.372],[92.345,80.436],[92.569,80.45],[92.751,80.515],[92.807,80.501],[92.878,80.528],[92.935,80.611],[93.242,80.708],[94.124,80.797],[94.906,80.844],[96.461,80.805]]]},"properties":{"id":"NE50-0167","region":"09","areaKm2":5683.5,"massBalanceMwe":-1.097}},{"type":"Feature","id":"NE50-0168","geometry":{"type":"Polygon","coordinates":[[[96.633,80.094],[96.633,80.094],[96.633,80.094],[96.823,80.094],[96.927,80.14],[97.121,80.153],[97.587,80.168],[97.674,80.158],[97.904,80.095],[98.018,80.023],[97.907,80.004],[97.808,79.956],[97.76,79.896],[97.669,79.865],[97.433,79.866],[97.186,79.821],[96.817,79.791],[96.421,79.835],[96.339,79.864],[96.277,79.916],[96.302,80.053],[96.633,80.094]]]},"properties":{"id":"NE50-0168","region":"09","areaKm2":986.6,"massBalanceMwe":-1.097}},{"type":"Feature","id":"NE50-0169","geometry":{"type":"Polygon","coordinates":[[[95.653,79.772],[95.653,79.772],[95.653,79.772],[95.099,79.796],[94.813,79.877],[94.871,79.963],[95.298,79.984],[95.795,79.936],[95.859,79.867],[95.834,79.804],[95.653,79.772]]]},"properties":{"id":"NE50-0169","region":"09","areaKm2":363.0,"massBalanceMwe":-1.097}},{"type":"Feature","id":"NE50-0170","geometry":{"type":"Polygon","coordinates":[[[99.785,79.744],[99.785,79.744],[99.785,79.744],[99.768,79.67],[99.772,79.576],[99.771,79.568],[99.749,79.515],[99.721,79.492],[99.706,79.463],[99.722,79.385],[99.681,79.323],[99.537,79.277],[99.388,79.275],[99.167,79.306],[99.104,79.305],[99.042,79.293],[99.317,79.227],[99.517,79.13],[99.751,79.108],[99.815,79.096],[99.9,79.006],[99.929,78.961],[99.541,78.853],[99.44,78.834],[98.82,78.818],[98.458,78.791],[98.412,78.829],[98.129,78.911],[98.055,79.015],[98.163,79.111],[98.241,79.128],[98.277,79.242],[98.163,79.354],[97.984,79.415],[97.748,79.438],[97.475,79.49],[97.334,79.539],[97.3,79.575],[97.331,79.675],[97.393,79.696],[98.062,79.802],[98.227,79.802],[98.444,79.777],[98.589,79.79],[98.689,79.898],[98.818,79.934],[99.111,79.974],[99.204,79.934],[99.557,79.909],[99.697,79.881],[99.828,79.803],[99.785,79.744]]]},"properties":{"id":"NE50-0170","region":"09","areaKm2":4256.9,"massBalanceMwe":-1.097}},{"type":"Feature","id":"NE50-0171","geometry":{"type":"Polygon","coordinates":[[[92.765,79.939],[92.765,79.939],[92.765,79.939],[92.852,79.961],[92.862,79.98],[93.418,79.945],[93.454,79.931],[93.471,79.917],[93.445,79.884],[93.259,79.842],[92.915,79.828],[92.819,79.844],[92.747,79.904],[92.765,79.939]]]},"properties":{"id":"NE50-0171","region":"09","areaKm2":171.9,"massBalanceMwe":-1.097}},{"type":"Feature","id":"NE50-0172","geometry":{"type":"Polygon","coordinates":[[[96.47,79.392],[96.47,79.392],[96.47,79.392],[96.966,79.303],[97.019,79.271],[97.007,79.175],[96.872,79.152],[96.216,79.121],[95.94,79.127],[95.544,79.167],[95.155,79.165],[95.125,79.179],[94.71,79.207],[94.616,79.237],[94.555,79.358],[94.582,79.402],[94.785,79.516],[94.791,79.566],[94.617,79.634],[94.571,79.682],[94.513,79.679],[94.511,79.623],[94.452,79.551],[94.372,79.535],[94.321,79.548],[94.315,79.7],[94.25,79.713],[94.35,79.771],[94.788,79.759],[94.877,79.715],[95.024,79.673],[95.389,79.651],[95.51,79.557],[95.594,79.537],[95.67,79.553],[95.878,79.552],[96.048,79.522],[96.4,79.435],[96.47,79.392]]]},"properties":{"id":"NE50-0172","region":"09","areaKm2":2170.7,"massBalanceMwe":-1.097}},{"type":"Feature","id":"NE50-0173","geometry":{"type":"Polygon","coordinates":[[[102.151,79.044],[102.151,79.044],[102.151,79.044],[101.775,79.054],[101.748,79.106],[102.207,79.154],[102.23,79.059],[102.151,79.044]]]},"properties":{"id":"NE50-0173","region":"09","areaKm2":87.8,"massBalanceMwe":-1.097}},{"type":"Feature","id":"NE50-0174","geometry":{"type":"Polygon","coordinates":[[[105.047,78.661],[105.047,78.661],[105.047,78.661],[105.141,78.624],[105.141,78.528],[105.086,78.499],[104.757,78.422],[104.656,78.44],[104.618,78.506],[104.478,78.586],[104.342,78.6],[104.01,78.586],[103.935,78.603],[103.827,78.601],[103.538,78.576],[103.398,78.544],[103.313,78.505],[103.3,78.418],[103.129,78.421],[103.055,78.451],[102.767,78.481],[102.106,78.494],[102.039,78.45],[101.585,78.38],[101.099,78.256],[100.964,78.288],[101.033,78.33],[101.491,78.498],[101.664,78.536],[101.829,78.523],[101.859,78.615],[101.8,78.645],[101.626,78.686],[101.487,78.677],[101.365,78.725],[101.308,78.713],[101.108,78.774],[101.053,78.85],[101.091,78.933],[101.726,78.926],[102.154,78.876],[102.83,78.697],[103.164,78.713],[103.236,78.766],[103.521,78.825],[103.639,78.878],[103.753,78.879],[103.835,78.845],[104.374,78.723],[104.583,78.723],[104.897,78.807],[105.014,78.764],[105.005,78.712],[105.047,78.661]]]},"properties":{"id":"NE50-0174","region":"09","areaKm2":2872.4,"massBalanceMwe":-1.097}},{"type":"Feature","id":"NE50-0175","geometry":{"type":"Polygon","coordinates":[[[55.336,73.084],[55.336,73.084],[55.336,73.084],[55.152,73.177],[55.117,73.233],[55.31,73.275],[55.377,73.274],[55.429,73.265],[55.458,73.198],[55.441,73.118],[55.393,73.084],[55.336,73.084]]]},"properties":{"id":"NE50-0175","region":"09","areaKm2":160.2,"massBalanceMwe":-1.097}},{"type":"Feature","id":"NE50-0176","geometry":{"type":"Polygon","coordinates":[[[55.25,72.986],[55.25,72.986],[55.25,72.986],[55.341,72.955],[55.274,72.9],[54.948,72.78],[54.601,72.791],[54.552,72.796],[54.499,72.846],[54.518,72.909],[54.433,72.956],[54.164,72.906],[53.892,73.033],[53.786,73.061],[53.826,73.122],[54.044,73.059],[54.425,73.155],[54.664,73.13],[54.746,73.094],[54.784,73.031],[54.853,73.006],[54.964,73.033],[55.25,72.986]]]},"properties":{"id":"NE50-0176","region":"09","areaKm2":1051.2,"massBalanceMwe":-1.097}},{"type":"Feature","id":"NE50-0177","geometry":{"type":"Polygon","coordinates":[[[137.976,67.798],[137.976,67.798],[137.976,67.798],[138.023,67.78],[138.048,67.73],[137.974,67.668],[137.806,67.648],[137.698,67.694],[137.671,67.77],[137.717,67.83],[137.906,67.786],[137.976,67.798]]]},"properties":{"id":"NE50-0177","region":"10","areaKm2":218.8,"massBalanceMwe":-0.848}},{"type":"Feature","id":"NE50-0178","geometry":{"type":"Polygon","coordinates":[[[66.289,76.188],[66.289,76.188],[66.289,76.188],[66.369,76.107],[66.308,75.988],[66.282,75.984],[65.959,75.945],[65.916,75.985],[65.734,76.018],[65.739,75.919],[65.619,75.905],[65.511,75.888],[65.509,75.89],[65.38,75.971],[65.304,75.941],[65.273,75.851],[65.202,75.839],[64.865,75.802],[64.855,75.815],[64.713,75.909],[64.658,75.915],[64.553,75.903],[64.451,75.746],[64.263,75.72],[64.083,75.702],[64.064,75.713],[63.827,75.8],[63.726,75.812],[63.642,75.806],[63.579,75.779],[63.262,75.778],[63.095,75.686],[63.007,75.57],[62.523,75.497],[62.427,75.544],[62.243,75.576],[62.002,75.544],[61.942,75.555],[61.927,75.485],[61.977,75.433],[61.986,75.409],[61.728,75.346],[61.563,75.413],[61.463,75.381],[61.424,75.35],[61.289,75.341],[61.009,75.357],[61.112,75.238],[61.118,75.215],[60.936,75.164],[60.829,75.111],[60.719,75.069],[60.667,75.058],[60.61,75.097],[60.453,75.168],[59.966,75.206],[59.854,75.157],[59.829,75.112],[59.823,75.057],[59.863,75.005],[59.71,74.946],[59.22,74.916],[59.149,74.891],[59.117,74.839],[59.116,74.775],[59.027,74.749],[58.856,74.777],[58.693,74.743],[58.547,74.69],[58.226,74.66],[58.131,74.633],[58.125,74.581],[57.976,74.525],[57.942,74.48],[57.968,74.432],[57.928,74.387],[57.728,74.324],[57.482,74.307],[57.42,74.279],[57.426,74.051],[57.451,74.002],[57.346,73.949],[57.144,73.884],[57.004,73.864],[56.932,73.922],[56.856,73.953],[56.721,73.962],[56.679,73.91],[56.738,73.861],[56.954,73.845],[56.967,73.775],[56.909,73.742],[56.723,73.693],[56.609,73.707],[56.539,73.673],[56.539,73.596],[56.493,73.513],[56.39,73.445],[56.269,73.414],[56.136,73.414],[56.029,73.428],[55.965,73.483],[55.771,73.514],[55.692,73.514],[55.599,73.452],[55.114,73.526],[55.091,73.579],[55.124,73.616],[55.269,73.636],[55.49,73.634],[55.54,73.685],[55.406,73.802],[55.272,73.851],[55.268,73.914],[55.311,73.937],[55.453,73.961],[55.465,74.011],[55.583,74.073],[55.699,74.081],[55.974,74.056],[56.099,74.133],[56.133,74.176],[56.094,74.213],[55.927,74.187],[55.862,74.2],[55.833,74.254],[55.706,74.321],[55.757,74.412],[55.99,74.436],[56.071,74.481],[56.078,74.481],[56.137,74.496],[56.1,74.505],[56.07,74.551],[56.157,74.64],[56.375,74.683],[56.494,74.735],[56.472,74.798],[56.517,74.863],[56.613,74.886],[56.631,74.949],[56.545,74.972],[56.543,75.059],[56.839,75.115],[56.935,75.106],[57.138,75.051],[57.19,75.055],[57.23,75.066],[57.265,75.131],[57.234,75.191],[57.31,75.219],[57.433,75.176],[57.475,75.117],[57.446,75.076],[57.495,75.01],[57.656,75.002],[57.777,75.017],[57.813,75.076],[57.975,75.163],[57.982,75.241],[57.901,75.265],[57.902,75.342],[58.122,75.394],[58.163,75.451],[58.23,75.462],[58.286,75.406],[58.417,75.366],[58.619,75.33],[58.742,75.332],[58.774,75.364],[58.785,75.414],[58.743,75.457],[58.803,75.553],[58.767,75.599],[58.679,75.562],[58.627,75.605],[58.679,75.646],[58.722,75.745],[59.104,75.764],[59.202,75.834],[59.258,75.895],[59.347,75.907],[59.782,75.946],[59.964,75.973],[60.064,75.924],[60.13,75.91],[60.26,75.98],[60.412,75.973],[60.581,75.929],[60.689,75.929],[60.761,75.958],[60.796,76.018],[60.902,76.055],[61.03,76.048],[61.087,76.006],[61.17,76.014],[61.221,76.089],[61.366,76.145],[61.797,76.129],[61.865,76.167],[62.477,76.155],[62.566,76.183],[62.679,76.183],[62.937,76.141],[63.009,76.096],[63.089,76.105],[63.111,76.177],[63.181,76.208],[63.333,76.196],[63.4,76.253],[63.552,76.286],[63.812,76.254],[64.001,76.269],[64.197,76.323],[64.541,76.356],[64.649,76.346],[64.735,76.368],[64.787,76.42],[64.93,76.443],[65.625,76.518],[65.906,76.525],[65.973,76.564],[65.988,76.641],[66.049,76.701],[66.228,76.756],[66.357,76.757],[66.472,76.808],[66.832,76.893],[67.146,76.915],[67.453,76.904],[67.794,76.864],[67.823,76.9],[67.905,76.945],[68.054,76.915],[68.064,76.852],[67.997,76.827],[67.989,76.762],[68.011,76.666],[67.91,76.542],[67.436,76.453],[67.364,76.401],[66.653,76.356],[66.53,76.316],[66.289,76.188]]]},"properties":{"id":"NE50-0178","region":"09","areaKm2":28717.7,"massBalanceMwe":-1.097}},{"type":"Feature","id":"NE50-0179","geometry":{"type":"Polygon","coordinates":[[[83.635,43.907],[83.635,43.907],[83.635,43.907],[83.574,43.933],[83.496,43.993],[83.426,44.018],[83.378,44.082],[83.349,44.183],[83.367,44.239],[83.417,44.252],[83.458,44.229],[83.535,44.089],[83.61,44.06],[83.831,44.045],[83.885,44.083],[83.944,44.094],[84.0,44.078],[84.011,44.048],[83.899,43.989],[83.825,43.908],[83.717,43.897],[83.635,43.907]]]},"properties":{"id":"NE50-0179","region":"13","areaKm2":811.9,"massBalanceMwe":-0.973}},{"type":"Feature","id":"NE50-0180","geometry":{"type":"Polygon","coordinates":[[[88.607,43.789],[88.607,43.789],[88.607,43.789],[88.565,43.755],[88.171,43.744],[88.123,43.823],[88.203,43.872],[88.313,43.908],[88.565,43.841],[88.607,43.789]]]},"properties":{"id":"NE50-0180","region":"13","areaKm2":492.8,"massBalanceMwe":-0.973}},{"type":"Feature","id":"NE50-0181","geometry":{"type":"Polygon","coordinates":[[[84.796,43.443],[84.796,43.443],[84.796,43.443],[84.776,43.496],[84.803,43.602],[84.767,43.68],[84.801,43.698],[84.836,43.667],[84.979,43.633],[85.012,43.667],[85.096,43.678],[85.157,43.658],[85.33,43.518],[85.325,43.458],[85.256,43.443],[85.117,43.468],[85.006,43.463],[84.94,43.417],[84.864,43.407],[84.827,43.423],[84.796,43.443]]]},"properties":{"id":"NE50-0181","region":"13","areaKm2":945.7,"massBalanceMwe":-0.973}},{"type":"Feature","id":"NE50-0182","geometry":{"type":"Polygon","coordinates":[[[77.484,43.137],[77.484,43.137],[77.484,43.137],[77.545,43.175],[77.573,43.142],[77.489,43.082],[77.318,43.002],[77.259,42.905],[77.203,42.879],[77.137,42.898],[77.093,42.965],[77.102,43.016],[77.15,43.021],[77.191,43.048],[77.217,43.097],[77.265,43.127],[77.361,43.145],[77.484,43.137]]]},"properties":{"id":"NE50-0182","region":"13","areaKm2":510.5,"massBalanceMwe":-0.973}},{"type":"Feature","id":"NE50-0183","geometry":{"type":"Polygon","coordinates":[[[80.078,42.355],[80.078,42.355],[80.078,42.355],[80.07,42.284],[80.0,42.24],[80.004,42.186],[80.069,42.165],[80.092,42.124],[80.028,42.053],[80.069,41.924],[80.037,41.846],[79.967,41.802],[79.893,41.813],[79.833,41.874],[79.751,42.005],[79.5,42.001],[79.453,42.061],[79.752,42.316],[79.94,42.413],[80.025,42.408],[80.055,42.385],[80.078,42.355]]]},"properties":{"id":"NE50-0183","region":"13","areaKm2":1938.8,"massBalanceMwe":-0.973}},{"type":"Feature","id":"NE50-0184","geometry":{"type":"Polygon","coordinates":[[[78.864,42.361],[78.864,42.361],[78.864,42.361],[78.873,42.27],[78.65,42.142],[78.703,42.089],[78.854,42.123],[78.914,42.078],[78.834,42.053],[78.762,41.96],[78.701,41.926],[78.628,41.939],[78.593,41.964],[78.58,42.028],[78.525,42.063],[78.401,42.087],[78.28,42.074],[78.241,42.114],[78.456,42.227],[78.589,42.281],[78.656,42.269],[78.794,42.346],[78.864,42.361]]]},"properties":{"id":"NE50-0184","region":"13","areaKm2":1108.6,"massBalanceMwe":-0.973}},{"type":"Feature","id":"NE50-0185","geometry":{"type":"Polygon","coordinates":[[[77.686,41.926],[77.686,41.926],[77.686,41.926],[77.748,41.948],[77.763,41.908],[77.687,41.855],[77.579,41.817],[77.446,41.824],[77.401,41.889],[77.388,41.94],[77.469,42.002],[77.522,42.015],[77.597,41.994],[77.632,41.947],[77.686,41.926]]]},"properties":{"id":"NE50-0185","region":"13","areaKm2":434.5,"massBalanceMwe":-0.973}},{"type":"Feature","id":"NE50-0186","geometry":{"type":"Polygon","coordinates":[[[78.193,41.774],[78.193,41.774],[78.193,41.774],[78.237,41.892],[78.319,41.994],[78.4,41.984],[78.466,41.938],[78.498,41.83],[78.424,41.764],[78.236,41.697],[78.193,41.774]]]},"properties":{"id":"NE50-0186","region":"13","areaKm2":533.2,"massBalanceMwe":-0.973}},{"type":"Feature","id":"NE50-0187","geometry":{"type":"Polygon","coordinates":[[[76.706,41.856],[76.706,41.856],[76.706,41.856],[76.532,41.854],[76.483,41.888],[76.464,41.942],[76.484,41.978],[76.562,41.966],[76.808,41.985],[76.837,41.894],[76.706,41.856]]]},"properties":{"id":"NE50-0187","region":"13","areaKm2":357.0,"massBalanceMwe":-0.973}},{"type":"Feature","id":"NE50-0188","geometry":{"type":"Polygon","coordinates":[[[77.716,41.443],[77.716,41.443],[77.716,41.443],[77.818,41.443],[77.879,41.41],[77.876,41.339],[77.785,41.275],[77.604,41.272],[77.533,41.344],[77.622,41.41],[77.716,41.443]]]},"properties":{"id":"NE50-0188","region":"13","areaKm2":414.5,"massBalanceMwe":-0.973}},{"type":"Feature","id":"NE50-0189","geometry":{"type":"Polygon","coordinates":[[[77.462,40.922],[77.462,40.922],[77.462,40.922],[77.285,40.94],[77.149,40.989],[77.342,41.048],[77.654,41.108],[77.727,41.109],[77.757,41.003],[77.462,40.922]]]},"properties":{"id":"NE50-0189","region":"13","areaKm2":614.7,"massBalanceMwe":-0.973}},{"type":"Feature","id":"NE50-0190","geometry":{"type":"Polygon","coordinates":[[[71.443,39.531],[71.443,39.531],[71.443,39.531],[71.403,39.497],[71.238,39.505],[71.225,39.568],[71.34,39.576],[71.447,39.606],[71.516,39.684],[71.598,39.717],[71.661,39.684],[71.638,39.606],[71.591,39.574],[71.443,39.531]]]},"properties":{"id":"NE50-0190","region":"13","areaKm2":387.8,"massBalanceMwe":-0.973}},{"type":"Feature","id":"NE50-0191","geometry":{"type":"Polygon","coordinates":[[[70.679,39.544],[70.679,39.544],[70.679,39.544],[70.58,39.427],[70.526,39.308],[70.536,39.263],[70.5,39.245],[70.449,39.253],[70.396,39.413],[70.452,39.475],[70.434,39.553],[70.484,39.599],[70.546,39.604],[70.614,39.6],[70.679,39.544]]]},"properties":{"id":"NE50-0191","region":"13","areaKm2":528.7,"massBalanceMwe":-0.973}},{"type":"Feature","id":"NE50-0192","geometry":{"type":"Polygon","coordinates":[[[71.405,38.433],[71.405,38.433],[71.405,38.433],[71.204,38.502],[71.155,38.568],[71.168,38.622],[71.204,38.646],[71.249,38.626],[71.278,38.568],[71.338,38.569],[71.391,38.631],[71.397,38.692],[71.336,38.738],[71.42,38.8],[71.609,38.74],[71.722,38.732],[71.741,38.751],[71.728,38.825],[71.551,38.94],[71.39,38.918],[71.253,38.874],[71.193,38.911],[71.326,38.977],[71.378,39.063],[71.566,39.082],[71.86,39.08],[72.026,39.108],[72.12,39.105],[72.182,39.13],[72.27,39.101],[72.351,39.005],[72.572,38.998],[72.63,38.951],[72.647,38.899],[72.768,38.868],[72.823,38.883],[72.849,38.932],[72.836,38.981],[72.757,39.009],[72.587,39.11],[72.566,39.18],[72.64,39.213],[72.632,39.278],[72.421,39.31],[72.39,39.336],[72.408,39.358],[72.532,39.397],[72.994,39.474],[73.125,39.47],[73.167,39.446],[73.202,39.419],[73.23,39.334],[73.196,39.244],[73.029,39.191],[72.982,39.157],[72.96,39.064],[73.02,39.01],[73.032,38.925],[73.014,38.822],[72.937,38.791],[72.872,38.836],[72.825,38.828],[72.806,38.774],[72.619,38.734],[72.604,38.665],[72.687,38.586],[72.662,38.541],[72.59,38.496],[72.547,38.444],[72.5,38.414],[72.402,38.408],[72.295,38.364],[72.161,38.254],[71.885,38.208],[71.715,38.069],[71.66,38.105],[71.776,38.267],[71.827,38.31],[71.951,38.37],[72.063,38.342],[72.094,38.412],[72.046,38.459],[71.967,38.475],[71.849,38.452],[71.776,38.41],[71.749,38.453],[72.056,38.624],[72.108,38.626],[72.109,38.684],[71.992,38.7],[71.822,38.661],[71.719,38.621],[71.483,38.463],[71.405,38.433]]]},"properties":{"id":"NE50-0192","region":"13","areaKm2":10425.3,"massBalanceMwe":-0.973}},{"type":"Feature","id":"NE50-0193","geometry":{"type":"Polygon","coordinates":[[[71.925,39.222],[71.925,39.222],[71.925,39.222],[71.861,39.216],[71.784,39.223],[71.75,39.264],[71.791,39.304],[71.996,39.368],[72.089,39.374],[72.142,39.321],[72.126,39.264],[72.014,39.259],[71.925,39.222]]]},"properties":{"id":"NE50-0193","region":"13","areaKm2":373.2,"massBalanceMwe":-0.973}},{"type":"Feature","id":"NE50-0194","geometry":{"type":"Polygon","coordinates":[[[75.464,38.566],[75.464,38.566],[75.464,38.566],[75.397,38.542],[75.37,38.495],[75.382,38.439],[75.351,38.395],[75.286,38.403],[75.23,38.437],[75.089,38.602],[75.075,38.665],[75.118,38.688],[75.196,38.652],[75.297,38.651],[75.373,38.656],[75.445,38.64],[75.464,38.566]]]},"properties":{"id":"NE50-0194","region":"13","areaKm2":629.1,"massBalanceMwe":-0.973}},{"type":"Feature","id":"NE50-0195","geometry":{"type":"Polygon","coordinates":[[[70.883,37.868],[70.883,37.868],[70.883,37.868],[70.928,37.933],[70.946,37.995],[70.933,38.057],[70.955,38.106],[71.053,38.154],[71.074,38.218],[71.112,38.243],[71.174,38.201],[71.183,38.135],[70.938,37.837],[70.883,37.868]]]},"properties":{"id":"NE50-0195","region":"13","areaKm2":475.0,"massBalanceMwe":-0.973}},{"type":"Feature","id":"NE50-0196","geometry":{"type":"Polygon","coordinates":[[[73.202,38.111],[73.202,38.111],[73.202,38.111],[73.256,38.098],[73.322,37.995],[73.288,37.921],[73.211,37.894],[73.123,37.892],[73.047,37.947],[73.08,37.973],[73.077,38.024],[73.021,38.08],[73.033,38.157],[73.135,38.199],[73.196,38.185],[73.181,38.148],[73.202,38.111]]]},"properties":{"id":"NE50-0196","region":"13","areaKm2":587.0,"massBalanceMwe":-0.973}},{"type":"Feature","id":"NE50-0197","geometry":{"type":"Polygon","coordinates":[[[72.234,37.997],[72.234,37.997],[72.234,37.997],[72.246,38.035],[72.38,38.07],[72.369,38.115],[72.403,38.164],[72.438,38.18],[72.48,38.187],[72.541,38.138],[72.6,37.973],[72.641,37.92],[72.596,37.837],[72.529,37.808],[72.443,37.798],[72.264,37.8],[72.09,37.781],[72.014,37.864],[72.052,37.962],[72.099,38.016],[72.234,37.997]]]},"properties":{"id":"NE50-0197","region":"13","areaKm2":1494.2,"massBalanceMwe":-0.973}},{"type":"Feature","id":"NE50-0198","geometry":{"type":"Polygon","coordinates":[[[73.876,37.203],[73.876,37.203],[73.876,37.203],[73.758,37.158],[73.605,37.237],[73.586,37.307],[73.608,37.328],[73.678,37.341],[73.752,37.273],[73.875,37.266],[73.967,37.293],[74.13,37.381],[74.159,37.361],[74.162,37.334],[73.927,37.249],[73.876,37.203]]]},"properties":{"id":"NE50-0198","region":"13","areaKm2":415.3,"massBalanceMwe":-0.973}},{"type":"Feature","id":"NE50-0199","geometry":{"type":"Polygon","coordinates":[[[73.078,37.154],[73.078,37.154],[73.078,37.154],[73.199,37.223],[73.445,37.301],[73.501,37.217],[73.429,37.123],[73.257,37.046],[73.163,37.032],[73.104,37.041],[73.043,37.113],[73.078,37.154]]]},"properties":{"id":"NE50-0199","region":"13","areaKm2":684.4,"massBalanceMwe":-0.973}},{"type":"Feature","id":"NE50-0200","geometry":{"type":"Polygon","coordinates":[[[71.698,36.797],[71.698,36.797],[71.698,36.797],[71.671,36.909],[71.631,36.976],[71.637,37.128],[71.668,37.174],[71.748,37.154],[71.786,37.073],[71.849,37.045],[72.204,37.137],[72.28,37.124],[72.304,37.088],[72.022,36.95],[71.847,36.803],[71.789,36.772],[71.698,36.797]]]},"properties":{"id":"NE50-0200","region":"13","areaKm2":1240.0,"massBalanceMwe":-0.973}},{"type":"Feature","id":"NE50-0201","geometry":{"type":"Polygon","coordinates":[[[72.726,36.759],[72.726,36.759],[72.726,36.759],[72.682,36.774],[72.616,36.764],[72.546,36.698],[72.482,36.67],[72.433,36.689],[72.357,36.666],[72.255,36.465],[72.103,36.49],[72.035,36.453],[71.992,36.278],[71.955,36.222],[71.859,36.197],[71.692,36.383],[71.713,36.445],[71.78,36.461],[71.871,36.518],[72.082,36.667],[72.129,36.727],[72.216,36.79],[72.358,36.851],[72.643,36.935],[72.921,36.934],[72.974,36.925],[72.984,36.829],[72.914,36.797],[72.726,36.759]]]},"properties":{"id":"NE50-0201","region":"13","areaKm2":2712.2,"massBalanceMwe":-0.973}},{"type":"Feature","id":"NE50-0202","geometry":{"type":"Polygon","coordinates":[[[77.825,36.804],[77.825,36.804],[77.825,36.804],[77.891,36.734],[77.831,36.678],[77.84,36.618],[77.917,36.581],[77.861,36.494],[77.678,36.462],[77.488,36.471],[77.315,36.512],[77.234,36.56],[77.234,36.598],[77.304,36.623],[77.451,36.627],[77.552,36.663],[77.565,36.734],[77.662,36.786],[77.825,36.804]]]},"properties":{"id":"NE50-0202","region":"13","areaKm2":1372.8,"massBalanceMwe":-0.973}},{"type":"Feature","id":"NE50-0203","geometry":{"type":"Polygon","coordinates":[[[87.47,36.338],[87.47,36.338],[87.47,36.338],[87.254,36.286],[87.203,36.293],[87.153,36.351],[87.185,36.414],[87.286,36.478],[87.346,36.557],[87.418,36.593],[87.481,36.567],[87.496,36.508],[87.47,36.338]]]},"properties":{"id":"NE50-0203","region":"13","areaKm2":648.5,"massBalanceMwe":-0.973}},{"type":"Feature","id":"NE50-0204","geometry":{"type":"Polygon","coordinates":[[[76.383,36.427],[76.383,36.427],[76.383,36.427],[76.463,36.384],[76.491,36.327],[76.461,36.261],[76.393,36.249],[76.226,36.42],[76.203,36.483],[76.216,36.535],[76.239,36.554],[76.296,36.523],[76.383,36.427]]]},"properties":{"id":"NE50-0204","region":"13","areaKm2":410.8,"massBalanceMwe":-0.973}},{"type":"Feature","id":"NE50-0205","geometry":{"type":"Polygon","coordinates":[[[79.13,36.18],[79.13,36.18],[79.13,36.18],[79.195,36.218],[79.458,36.177],[79.48,36.131],[79.543,36.128],[79.641,36.159],[79.681,36.088],[79.634,36.014],[79.629,35.927],[79.665,35.88],[79.711,35.845],[79.812,35.836],[79.897,35.907],[79.947,35.838],[79.884,35.786],[79.802,35.753],[79.655,35.747],[79.44,35.877],[79.24,36.058],[79.202,36.117],[79.13,36.18]]]},"properties":{"id":"NE50-0205","region":"13","areaKm2":1505.0,"massBalanceMwe":-0.973}},{"type":"Feature","id":"NE50-0206","geometry":{"type":"Polygon","coordinates":[[[72.34,36.195],[72.34,36.195],[72.34,36.195],[72.367,36.122],[72.316,35.999],[72.37,35.919],[72.563,35.965],[72.616,35.956],[72.655,35.928],[72.633,35.873],[72.535,35.893],[72.41,35.799],[72.302,35.767],[72.178,35.768],[72.141,35.844],[72.23,35.97],[72.256,36.113],[72.283,36.165],[72.34,36.195]]]},"properties":{"id":"NE50-0206","region":"13","areaKm2":825.9,"massBalanceMwe":-0.973}},{"type":"Feature","id":"NE50-0207","geometry":{"type":"Polygon","coordinates":[[[91.042,35.992],[91.042,35.992],[91.042,35.992],[90.875,35.973],[90.797,36.027],[90.797,36.065],[90.879,36.135],[90.976,36.144],[91.069,36.116],[91.042,35.992]]]},"properties":{"id":"NE50-0207","region":"13","areaKm2":352.3,"massBalanceMwe":-0.973}},{"type":"Feature","id":"NE50-0208","geometry":{"type":"Polygon","coordinates":[[[82.31,35.527],[82.31,35.527],[82.31,35.527],[82.187,35.487],[82.071,35.405],[82.022,35.444],[82.047,35.481],[82.191,35.583],[82.253,35.659],[82.338,35.717],[82.433,35.662],[82.381,35.575],[82.31,35.527]]]},"properties":{"id":"NE50-0208","region":"13","areaKm2":449.1,"massBalanceMwe":-0.973}},{"type":"Feature","id":"NE50-0209","geometry":{"type":"Polygon","coordinates":[[[81.378,35.286],[81.378,35.286],[81.378,35.286],[81.263,35.289],[81.117,35.219],[80.998,35.212],[80.951,35.167],[80.897,35.154],[80.843,35.192],[80.642,35.238],[80.35,35.441],[80.299,35.5],[80.308,35.585],[80.372,35.574],[80.612,35.601],[80.706,35.55],[81.123,35.564],[81.368,35.513],[81.421,35.447],[81.506,35.445],[81.55,35.519],[81.616,35.551],[81.686,35.536],[81.702,35.472],[81.629,35.394],[81.544,35.245],[81.458,35.221],[81.378,35.286]]]},"properties":{"id":"NE50-0209","region":"13","areaKm2":3827.0,"massBalanceMwe":-0.973}},{"type":"Feature","id":"NE50-0210","geometry":{"type":"Polygon","coordinates":[[[74.667,35.25],[74.667,35.25],[74.667,35.25],[74.462,35.123],[74.38,35.138],[74.425,35.227],[74.588,35.345],[74.656,35.373],[74.702,35.37],[74.714,35.317],[74.667,35.25]]]},"properties":{"id":"NE50-0210","region":"13","areaKm2":387.4,"massBalanceMwe":-0.973}},{"type":"Feature","id":"NE50-0211","geometry":{"type":"Polygon","coordinates":[[[78.127,34.98],[78.127,34.98],[78.127,34.98],[78.188,35.018],[78.438,34.972],[78.498,34.915],[78.555,34.89],[78.605,34.89],[78.637,34.868],[78.556,34.812],[78.473,34.828],[78.415,34.788],[78.36,34.809],[78.349,34.864],[78.309,34.886],[78.246,34.876],[78.179,34.905],[78.127,34.98]]]},"properties":{"id":"NE50-0211","region":"13","areaKm2":561.1,"massBalanceMwe":-0.973}},{"type":"Feature","id":"NE50-0212","geometry":{"type":"Polygon","coordinates":[[[78.09,33.773],[78.09,33.773],[78.09,33.773],[77.971,33.856],[77.899,34.014],[77.839,34.077],[77.85,34.175],[77.895,34.227],[77.957,34.253],[78.022,34.203],[77.988,34.165],[78.014,33.966],[78.237,33.827],[78.282,33.774],[78.308,33.684],[78.294,33.633],[78.254,33.609],[78.09,33.773]]]},"properties":{"id":"NE50-0212","region":"14","areaKm2":934.9,"massBalanceMwe":-1.024}},{"type":"Feature","id":"NE50-0213","geometry":{"type":"Polygon","coordinates":[[[79.911,34.116],[79.911,34.116],[79.911,34.116],[79.92,33.996],[79.958,33.913],[79.898,33.873],[79.799,33.925],[79.742,33.9],[79.728,33.873],[79.679,33.864],[79.653,33.887],[79.636,33.923],[79.658,33.98],[79.748,34.001],[79.863,34.141],[79.888,34.141],[79.911,34.116]]]},"properties":{"id":"NE50-0213","region":"14","areaKm2":470.2,"massBalanceMwe":-1.024}},{"type":"Feature","id":"NE50-0214","geometry":{"type":"Polygon","coordinates":[[[76.599,33.064],[76.599,33.064],[76.599,33.064],[76.536,33.122],[76.597,33.184],[76.591,33.265],[76.51,33.364],[76.457,33.468],[76.349,33.509],[76.256,33.509],[76.216,33.429],[76.138,33.407],[76.067,33.434],[76.025,33.605],[75.927,33.69],[75.976,33.738],[76.013,33.845],[76.054,33.901],[76.023,33.876],[75.958,33.886],[75.881,33.934],[75.718,33.95],[75.742,34.002],[75.924,33.995],[76.016,34.046],[76.11,34.047],[76.253,33.969],[76.292,33.869],[76.352,33.821],[76.388,33.768],[76.416,33.667],[76.447,33.646],[76.587,33.619],[76.651,33.574],[76.897,33.306],[77.136,33.164],[77.095,33.079],[77.011,33.037],[76.895,33.014],[76.72,33.031],[76.599,33.064]]]},"properties":{"id":"NE50-0214","region":"14","areaKm2":4602.3,"massBalanceMwe":-1.024}},{"type":"Feature","id":"NE50-0215","geometry":{"type":"Polygon","coordinates":[[[89.028,33.944],[89.028,33.944],[89.028,33.944],[89.079,34.034],[89.21,33.986],[89.271,33.912],[89.176,33.813],[89.11,33.786],[89.053,33.836],[89.028,33.944]]]},"properties":{"id":"NE50-0215","region":"15","areaKm2":385.9,"massBalanceMwe":-0.807}},{"type":"Feature","id":"NE50-0216","geometry":{"type":"Polygon","coordinates":[[[77.898,33.62],[77.898,33.62],[77.898,33.62],[77.93,33.604],[77.894,33.473],[77.694,33.403],[77.632,33.443],[77.607,33.527],[77.512,33.654],[77.512,33.738],[77.551,33.784],[77.602,33.806],[77.644,33.716],[77.656,33.648],[77.686,33.597],[77.76,33.555],[77.843,33.569],[77.898,33.62]]]},"properties":{"id":"NE50-0216","region":"14","areaKm2":714.1,"massBalanceMwe":-1.024}},{"type":"Feature","id":"NE50-0217","geometry":{"type":"Polygon","coordinates":[[[91.077,33.29],[91.077,33.29],[91.077,33.29],[91.03,33.349],[90.995,33.473],[91.021,33.57],[91.086,33.602],[91.162,33.605],[91.227,33.468],[91.237,33.278],[91.201,33.18],[91.143,33.18],[91.099,33.211],[91.077,33.29]]]},"properties":{"id":"NE50-0217","region":"15","areaKm2":766.1,"massBalanceMwe":-0.807}},{"type":"Feature","id":"NE50-0218","geometry":{"type":"Polygon","coordinates":[[[77.892,32.577],[77.892,32.577],[77.892,32.577],[77.897,32.501],[77.844,32.491],[77.707,32.528],[77.638,32.514],[77.579,32.534],[77.538,32.577],[77.54,32.679],[77.607,32.711],[77.688,32.701],[77.807,32.643],[77.892,32.577]]]},"properties":{"id":"NE50-0218","region":"14","areaKm2":562.1,"massBalanceMwe":-1.024}},{"type":"Feature","id":"NE50-0219","geometry":{"type":"Polygon","coordinates":[[[77.65,32.054],[77.65,32.054],[77.65,32.054],[77.499,32.104],[77.399,32.161],[77.402,32.238],[77.522,32.263],[77.559,32.251],[77.637,32.294],[77.738,32.413],[77.818,32.376],[77.832,32.278],[77.88,32.257],[77.873,32.155],[77.779,32.027],[77.71,31.982],[77.69,32.024],[77.65,32.054]]]},"properties":{"id":"NE50-0219","region":"14","areaKm2":1143.0,"massBalanceMwe":-1.024}},{"type":"Feature","id":"NE50-0220","geometry":{"type":"Polygon","coordinates":[[[77.717,31.69],[77.717,31.69],[77.717,31.69],[77.644,31.713],[77.653,31.804],[77.531,31.874],[77.555,31.928],[77.728,31.912],[77.8,31.864],[77.848,31.819],[77.881,31.753],[77.835,31.692],[77.717,31.69]]]},"properties":{"id":"NE50-0220","region":"14","areaKm2":521.0,"massBalanceMwe":-1.024}},{"type":"Feature","id":"NE50-0221","geometry":{"type":"Polygon","coordinates":[[[78.361,31.292],[78.361,31.292],[78.361,31.292],[78.478,31.296],[78.552,31.316],[78.543,31.364],[78.575,31.381],[78.613,31.367],[78.63,31.34],[78.616,31.278],[78.64,31.242],[78.594,31.007],[78.519,31.029],[78.455,31.134],[78.326,31.238],[78.361,31.292]]]},"properties":{"id":"NE50-0221","region":"14","areaKm2":647.8,"massBalanceMwe":-1.024}},{"type":"Feature","id":"NE50-0222","geometry":{"type":"Polygon","coordinates":[[[79.456,30.826],[79.456,30.826],[79.456,30.826],[79.396,30.775],[79.366,30.719],[79.377,30.663],[79.338,30.63],[79.24,30.725],[79.122,30.752],[79.039,30.739],[78.924,30.77],[78.851,30.808],[78.8,30.872],[78.851,30.965],[78.942,30.953],[79.014,30.986],[79.048,31.047],[79.116,31.077],[79.259,31.058],[79.303,31.086],[79.318,31.15],[79.37,31.172],[79.425,31.115],[79.617,31.078],[79.711,31.043],[79.781,30.96],[79.804,30.864],[79.772,30.676],[79.738,30.63],[79.664,30.643],[79.596,30.724],[79.533,30.763],[79.507,30.813],[79.456,30.826]]]},"properties":{"id":"NE50-0222","region":"14","areaKm2":3314.5,"massBalanceMwe":-1.024}},{"type":"Feature","id":"NE50-0223","geometry":{"type":"Polygon","coordinates":[[[94.309,30.8],[94.309,30.8],[94.309,30.8],[94.18,30.792],[93.826,30.835],[93.742,30.868],[93.484,30.914],[93.376,31.029],[93.382,31.067],[93.477,31.052],[93.737,30.947],[93.989,30.879],[94.263,30.889],[94.396,30.963],[94.435,30.967],[94.471,30.956],[94.485,30.895],[94.309,30.8]]]},"properties":{"id":"NE50-0223","region":"15","areaKm2":1075.5,"massBalanceMwe":-0.807}},{"type":"Feature","id":"NE50-0224","geometry":{"type":"Polygon","coordinates":[[[80.156,30.517],[80.156,30.517],[80.156,30.517],[80.105,30.432],[80.097,30.345],[80.14,30.281],[80.059,30.234],[79.887,30.227],[79.767,30.251],[79.735,30.286],[79.711,30.337],[79.742,30.405],[79.808,30.419],[79.837,30.458],[79.837,30.509],[79.863,30.565],[79.921,30.622],[80.017,30.63],[80.08,30.605],[80.137,30.578],[80.156,30.517]]]},"properties":{"id":"NE50-0224","region":"14","areaKm2":1323.9,"massBalanceMwe":-1.024}},{"type":"Feature","id":"NE50-0225","geometry":{"type":"Polygon","coordinates":[[[80.284,30.554],[80.284,30.554],[80.284,30.554],[80.36,30.476],[80.456,30.323],[80.504,30.178],[80.5,30.151],[80.436,30.136],[80.369,30.203],[80.253,30.378],[80.221,30.461],[80.218,30.559],[80.262,30.567],[80.284,30.554]]]},"properties":{"id":"NE50-0225","region":"14","areaKm2":607.8,"massBalanceMwe":-1.024}},{"type":"Feature","id":"NE50-0226","geometry":{"type":"Polygon","coordinates":[[[90.743,30.568],[90.743,30.568],[90.743,30.568],[90.8,30.48],[90.58,30.311],[90.48,30.264],[90.269,30.224],[90.206,30.129],[90.125,30.178],[90.156,30.237],[90.307,30.329],[90.361,30.383],[90.58,30.483],[90.654,30.535],[90.743,30.568]]]},"properties":{"id":"NE50-0226","region":"15","areaKm2":953.4,"massBalanceMwe":-0.807}},{"type":"Feature","id":"NE50-0227","geometry":{"type":"Polygon","coordinates":[[[93.567,30.316],[93.567,30.316],[93.567,30.316],[93.633,30.332],[93.902,30.335],[93.947,30.312],[93.938,30.257],[93.867,30.24],[93.812,30.201],[93.776,30.142],[93.692,30.156],[93.599,30.234],[93.567,30.316]]]},"properties":{"id":"NE50-0227","region":"15","areaKm2":510.5,"massBalanceMwe":-0.807}},{"type":"Feature","id":"NE50-0228","geometry":{"type":"Polygon","coordinates":[[[82.315,29.86],[82.315,29.86],[82.315,29.86],[82.382,29.909],[82.388,29.97],[82.374,29.985],[82.298,29.989],[82.244,29.924],[82.184,29.899],[82.058,29.958],[82.047,30.014],[82.091,30.087],[82.094,30.186],[82.076,30.245],[82.123,30.331],[82.182,30.306],[82.351,30.066],[82.46,29.978],[82.491,29.86],[82.431,29.751],[82.358,29.726],[82.321,29.791],[82.315,29.86]]]},"properties":{"id":"NE50-0228","region":"15","areaKm2":1216.3,"massBalanceMwe":-0.807}},{"type":"Feature","id":"NE50-0229","geometry":{"type":"Polygon","coordinates":[[[81.805,30.113],[81.805,30.113],[81.805,30.113],[81.614,30.102],[81.558,30.128],[81.611,30.214],[81.746,30.225],[81.863,30.191],[81.911,30.157],[81.953,30.111],[81.912,30.047],[81.805,30.113]]]},"properties":{"id":"NE50-0229","region":"14","areaKm2":409.2,"massBalanceMwe":-1.024}},{"type":"Feature","id":"NE50-0230","geometry":{"type":"Polygon","coordinates":[[[80.873,30.026],[80.873,30.026],[80.873,30.026],[80.991,30.071],[81.046,30.129],[81.033,30.179],[81.071,30.177],[81.147,30.119],[81.168,30.026],[81.119,29.948],[81.098,29.829],[81.036,29.82],[80.997,29.846],[80.944,29.948],[80.89,29.951],[80.873,30.026]]]},"properties":{"id":"NE50-0230","region":"14","areaKm2":617.2,"massBalanceMwe":-1.024}},{"type":"Feature","id":"NE50-0231","geometry":{"type":"Polygon","coordinates":[[[82.943,29.646],[82.943,29.646],[82.943,29.646],[82.828,29.588],[82.752,29.599],[82.727,29.666],[82.674,29.697],[82.621,29.666],[82.592,29.695],[82.593,29.797],[82.549,29.895],[82.576,29.935],[82.628,29.937],[82.711,29.897],[82.968,29.734],[83.004,29.696],[82.943,29.646]]]},"properties":{"id":"NE50-0231","region":"15","areaKm2":899.7,"massBalanceMwe":-0.807}},{"type":"Feature","id":"NE50-0232","geometry":{"type":"Polygon","coordinates":[[[96.926,29.231],[96.926,29.231],[96.926,29.231],[96.982,29.206],[97.124,29.126],[97.146,29.098],[97.104,29.048],[97.022,29.082],[96.914,29.101],[96.787,29.086],[96.672,29.141],[96.596,29.3],[96.5,29.366],[96.424,29.366],[96.191,29.468],[96.115,29.462],[96.04,29.515],[96.021,29.546],[96.024,29.584],[96.028,29.599],[96.12,29.615],[96.208,29.591],[96.294,29.558],[96.508,29.437],[96.753,29.38],[96.806,29.287],[96.861,29.23],[96.926,29.231]]]},"properties":{"id":"NE50-0232","region":"15","areaKm2":1676.7,"massBalanceMwe":-0.807}},{"type":"Feature","id":"NE50-0233","geometry":{"type":"Polygon","coordinates":[[[82.654,29.483],[82.654,29.483],[82.654,29.483],[82.748,29.444],[82.816,29.379],[82.81,29.276],[82.657,29.296],[82.583,29.266],[82.526,29.312],[82.502,29.414],[82.506,29.479],[82.54,29.494],[82.654,29.483]]]},"properties":{"id":"NE50-0233","region":"15","areaKm2":581.7,"massBalanceMwe":-0.807}},{"type":"Feature","id":"NE50-0234","geometry":{"type":"Polygon","coordinates":[[[84.499,28.497],[84.499,28.497],[84.499,28.497],[84.476,28.56],[84.496,28.617],[84.443,28.656],[84.355,28.622],[84.295,28.672],[84.321,28.788],[84.245,28.837],[84.128,28.831],[84.126,28.938],[84.222,28.948],[84.469,28.93],[84.515,28.9],[84.536,28.864],[84.536,28.826],[84.617,28.595],[84.671,28.5],[84.732,28.466],[84.753,28.413],[84.749,28.367],[84.696,28.341],[84.654,28.358],[84.499,28.497]]]},"properties":{"id":"NE50-0234","region":"15","areaKm2":1483.3,"massBalanceMwe":-0.807}},{"type":"Feature","id":"NE50-0235","geometry":{"type":"Polygon","coordinates":[[[83.472,28.903],[83.472,28.903],[83.472,28.903],[83.516,28.916],[83.561,28.834],[83.563,28.754],[83.538,28.686],[83.456,28.641],[83.417,28.675],[83.296,28.668],[83.199,28.681],[83.127,28.722],[83.139,28.822],[83.345,28.8],[83.395,28.82],[83.472,28.903]]]},"properties":{"id":"NE50-0235","region":"15","areaKm2":749.1,"massBalanceMwe":-0.807}},{"type":"Feature","id":"NE50-0236","geometry":{"type":"Polygon","coordinates":[[[85.877,28.341],[85.877,28.341],[85.877,28.341],[85.83,28.295],[85.82,28.225],[85.898,28.159],[85.869,28.098],[85.787,28.127],[85.584,28.241],[85.49,28.439],[85.468,28.533],[85.392,28.559],[85.354,28.61],[85.392,28.685],[85.43,28.716],[85.629,28.526],[85.795,28.465],[85.848,28.429],[85.877,28.341]]]},"properties":{"id":"NE50-0236","region":"15","areaKm2":1446.0,"massBalanceMwe":-0.807}},{"type":"Feature","id":"NE50-0237","geometry":{"type":"Polygon","coordinates":[[[83.864,28.506],[83.864,28.506],[83.864,28.506],[83.8,28.542],[83.764,28.632],[83.821,28.688],[84.014,28.626],[84.143,28.566],[84.252,28.492],[84.194,28.428],[84.115,28.438],[83.947,28.517],[83.864,28.506]]]},"properties":{"id":"NE50-0237","region":"15","areaKm2":660.4,"massBalanceMwe":-0.807}},{"type":"Feature","id":"NE50-0238","geometry":{"type":"Polygon","coordinates":[[[90.175,27.87],[90.175,27.87],[90.175,27.87],[90.217,27.954],[90.291,28.031],[90.221,28.107],[90.087,28.142],[90.053,28.222],[90.574,28.326],[90.625,28.325],[90.642,28.242],[90.578,28.174],[90.608,28.102],[90.733,28.089],[90.764,28.036],[90.707,28.013],[90.652,27.904],[90.62,27.875],[90.537,27.886],[90.473,27.974],[90.343,28.008],[90.279,27.952],[90.259,27.757],[90.208,27.727],[90.175,27.775],[90.175,27.87]]]},"properties":{"id":"NE50-0238","region":"15","areaKm2":1993.4,"massBalanceMwe":-0.807}},{"type":"Feature","id":"NE50-0239","geometry":{"type":"Polygon","coordinates":[[[87.529,27.608],[87.529,27.608],[87.529,27.608],[87.565,27.69],[87.57,27.763],[87.545,27.845],[87.514,27.926],[87.424,27.959],[87.365,27.966],[87.101,27.721],[86.889,27.663],[86.826,27.72],[86.832,27.859],[86.814,27.93],[86.741,27.937],[86.642,27.91],[86.614,27.841],[86.633,27.764],[86.566,27.737],[86.378,27.831],[86.314,27.927],[86.29,27.998],[86.441,28.153],[86.494,28.188],[86.61,28.211],[86.663,28.252],[86.73,28.251],[86.783,28.206],[86.86,28.186],[86.949,28.18],[87.109,28.237],[87.223,28.227],[87.319,28.12],[87.387,28.11],[87.417,28.191],[87.486,28.233],[87.57,28.235],[87.629,28.15],[87.621,27.996],[87.676,27.914],[87.764,28.013],[87.854,28.054],[87.99,28.021],[88.609,28.035],[88.715,27.994],[88.905,27.956],[88.983,27.882],[88.99,27.819],[88.954,27.759],[88.839,27.668],[88.794,27.674],[88.777,27.719],[88.74,27.725],[88.7,27.681],[88.581,27.683],[88.459,27.637],[88.308,27.639],[88.25,27.585],[88.081,27.552],[88.018,27.597],[87.989,27.682],[87.937,27.725],[87.826,27.702],[87.77,27.616],[87.727,27.592],[87.683,27.609],[87.624,27.597],[87.557,27.556],[87.529,27.608]]]},"properties":{"id":"NE50-0239","region":"15","areaKm2":10728.4,"massBalanceMwe":-0.807}},{"type":"Feature","id":"NE50-0240","geometry":{"type":"Polygon","coordinates":[[[92.396,27.992],[92.396,27.992],[92.396,27.992],[92.675,28.03],[92.736,28.024],[92.781,27.947],[92.63,27.778],[92.508,27.742],[92.329,27.754],[92.234,27.808],[92.229,27.874],[92.171,27.905],[92.087,27.884],[92.123,27.997],[92.243,28.008],[92.396,27.992]]]},"properties":{"id":"NE50-0240","region":"15","areaKm2":1470.7,"massBalanceMwe":-0.807}},{"type":"Feature","id":"NE50-0241","geometry":{"type":"Polygon","coordinates":[[[74.012,36.412],[74.012,36.412],[74.012,36.412],[74.083,36.529],[74.096,36.643],[74.046,36.729],[73.975,36.732],[73.942,36.654],[73.889,36.634],[73.826,36.669],[73.748,36.68],[73.614,36.668],[73.443,36.705],[73.376,36.668],[73.373,36.579],[73.295,36.606],[73.251,36.642],[73.166,36.634],[73.083,36.536],[72.916,36.414],[72.875,36.387],[72.816,36.408],[72.838,36.472],[72.888,36.511],[72.957,36.532],[73.0,36.591],[72.992,36.694],[73.109,36.775],[73.48,36.812],[73.542,36.786],[73.612,36.792],[73.712,36.865],[73.817,36.862],[73.857,36.891],[73.904,36.819],[73.936,36.798],[74.001,36.818],[74.029,36.912],[74.072,36.973],[74.122,36.998],[74.178,37.003],[74.327,36.974],[74.391,36.984],[74.436,37.011],[74.376,37.088],[74.218,37.068],[74.183,37.168],[74.508,37.267],[74.565,37.256],[74.74,37.287],[74.724,37.225],[74.581,37.201],[74.579,37.105],[74.655,37.069],[75.064,37.007],[75.205,37.048],[75.244,37.011],[75.424,36.987],[75.478,36.941],[75.483,36.876],[75.56,36.847],[75.65,36.929],[75.717,36.948],[75.762,36.929],[75.909,36.766],[75.88,36.728],[75.768,36.785],[75.688,36.795],[75.666,36.747],[75.682,36.676],[75.776,36.637],[75.887,36.54],[75.917,36.494],[75.908,36.424],[75.769,36.417],[75.59,36.541],[75.478,36.523],[75.43,36.555],[75.374,36.559],[75.291,36.516],[75.21,36.527],[75.017,36.6],[74.979,36.641],[74.983,36.734],[75.023,36.758],[75.143,36.825],[75.306,36.833],[75.269,36.858],[75.233,36.938],[74.986,36.926],[74.921,36.869],[74.833,36.844],[74.659,36.909],[74.549,36.915],[74.477,36.91],[74.376,36.859],[74.206,36.867],[74.175,36.802],[74.195,36.779],[74.351,36.719],[74.435,36.734],[74.681,36.67],[74.717,36.635],[74.719,36.583],[74.748,36.531],[74.812,36.495],[74.805,36.404],[74.744,36.375],[74.482,36.352],[74.389,36.376],[74.376,36.458],[74.309,36.5],[74.107,36.381],[74.074,36.32],[74.024,36.303],[73.997,36.336],[74.012,36.412]]]},"properties":{"id":"NE50-0241","region":"13","areaKm2":9645.6,"massBalanceMwe":-0.973}},{"type":"Feature","id":"NE50-0242","geometry":{"type":"Polygon","coordinates":[[[77.264,34.841],[77.264,34.841],[77.264,34.841],[77.227,34.899],[76.971,34.947],[76.867,34.984],[76.822,35.051],[76.863,35.091],[76.91,35.1],[76.954,35.157],[76.94,35.212],[76.86,35.241],[76.782,35.201],[76.74,35.223],[76.772,35.27],[76.732,35.341],[76.589,35.337],[76.481,35.393],[76.456,35.523],[76.386,35.566],[76.328,35.526],[76.333,35.362],[76.257,35.318],[76.09,35.475],[76.041,35.461],[75.895,35.533],[75.708,35.589],[75.752,35.64],[75.821,35.639],[75.987,35.601],[76.091,35.551],[76.16,35.583],[76.28,35.719],[76.244,35.781],[76.078,35.716],[76.042,35.743],[75.994,35.846],[75.904,35.916],[75.853,35.936],[75.791,35.912],[75.804,35.842],[75.746,35.81],[75.63,35.865],[75.546,35.865],[75.522,35.912],[75.319,36.008],[75.253,36.008],[75.166,35.952],[75.097,35.932],[75.015,35.932],[74.971,35.898],[74.989,35.82],[74.942,35.777],[74.912,35.781],[74.89,35.79],[74.87,35.839],[74.894,35.896],[74.84,35.971],[74.675,36.053],[74.58,36.071],[74.438,36.064],[74.397,36.118],[74.407,36.168],[74.498,36.218],[74.604,36.216],[74.692,36.181],[74.962,36.146],[74.993,36.231],[74.929,36.317],[74.978,36.418],[75.034,36.443],[75.111,36.454],[75.256,36.427],[75.379,36.354],[75.483,36.339],[75.557,36.375],[75.648,36.369],[75.748,36.321],[75.836,36.314],[75.901,36.362],[76.02,36.36],[76.252,36.22],[76.303,36.168],[76.321,36.092],[76.292,36.017],[76.362,35.964],[76.529,35.969],[76.649,35.947],[76.816,35.787],[76.904,35.741],[77.022,35.764],[77.131,35.881],[77.118,35.928],[77.19,35.932],[77.279,35.841],[77.487,35.796],[77.536,35.747],[77.539,35.645],[77.481,35.605],[77.475,35.534],[77.559,35.45],[77.621,35.355],[77.664,35.237],[77.674,35.15],[77.712,35.131],[77.781,35.009],[77.973,34.924],[78.037,34.877],[78.081,34.781],[78.037,34.737],[78.038,34.7],[78.079,34.685],[78.103,34.649],[78.259,34.314],[78.233,34.243],[78.164,34.237],[78.017,34.364],[77.96,34.384],[77.834,34.559],[77.793,34.653],[77.725,34.692],[77.652,34.771],[77.563,35.017],[77.417,35.087],[77.346,35.142],[77.31,35.195],[77.31,35.246],[77.278,35.273],[77.222,35.253],[77.193,35.183],[77.243,35.072],[77.416,34.875],[77.4,34.817],[77.366,34.802],[77.324,34.803],[77.264,34.841]]]},"properties":{"id":"NE50-0242","region":"13","areaKm2":19877.4,"massBalanceMwe":-0.973}},{"type":"Feature","id":"NE50-0243","geometry":{"type":"Polygon","coordinates":[[[78.752,34.039],[78.752,34.039],[78.752,34.039],[78.694,34.014],[78.517,34.141],[78.345,34.089],[78.292,34.156],[78.327,34.262],[78.334,34.347],[78.36,34.399],[78.36,34.455],[78.301,34.507],[78.254,34.642],[78.369,34.665],[78.468,34.626],[78.615,34.418],[78.756,34.377],[78.769,34.292],[78.692,34.273],[78.67,34.216],[78.686,34.177],[78.745,34.128],[78.787,34.134],[78.849,34.189],[78.92,34.205],[78.978,34.184],[78.969,34.122],[78.769,34.064],[78.752,34.039]]]},"properties":{"id":"NE50-0243","region":"13","areaKm2":2080.8,"massBalanceMwe":-0.973}},{"type":"Feature","id":"NE50-0244","geometry":{"type":"Polygon","coordinates":[[[69.096,-49.468],[69.096,-49.468],[68.981,-49.451],[68.915,-49.398],[68.922,-49.302],[68.992,-49.192],[69.087,-49.188],[69.177,-49.22],[69.253,-49.31],[69.233,-49.366],[69.168,-49.419],[69.096,-49.468]]]},"properties":{"id":"NE50-0244","region":"19","areaKm2":555.0,"massBalanceMwe":-0.351}},{"type":"Feature","id":"NE50-0245","geometry":{"type":"Polygon","coordinates":[[[-120.722,-73.752],[-120.722,-73.752],[-120.722,-73.752],[-120.722,-73.752],[-120.722,-73.752],[-120.722,-73.752],[-120.722,-73.752],[-120.722,-73.752],[-120.722,-73.752],[-120.722,-73.752],[-120.722,-73.752],[-120.722,-73.752],[-120.722,-73.752],[-120.722,-73.752],[-120.722,-73.752],[-120.722,-73.752],[-120.722,-73.752],[-120.722,-73.752],[-120.722,-73.752],[-120.722,-73.752],[-120.556,-73.756],[-120.378,-73.856],[-120.312,-73.922],[-120.272,-73.989],[-120.99,-74.157],[-121.019,-74.173],[-121.054,-74.26],[-121.036,-74.279],[-121.005,-74.293],[-121.002,-74.326],[-121.062,-74.337],[-122.287,-74.403],[-122.859,-74.343],[-122.938,-74.302],[-122.956,-74.24],[-122.891,-74.227],[-122.765,-74.219],[-122.794,-74.19],[-122.875,-74.141],[-122.881,-74.099],[-122.71,-73.994],[-122.625,-73.966],[-122.951,-73.867],[-122.992,-73.844],[-123.035,-73.838],[-123.191,-73.849],[-123.346,-73.843],[-123.292,-73.803],[-123.249,-73.739],[-123.112,-73.682],[-123.012,-73.673],[-122.91,-73.68],[-122.436,-73.682],[-121.967,-73.712],[-121.497,-73.733],[-120.722,-73.752]]]},"properties":{"id":"NE50-0245","region":"19","areaKm2":5058.0,"massBalanceMwe":-0.351}},{"type":"Feature","id":"NE50-0246","geometry":{"type":"Polygon","coordinates":[[[-127.233,-73.586],[-127.233,-73.586],[-127.233,-73.586],[-127.233,-73.586],[-127.233,-73.586],[-127.233,-73.586],[-127.233,-73.586],[-127.233,-73.586],[-127.233,-73.586],[-127.233,-73.586],[-127.233,-73.586],[-127.233,-73.586],[-127.233,-73.586],[-127.233,-73.586],[-127.233,-73.586],[-127.233,-73.586],[-127.233,-73.586],[-127.233,-73.586],[-127.233,-73.586],[-127.233,-73.586],[-127.332,-73.567],[-127.414,-73.516],[-127.429,-73.447],[-127.394,-73.382],[-127.268,-73.304],[-127.124,-73.294],[-126.978,-73.308],[-126.83,-73.291],[-126.597,-73.279],[-126.33,-73.286],[-126.065,-73.315],[-125.976,-73.357],[-125.857,-73.388],[-125.736,-73.406],[-125.627,-73.453],[-125.561,-73.536],[-125.504,-73.562],[-125.326,-73.618],[-125.264,-73.666],[-125.276,-73.69],[-125.612,-73.711],[-125.723,-73.703],[-125.828,-73.718],[-125.86,-73.749],[-125.857,-73.78],[-125.799,-73.802],[-125.674,-73.822],[-125.552,-73.82],[-125.327,-73.796],[-125.224,-73.801],[-125.109,-73.826],[-124.993,-73.83],[-124.694,-73.75],[-124.617,-73.735],[-124.54,-73.74],[-124.128,-73.834],[-124.042,-73.88],[-124.101,-73.907],[-124.152,-73.944],[-124.129,-73.971],[-123.932,-74.008],[-123.851,-74.057],[-123.8,-74.076],[-123.811,-74.117],[-123.839,-74.168],[-123.837,-74.226],[-123.937,-74.256],[-123.982,-74.256],[-124.199,-74.226],[-124.873,-74.208],[-125.09,-74.182],[-125.421,-74.07],[-125.549,-74.063],[-125.683,-74.035],[-125.887,-73.955],[-126.244,-73.891],[-126.472,-73.812],[-126.466,-73.746],[-126.496,-73.7],[-126.538,-73.68],[-126.583,-73.67],[-126.711,-73.654],[-126.838,-73.657],[-126.902,-73.677],[-127.006,-73.726],[-127.122,-73.734],[-127.212,-73.724],[-127.232,-73.713],[-127.233,-73.586]]]},"properties":{"id":"NE50-0246","region":"19","areaKm2":5222.7,"massBalanceMwe":-0.351}},{"type":"Feature","id":"NE50-0247","geometry":{"type":"Polygon","coordinates":[[[-66.785,-79.608],[-66.785,-79.608],[-66.785,-79.608],[-66.785,-79.608],[-66.785,-79.608],[-66.785,-79.608],[-66.785,-79.608],[-66.785,-79.608],[-66.785,-79.608],[-66.785,-79.608],[-66.785,-79.608],[-66.785,-79.608],[-66.785,-79.608],[-66.785,-79.608],[-66.785,-79.608],[-66.785,-79.608],[-66.785,-79.608],[-66.785,-79.608],[-66.785,-79.608],[-66.785,-79.608],[-66.274,-79.612],[-66.014,-79.624],[-65.87,-79.738],[-65.579,-79.771],[-65.54,-79.837],[-65.504,-79.954],[-65.899,-80.04],[-65.989,-80.054],[-66.174,-80.078],[-66.267,-80.081],[-66.319,-80.075],[-66.367,-80.054],[-66.41,-79.973],[-66.904,-79.909],[-66.962,-79.873],[-66.994,-79.793],[-67.077,-79.762],[-67.719,-79.62],[-67.771,-79.589],[-67.809,-79.546],[-67.688,-79.528],[-67.438,-79.56],[-66.979,-79.569],[-66.881,-79.582],[-66.785,-79.608]]]},"properties":{"id":"NE50-0247","region":"19","areaKm2":1348.3,"massBalanceMwe":-0.351}},{"type":"Feature","id":"NE50-0248","geometry":{"type":"Polygon","coordinates":[[[-57.295,-64.367],[-57.295,-64.367],[-57.295,-64.367],[-57.295,-64.367],[-57.295,-64.367],[-57.295,-64.367],[-57.295,-64.367],[-57.295,-64.367],[-57.295,-64.367],[-57.295,-64.367],[-57.295,-64.367],[-57.295,-64.367],[-57.295,-64.367],[-57.295,-64.367],[-57.295,-64.367],[-57.295,-64.367],[-57.295,-64.367],[-57.295,-64.367],[-57.295,-64.367],[-57.295,-64.367],[-57.388,-64.379],[-57.581,-64.35],[-57.683,-64.357],[-57.671,-64.311],[-57.703,-64.293],[-57.823,-64.302],[-57.872,-64.401],[-57.91,-64.41],[-57.952,-64.394],[-57.921,-64.331],[-57.971,-64.32],[-58.022,-64.322],[-58.169,-64.369],[-58.214,-64.37],[-58.304,-64.315],[-58.02,-64.242],[-58.138,-64.206],[-58.162,-64.161],[-58.147,-64.097],[-58.25,-64.107],[-58.352,-64.131],[-58.398,-64.135],[-58.438,-64.113],[-58.425,-64.068],[-58.342,-63.994],[-58.275,-63.916],[-58.146,-63.878],[-58.07,-63.847],[-57.971,-63.835],[-57.926,-63.806],[-57.831,-63.804],[-57.78,-63.868],[-57.781,-63.907],[-57.827,-63.949],[-57.846,-64.054],[-57.809,-64.068],[-57.774,-64.062],[-57.741,-64.048],[-57.71,-64.015],[-57.593,-63.967],[-57.48,-63.962],[-57.517,-64.011],[-57.249,-64.097],[-57.273,-64.166],[-57.222,-64.221],[-57.328,-64.238],[-57.414,-64.296],[-57.338,-64.318],[-57.295,-64.367]]]},"properties":{"id":"NE50-0248","region":"19","areaKm2":2113.7,"massBalanceMwe":-0.351}},{"type":"Feature","id":"NE50-0249","geometry":{"type":"Polygon","coordinates":[[[-63.131,-64.572],[-63.131,-64.572],[-63.131,-64.572],[-63.131,-64.572],[-63.131,-64.572],[-63.131,-64.572],[-63.131,-64.572],[-63.131,-64.572],[-63.131,-64.572],[-63.131,-64.572],[-63.131,-64.572],[-63.131,-64.572],[-63.131,-64.572],[-63.131,-64.572],[-63.131,-64.572],[-63.131,-64.572],[-63.131,-64.572],[-63.131,-64.572],[-63.131,-64.572],[-63.131,-64.572],[-63.032,-64.535],[-62.928,-64.519],[-62.836,-64.572],[-63.026,-64.611],[-63.203,-64.68],[-63.275,-64.717],[-63.355,-64.734],[-63.458,-64.727],[-63.558,-64.734],[-63.647,-64.803],[-63.739,-64.834],[-63.77,-64.808],[-63.804,-64.791],[-64.007,-64.769],[-64.099,-64.733],[-64.184,-64.71],[-64.272,-64.698],[-64.226,-64.635],[-64.171,-64.582],[-63.867,-64.51],[-63.897,-64.487],[-63.916,-64.457],[-63.674,-64.421],[-63.668,-64.384],[-63.683,-64.343],[-63.606,-64.314],[-63.534,-64.273],[-63.486,-64.261],[-63.334,-64.266],[-63.23,-64.324],[-63.271,-64.381],[-63.181,-64.47],[-63.277,-64.573],[-63.131,-64.572]]]},"properties":{"id":"NE50-0249","region":"19","areaKm2":1989.7,"massBalanceMwe":-0.351}},{"type":"Feature","id":"NE50-0250","geometry":{"type":"Polygon","coordinates":[[[-74.205,-70.924],[-74.205,-70.924],[-74.205,-70.924],[-74.205,-70.924],[-74.205,-70.924],[-74.205,-70.924],[-74.205,-70.924],[-74.205,-70.924],[-74.205,-70.924],[-74.205,-70.924],[-74.205,-70.924],[-74.205,-70.924],[-74.205,-70.924],[-74.205,-70.924],[-74.205,-70.924],[-74.205,-70.924],[-74.205,-70.924],[-74.205,-70.924],[-74.205,-70.924],[-74.205,-70.924],[-74.505,-70.973],[-74.806,-71.012],[-76.176,-71.132],[-76.271,-71.133],[-76.364,-71.117],[-76.421,-71.09],[-76.511,-70.991],[-76.5,-70.941],[-76.378,-70.894],[-76.249,-70.864],[-76.035,-70.836],[-75.21,-70.773],[-75.127,-70.752],[-75.06,-70.706],[-75.038,-70.651],[-75.007,-70.609],[-74.954,-70.59],[-74.898,-70.591],[-74.79,-70.631],[-74.59,-70.792],[-74.527,-70.77],[-74.469,-70.727],[-74.456,-70.587],[-74.401,-70.576],[-74.225,-70.615],[-74.115,-70.655],[-74.113,-70.577],[-74.038,-70.553],[-73.958,-70.561],[-73.88,-70.578],[-73.707,-70.635],[-73.55,-70.723],[-73.695,-70.794],[-74.205,-70.924]]]},"properties":{"id":"NE50-0250","region":"19","areaKm2":3317.9,"massBalanceMwe":-0.351}},{"type":"Feature","id":"NE50-0251","geometry":{"type":"Polygon","coordinates":[[[-74.849,-70.179],[-74.849,-70.179],[-74.849,-70.179],[-74.849,-70.179],[-74.849,-70.179],[-74.849,-70.179],[-74.849,-70.179],[-74.849,-70.179],[-74.849,-70.179],[-74.849,-70.179],[-74.849,-70.179],[-74.849,-70.179],[-74.849,-70.179],[-74.849,-70.179],[-74.849,-70.179],[-74.849,-70.179],[-74.849,-70.179],[-74.849,-70.179],[-74.849,-70.179],[-74.849,-70.179],[-75.268,-70.149],[-75.727,-70.096],[-75.764,-70.085],[-75.804,-70.038],[-75.813,-69.984],[-75.76,-69.916],[-75.681,-69.882],[-75.34,-69.84],[-75.314,-69.817],[-75.265,-69.749],[-75.179,-69.735],[-75.136,-69.741],[-74.987,-69.728],[-74.81,-69.752],[-74.55,-69.861],[-74.465,-69.917],[-74.438,-69.95],[-74.46,-69.972],[-74.578,-69.998],[-74.672,-70.132],[-74.849,-70.179]]]},"properties":{"id":"NE50-0251","region":"19","areaKm2":1765.2,"massBalanceMwe":-0.351}},{"type":"Feature","id":"NE50-0252","geometry":{"type":"Polygon","coordinates":[[[-99.735,-72.033],[-99.735,-72.033],[-99.735,-72.033],[-99.735,-72.033],[-99.735,-72.033],[-99.735,-72.033],[-99.735,-72.033],[-99.735,-72.033],[-99.735,-72.033],[-99.735,-72.033],[-99.735,-72.033],[-99.735,-72.033],[-99.735,-72.033],[-99.735,-72.033],[-99.735,-72.033],[-99.735,-72.033],[-99.735,-72.033],[-99.735,-72.033],[-99.735,-72.033],[-99.735,-72.033],[-99.563,-71.945],[-99.254,-71.972],[-99.082,-71.933],[-98.965,-71.854],[-98.615,-71.764],[-98.394,-71.782],[-98.189,-71.82],[-98.091,-71.912],[-98.176,-72.018],[-98.168,-72.123],[-97.923,-72.117],[-97.816,-71.919],[-97.585,-71.883],[-97.473,-72.0],[-97.582,-72.095],[-97.526,-72.149],[-97.46,-72.188],[-97.345,-72.189],[-97.242,-72.132],[-97.196,-72.091],[-97.155,-72.045],[-97.089,-71.944],[-96.869,-71.851],[-96.383,-71.836],[-96.125,-71.896],[-96.298,-72.045],[-96.715,-72.132],[-96.979,-72.222],[-96.89,-72.247],[-96.799,-72.259],[-96.718,-72.255],[-96.482,-72.208],[-95.906,-72.122],[-95.685,-72.057],[-95.609,-72.068],[-95.61,-72.175],[-95.531,-72.249],[-95.575,-72.41],[-95.826,-72.439],[-96.078,-72.454],[-96.014,-72.525],[-96.03,-72.554],[-96.052,-72.577],[-96.693,-72.548],[-96.804,-72.558],[-96.915,-72.578],[-97.028,-72.574],[-97.25,-72.521],[-97.366,-72.522],[-97.596,-72.548],[-97.828,-72.557],[-98.163,-72.556],[-98.408,-72.548],[-98.641,-72.49],[-98.882,-72.473],[-99.149,-72.472],[-99.434,-72.407],[-99.672,-72.38],[-100.014,-72.312],[-100.104,-72.287],[-100.195,-72.273],[-100.357,-72.278],[-101.602,-72.176],[-101.785,-72.178],[-101.903,-72.19],[-102.022,-72.185],[-102.265,-72.135],[-102.314,-72.081],[-102.288,-72.032],[-102.237,-72.009],[-102.128,-71.985],[-100.401,-71.866],[-100.219,-71.833],[-100.085,-71.837],[-99.985,-71.939],[-99.833,-72.046],[-99.784,-72.044],[-99.735,-72.033]]]},"properties":{"id":"NE50-0252","region":"19","areaKm2":11416.3,"massBalanceMwe":-0.351}},{"type":"Feature","id":"NE50-0253","geometry":{"type":"Polygon","coordinates":[[[-75.377,-72.82],[-75.377,-72.82],[-75.377,-72.82],[-75.377,-72.82],[-75.377,-72.82],[-75.377,-72.82],[-75.377,-72.82],[-75.377,-72.82],[-75.377,-72.82],[-75.377,-72.82],[-75.377,-72.82],[-75.377,-72.82],[-75.377,-72.82],[-75.377,-72.82],[-75.377,-72.82],[-75.377,-72.82],[-75.377,-72.82],[-75.377,-72.82],[-75.377,-72.82],[-75.377,-72.82],[-74.474,-72.894],[-74.336,-72.919],[-74.276,-72.951],[-74.224,-72.997],[-74.354,-73.098],[-74.499,-73.229],[-74.522,-73.244],[-74.668,-73.275],[-74.615,-73.311],[-74.575,-73.328],[-74.551,-73.369],[-74.467,-73.427],[-74.366,-73.464],[-74.452,-73.565],[-74.575,-73.611],[-75.901,-73.333],[-76.003,-73.288],[-76.053,-73.255],[-76.09,-73.203],[-76.096,-73.15],[-76.062,-73.109],[-76.018,-73.085],[-75.898,-73.056],[-75.775,-73.054],[-75.506,-73.109],[-75.468,-73.101],[-75.417,-73.052],[-75.276,-73.05],[-75.244,-73.009],[-75.439,-72.994],[-75.6,-72.953],[-75.702,-72.911],[-75.731,-72.879],[-75.377,-72.82]]]},"properties":{"id":"NE50-0253","region":"19","areaKm2":3154.3,"massBalanceMwe":-0.351}},{"type":"Feature","id":"NE50-0254","geometry":{"type":"Polygon","coordinates":[[[-68.901,-67.744],[-68.901,-67.744],[-68.901,-67.744],[-68.901,-67.744],[-68.901,-67.744],[-68.901,-67.744],[-68.901,-67.744],[-68.901,-67.744],[-68.901,-67.744],[-68.901,-67.744],[-68.901,-67.744],[-68.901,-67.744],[-68.901,-67.744],[-68.901,-67.744],[-68.901,-67.744],[-68.901,-67.744],[-68.901,-67.744],[-68.901,-67.744],[-68.901,-67.744],[-68.901,-67.744],[-68.982,-67.68],[-69.098,-67.603],[-69.12,-67.578],[-69.138,-67.515],[-69.133,-67.453],[-69.082,-67.403],[-68.82,-67.234],[-68.734,-67.157],[-68.656,-67.07],[-68.575,-66.993],[-68.417,-66.853],[-68.336,-66.802],[-67.938,-66.657],[-67.831,-66.624],[-67.711,-66.633],[-67.681,-66.709],[-67.741,-66.746],[-67.932,-66.844],[-67.969,-66.982],[-67.968,-67.032],[-67.949,-67.045],[-67.876,-67.062],[-67.828,-67.082],[-67.761,-67.123],[-67.688,-67.147],[-67.848,-67.219],[-67.956,-67.255],[-68.03,-67.3],[-68.175,-67.344],[-68.235,-67.372],[-68.144,-67.382],[-68.007,-67.418],[-67.969,-67.45],[-67.989,-67.474],[-68.093,-67.539],[-68.175,-67.558],[-68.25,-67.54],[-68.325,-67.532],[-68.381,-67.555],[-68.439,-67.656],[-68.507,-67.707],[-68.58,-67.733],[-68.622,-67.723],[-68.664,-67.723],[-68.734,-67.746],[-68.818,-67.753],[-68.901,-67.744]]]},"properties":{"id":"NE50-0254","region":"19","areaKm2":3788.3,"massBalanceMwe":-0.351}},{"type":"Feature","id":"NE50-0255","geometry":{"type":"Polygon","coordinates":[[[-160.25,-79.271],[-160.25,-79.271],[-160.25,-79.271],[-160.25,-79.271],[-160.25,-79.271],[-160.25,-79.271],[-160.25,-79.271],[-160.25,-79.271],[-160.25,-79.271],[-160.25,-79.271],[-160.25,-79.271],[-160.25,-79.271],[-160.25,-79.271],[-160.25,-79.271],[-160.25,-79.271],[-160.25,-79.271],[-160.25,-79.271],[-160.25,-79.271],[-160.25,-79.271],[-160.25,-79.271],[-159.964,-79.324],[-159.684,-79.402],[-159.419,-79.508],[-159.366,-79.545],[-159.256,-79.591],[-159.19,-79.637],[-159.119,-79.675],[-159.051,-79.695],[-158.997,-79.735],[-159.01,-79.78],[-159.053,-79.807],[-160.302,-79.844],[-160.807,-79.812],[-161.866,-79.704],[-163.317,-79.505],[-163.712,-79.442],[-163.971,-79.389],[-164.226,-79.321],[-164.282,-79.246],[-164.245,-79.138],[-164.2,-79.051],[-164.126,-78.995],[-163.815,-78.929],[-163.66,-78.856],[-163.345,-78.78],[-163.256,-78.722],[-163.124,-78.719],[-162.873,-78.725],[-162.622,-78.742],[-162.39,-78.76],[-162.161,-78.793],[-161.643,-78.901],[-161.283,-79.007],[-160.764,-79.132],[-160.25,-79.271]]]},"properties":{"id":"NE50-0255","region":"19","areaKm2":7664.0,"massBalanceMwe":-0.351}},{"type":"Feature","id":"NE50-0256","geometry":{"type":"Polygon","coordinates":[[[-66.728,-78.384],[-66.728,-78.384],[-66.728,-78.384],[-66.728,-78.384],[-66.728,-78.384],[-66.728,-78.384],[-66.728,-78.384],[-66.728,-78.384],[-66.728,-78.384],[-66.728,-78.384],[-66.728,-78.384],[-66.728,-78.384],[-66.728,-78.384],[-66.728,-78.384],[-66.728,-78.384],[-66.728,-78.384],[-66.728,-78.384],[-66.728,-78.384],[-66.728,-78.384],[-66.728,-78.384],[-66.787,-78.422],[-67.046,-78.514],[-67.166,-78.57],[-67.481,-78.682],[-68.157,-78.871],[-68.638,-79.013],[-69.251,-79.21],[-69.394,-79.28],[-69.686,-79.443],[-69.634,-79.518],[-69.732,-79.618],[-70.116,-79.666],[-70.334,-79.68],[-70.553,-79.683],[-70.984,-79.674],[-71.414,-79.64],[-71.526,-79.624],[-71.687,-79.568],[-71.735,-79.539],[-71.778,-79.501],[-71.784,-79.444],[-71.668,-79.246],[-71.454,-79.129],[-71.255,-79.06],[-70.626,-78.902],[-70.544,-78.884],[-69.972,-78.809],[-69.748,-78.769],[-69.398,-78.686],[-67.478,-78.363],[-67.038,-78.316],[-66.84,-78.35],[-66.728,-78.384]]]},"properties":{"id":"NE50-0256","region":"19","areaKm2":6140.7,"massBalanceMwe":-0.351}},{"type":"Feature","id":"NE50-0257","geometry":{"type":"Polygon","coordinates":[[[-43.947,-78.598],[-43.947,-78.598],[-43.947,-78.598],[-43.947,-78.598],[-43.947,-78.598],[-43.947,-78.598],[-43.947,-78.598],[-43.947,-78.598],[-43.947,-78.598],[-43.947,-78.598],[-43.947,-78.598],[-43.947,-78.598],[-43.947,-78.598],[-43.947,-78.598],[-43.947,-78.598],[-43.947,-78.598],[-43.947,-78.598],[-43.947,-78.598],[-43.947,-78.598],[-43.947,-78.598],[-45.068,-78.661],[-45.213,-78.687],[-45.295,-78.74],[-45.352,-78.791],[-45.223,-78.811],[-45.092,-78.814],[-44.566,-78.804],[-44.041,-78.807],[-43.722,-78.818],[-43.627,-78.846],[-43.544,-78.902],[-43.451,-78.99],[-43.364,-79.085],[-43.267,-79.163],[-43.211,-79.3],[-43.119,-79.35],[-42.965,-79.477],[-42.945,-79.579],[-42.99,-79.801],[-43.066,-79.891],[-43.267,-79.979],[-43.496,-79.969],[-43.6,-79.974],[-43.704,-79.99],[-43.742,-80.003],[-43.758,-80.021],[-43.49,-80.096],[-43.459,-80.123],[-43.454,-80.155],[-43.489,-80.178],[-43.528,-80.191],[-49.188,-80.643],[-49.41,-80.667],[-49.63,-80.712],[-49.701,-80.753],[-49.773,-80.784],[-54.163,-80.87],[-54.202,-80.864],[-54.241,-80.847],[-54.351,-80.76],[-54.372,-80.624],[-54.347,-80.569],[-54.13,-80.516],[-54.045,-80.487],[-53.676,-80.284],[-53.482,-80.189],[-53.394,-80.109],[-53.347,-80.114],[-53.176,-80.161],[-53.053,-80.175],[-52.807,-80.156],[-52.567,-80.099],[-52.461,-80.067],[-52.357,-80.078],[-52.338,-80.126],[-52.297,-80.141],[-51.711,-79.99],[-51.184,-79.82],[-50.664,-79.627],[-50.402,-79.512],[-50.339,-79.48],[-50.295,-79.43],[-50.331,-79.381],[-50.379,-79.338],[-50.42,-79.321],[-50.464,-79.313],[-50.733,-79.283],[-50.649,-79.233],[-50.573,-79.172],[-50.52,-79.104],[-50.502,-79.022],[-50.514,-78.98],[-50.502,-78.95],[-50.38,-78.923],[-50.298,-78.882],[-50.242,-78.833],[-50.335,-78.818],[-50.377,-78.781],[-50.294,-78.696],[-50.22,-78.605],[-50.142,-78.557],[-49.94,-78.462],[-49.354,-78.222],[-49.144,-78.094],[-49.081,-78.047],[-47.692,-77.84],[-47.463,-77.819],[-47.03,-77.791],[-46.826,-77.785],[-46.258,-77.805],[-45.993,-77.827],[-45.53,-77.881],[-44.852,-77.988],[-44.594,-78.035],[-44.34,-78.093],[-44.094,-78.167],[-43.855,-78.258],[-43.809,-78.286],[-43.785,-78.336],[-43.777,-78.385],[-43.788,-78.433],[-43.852,-78.53],[-43.947,-78.598]]]},"properties":{"id":"NE50-0257","region":"19","areaKm2":45160.8,"massBalanceMwe":-0.351}},{"type":"Feature","id":"NE50-0258","geometry":{"type":"Polygon","coordinates":[[[-59.498,-80.115],[-59.498,-80.115],[-59.498,-80.115],[-59.498,-80.115],[-59.498,-80.115],[-59.498,-80.115],[-59.498,-80.115],[-59.498,-80.115],[-59.498,-80.115],[-59.498,-80.115],[-59.498,-80.115],[-59.498,-80.115],[-59.498,-80.115],[-59.498,-80.115],[-59.498,-80.115],[-59.498,-80.115],[-59.498,-80.115],[-59.498,-80.115],[-59.498,-80.115],[-59.498,-80.115],[-59.408,-80.151],[-59.322,-80.196],[-59.427,-80.198],[-59.53,-80.208],[-59.612,-80.255],[-59.683,-80.315],[-59.734,-80.344],[-59.774,-80.558],[-59.771,-80.657],[-59.826,-80.733],[-59.926,-80.774],[-60.125,-80.841],[-60.268,-80.881],[-60.583,-80.948],[-62.023,-80.889],[-62.671,-80.834],[-62.94,-80.766],[-62.986,-80.735],[-63.068,-80.627],[-63.144,-80.595],[-63.715,-80.617],[-64.065,-80.65],[-64.126,-80.668],[-64.22,-80.734],[-64.268,-80.749],[-65.203,-80.607],[-66.184,-80.442],[-66.591,-80.358],[-66.734,-80.319],[-66.771,-80.294],[-66.681,-80.26],[-66.588,-80.239],[-66.483,-80.224],[-66.377,-80.222],[-66.296,-80.235],[-66.217,-80.258],[-66.168,-80.346],[-66.115,-80.361],[-65.98,-80.384],[-62.519,-80.373],[-62.232,-80.369],[-61.633,-80.344],[-61.313,-80.307],[-61.194,-80.257],[-61.485,-80.244],[-61.597,-80.206],[-61.694,-80.134],[-61.717,-80.069],[-61.684,-80.02],[-61.302,-79.996],[-61.246,-79.978],[-61.346,-79.951],[-61.343,-79.887],[-61.115,-79.862],[-61.026,-79.809],[-60.579,-79.741],[-59.873,-79.777],[-59.706,-79.875],[-59.752,-79.938],[-59.786,-80.001],[-59.788,-80.101],[-59.498,-80.115]]]},"properties":{"id":"NE50-0258","region":"19","areaKm2":7240.9,"massBalanceMwe":-0.351}},{"type":"Feature","id":"NE50-0259","geometry":{"type":"Polygon","coordinates":[[[-70.543,-72.664],[-70.543,-72.664],[-70.543,-72.664],[-70.543,-72.664],[-70.543,-72.664],[-70.543,-72.664],[-70.543,-72.664],[-70.543,-72.664],[-70.543,-72.664],[-70.543,-72.664],[-70.543,-72.664],[-70.543,-72.664],[-70.543,-72.664],[-70.543,-72.664],[-70.543,-72.664],[-70.543,-72.664],[-70.543,-72.664],[-70.543,-72.664],[-70.543,-72.664],[-70.543,-72.664],[-70.731,-72.623],[-70.923,-72.613],[-71.159,-72.627],[-71.846,-72.639],[-72.367,-72.67],[-72.433,-72.658],[-72.48,-72.617],[-72.531,-72.59],[-72.67,-72.596],[-72.78,-72.581],[-72.888,-72.547],[-73.007,-72.484],[-73.057,-72.448],[-73.086,-72.408],[-72.855,-72.304],[-72.738,-72.281],[-72.618,-72.275],[-72.376,-72.296],[-72.135,-72.331],[-71.605,-72.359],[-70.873,-72.366],[-70.671,-72.356],[-70.428,-72.323],[-70.206,-72.228],[-70.314,-72.191],[-70.424,-72.168],[-70.533,-72.163],[-70.641,-72.17],[-70.945,-72.229],[-71.178,-72.264],[-71.413,-72.284],[-71.661,-72.25],[-71.892,-72.153],[-71.898,-72.121],[-71.107,-72.047],[-71.034,-72.035],[-70.891,-71.987],[-70.845,-71.946],[-70.821,-71.907],[-71.355,-71.836],[-71.465,-71.838],[-71.574,-71.851],[-71.816,-71.822],[-72.046,-71.74],[-72.259,-71.641],[-72.337,-71.632],[-72.412,-71.662],[-72.928,-71.922],[-72.972,-71.924],[-73.167,-71.905],[-73.41,-71.853],[-73.633,-71.835],[-73.776,-71.849],[-73.83,-71.87],[-73.691,-71.929],[-73.572,-71.981],[-73.537,-72.022],[-73.899,-72.152],[-73.996,-72.17],[-74.153,-72.159],[-74.209,-72.142],[-74.322,-72.073],[-74.429,-72.056],[-74.663,-72.07],[-74.786,-72.064],[-74.908,-72.033],[-75.024,-71.989],[-75.13,-71.964],[-75.259,-71.914],[-75.353,-71.878],[-75.383,-71.828],[-75.373,-71.78],[-75.331,-71.752],[-75.325,-71.726],[-75.353,-71.68],[-75.335,-71.645],[-75.293,-71.615],[-75.1,-71.555],[-74.863,-71.543],[-74.636,-71.617],[-74.487,-71.642],[-74.419,-71.643],[-74.392,-71.638],[-74.373,-71.618],[-74.38,-71.579],[-74.42,-71.507],[-74.425,-71.457],[-74.375,-71.415],[-74.308,-71.4],[-74.236,-71.388],[-74.187,-71.383],[-74.041,-71.41],[-73.937,-71.438],[-73.724,-71.517],[-73.545,-71.573],[-73.479,-71.579],[-73.427,-71.559],[-73.38,-71.528],[-73.592,-71.448],[-73.617,-71.397],[-73.604,-71.351],[-73.474,-71.325],[-73.397,-71.321],[-73.02,-71.369],[-72.821,-71.384],[-72.622,-71.388],[-72.212,-71.335],[-72.43,-71.275],[-72.905,-71.223],[-72.995,-71.187],[-73.06,-71.127],[-72.71,-71.073],[-72.356,-71.075],[-71.719,-71.145],[-71.505,-71.112],[-71.308,-71.011],[-71.194,-70.985],[-70.741,-70.993],[-70.381,-70.946],[-70.323,-70.951],[-70.268,-70.965],[-69.916,-71.134],[-69.87,-71.126],[-69.835,-71.093],[-69.823,-71.034],[-69.823,-70.973],[-69.83,-70.914],[-69.876,-70.876],[-69.933,-70.88],[-69.993,-70.897],[-70.094,-70.883],[-70.196,-70.851],[-70.299,-70.836],[-70.661,-70.818],[-70.917,-70.786],[-71.049,-70.762],[-71.173,-70.713],[-71.19,-70.66],[-71.061,-70.537],[-70.562,-70.404],[-70.328,-70.361],[-70.09,-70.351],[-69.975,-70.36],[-69.702,-70.415],[-69.66,-70.412],[-69.618,-70.398],[-69.883,-70.305],[-70.118,-70.234],[-70.234,-70.18],[-70.328,-70.16],[-70.72,-70.139],[-70.926,-70.192],[-71.024,-70.201],[-71.12,-70.196],[-71.696,-70.068],[-71.729,-70.054],[-71.81,-70.005],[-71.854,-69.969],[-71.879,-69.909],[-71.868,-69.847],[-71.852,-69.807],[-71.766,-69.649],[-71.718,-69.524],[-71.743,-69.423],[-71.834,-69.367],[-71.963,-69.329],[-72.081,-69.267],[-72.114,-69.225],[-72.135,-69.177],[-72.138,-69.115],[-72.109,-69.06],[-72.058,-69.001],[-71.99,-68.971],[-71.869,-68.941],[-71.392,-68.874],[-70.417,-68.789],[-70.312,-68.832],[-70.154,-68.923],[-70.105,-68.959],[-70.053,-69.14],[-70.051,-69.189],[-70.079,-69.311],[-69.913,-69.267],[-69.855,-69.277],[-69.708,-69.321],[-69.417,-69.583],[-69.353,-69.666],[-69.234,-69.909],[-69.091,-70.09],[-68.731,-70.408],[-68.554,-70.581],[-68.459,-70.683],[-68.451,-70.818],[-68.336,-70.856],[-68.314,-70.912],[-68.278,-71.097],[-68.252,-71.314],[-68.228,-71.725],[-68.241,-71.822],[-68.394,-71.975],[-68.461,-72.085],[-68.543,-72.158],[-68.64,-72.21],[-69.149,-72.427],[-69.209,-72.534],[-70.063,-72.626],[-70.543,-72.664]]]},"properties":{"id":"NE50-0259","region":"19","areaKm2":47507.7,"massBalanceMwe":-0.351}},{"type":"Feature","id":"NE50-0260","geometry":{"type":"Polygon","coordinates":[[[163.742,-74.712],[163.742,-74.712],[163.742,-74.712],[163.742,-74.712],[163.742,-74.712],[163.742,-74.712],[163.742,-74.712],[163.742,-74.712],[163.742,-74.712],[163.742,-74.712],[163.742,-74.712],[163.742,-74.712],[163.742,-74.712],[163.742,-74.712],[163.742,-74.712],[163.742,-74.712],[163.742,-74.712],[163.742,-74.712],[163.742,-74.712],[163.742,-74.712],[164.002,-74.629],[164.209,-74.608],[164.098,-74.732],[164.059,-74.753],[163.976,-74.833],[163.845,-74.833],[163.763,-74.803],[163.737,-74.734],[163.742,-74.712]]]},"properties":{"id":"NE50-0260","region":"19","areaKm2":193.7,"massBalanceMwe":-0.351}},{"type":"Feature","id":"NE50-0261","geometry":{"type":"Polygon","coordinates":[[[164.684,-67.259],[164.684,-67.259],[164.684,-67.259],[164.684,-67.259],[164.684,-67.259],[164.684,-67.259],[164.684,-67.259],[164.684,-67.259],[164.684,-67.259],[164.684,-67.259],[164.684,-67.259],[164.684,-67.259],[164.684,-67.259],[164.684,-67.259],[164.684,-67.259],[164.684,-67.259],[164.684,-67.259],[164.684,-67.259],[164.684,-67.259],[164.684,-67.259],[164.825,-67.326],[164.85,-67.364],[164.907,-67.419],[164.919,-67.448],[164.86,-67.504],[164.834,-67.54],[164.746,-67.569],[164.692,-67.56],[164.639,-67.5],[164.696,-67.408],[164.675,-67.289],[164.684,-67.259]]]},"properties":{"id":"NE50-0261","region":"19","areaKm2":240.6,"massBalanceMwe":-0.351}},{"type":"Feature","id":"NE50-0262","geometry":{"type":"Polygon","coordinates":[[[167.594,-78.022],[167.594,-78.022],[167.594,-78.022],[167.594,-78.022],[167.594,-78.022],[167.594,-78.022],[167.594,-78.022],[167.594,-78.022],[167.594,-78.022],[167.594,-78.022],[167.594,-78.022],[167.594,-78.022],[167.594,-78.022],[167.594,-78.022],[167.594,-78.022],[167.594,-78.022],[167.594,-78.022],[167.594,-78.022],[167.594,-78.022],[167.594,-78.022],[167.64,-78.112],[167.643,-78.141],[167.517,-78.216],[167.377,-78.249],[166.936,-78.222],[166.626,-78.284],[166.285,-78.306],[166.122,-78.275],[166.051,-78.213],[166.013,-78.131],[166.013,-78.102],[166.111,-78.09],[166.567,-78.148],[166.76,-78.198],[166.864,-78.196],[167.138,-78.13],[167.364,-78.046],[167.422,-78.006],[167.498,-77.992],[167.594,-78.022]]]},"properties":{"id":"NE50-0262","region":"19","areaKm2":563.5,"massBalanceMwe":-0.351}},{"type":"Feature","id":"NE50-0263","geometry":{"type":"Polygon","coordinates":[[[163.271,-66.768],[163.271,-66.768],[163.271,-66.768],[163.271,-66.768],[163.271,-66.768],[163.271,-66.768],[163.271,-66.768],[163.271,-66.768],[163.271,-66.768],[163.271,-66.768],[163.271,-66.768],[163.271,-66.768],[163.271,-66.768],[163.271,-66.768],[163.271,-66.768],[163.271,-66.768],[163.271,-66.768],[163.271,-66.768],[163.271,-66.768],[163.271,-66.768],[163.299,-66.798],[163.302,-66.821],[163.284,-66.882],[163.235,-66.868],[163.164,-66.819],[163.09,-66.701],[163.156,-66.688],[163.238,-66.709],[163.271,-66.768]]]},"properties":{"id":"NE50-0263","region":"19","areaKm2":110.1,"massBalanceMwe":-0.351}},{"type":"Feature","id":"NE50-0264","geometry":{"type":"Polygon","coordinates":[[[168.451,-77.386],[168.451,-77.386],[168.451,-77.386],[168.451,-77.386],[168.451,-77.386],[168.451,-77.386],[168.451,-77.386],[168.451,-77.386],[168.451,-77.386],[168.451,-77.386],[168.451,-77.386],[168.451,-77.386],[168.451,-77.386],[168.451,-77.386],[168.451,-77.386],[168.451,-77.386],[168.451,-77.386],[168.451,-77.386],[168.451,-77.386],[168.451,-77.386],[169.276,-77.455],[169.353,-77.525],[169.117,-77.561],[168.755,-77.653],[168.519,-77.681],[168.323,-77.683],[167.918,-77.644],[167.392,-77.649],[167.28,-77.703],[167.025,-77.756],[166.729,-77.851],[166.65,-77.774],[166.533,-77.7],[166.237,-77.547],[166.217,-77.525],[166.378,-77.494],[166.458,-77.444],[166.626,-77.377],[166.607,-77.336],[166.469,-77.289],[166.413,-77.252],[166.506,-77.189],[166.716,-77.162],[166.987,-77.187],[167.107,-77.271],[167.085,-77.307],[167.084,-77.322],[167.461,-77.394],[168.451,-77.386]]]},"properties":{"id":"NE50-0264","region":"19","areaKm2":2514.7,"massBalanceMwe":-0.351}},{"type":"Feature","id":"NE50-0265","geometry":{"type":"Polygon","coordinates":[[[169.887,-73.459],[169.887,-73.459],[169.887,-73.459],[169.887,-73.459],[169.887,-73.459],[169.887,-73.459],[169.887,-73.459],[169.887,-73.459],[169.887,-73.459],[169.887,-73.459],[169.887,-73.459],[169.887,-73.459],[169.887,-73.459],[169.887,-73.459],[169.887,-73.459],[169.887,-73.459],[169.887,-73.459],[169.887,-73.459],[169.887,-73.459],[169.887,-73.459],[169.96,-73.514],[169.859,-73.568],[169.844,-73.605],[169.709,-73.625],[169.522,-73.562],[169.48,-73.539],[169.659,-73.418],[169.645,-73.379],[169.672,-73.346],[169.74,-73.32],[169.783,-73.324],[169.887,-73.459]]]},"properties":{"id":"NE50-0265","region":"19","areaKm2":274.2,"massBalanceMwe":-0.351}},{"type":"Feature","id":"NE50-0266","geometry":{"type":"Polygon","coordinates":[[[162.72,-75.597],[162.72,-75.597],[162.72,-75.597],[162.72,-75.597],[162.72,-75.597],[162.72,-75.597],[162.72,-75.597],[162.72,-75.597],[162.72,-75.597],[162.72,-75.597],[162.72,-75.597],[162.72,-75.597],[162.72,-75.597],[162.72,-75.597],[162.72,-75.597],[162.72,-75.597],[162.72,-75.597],[162.72,-75.597],[162.72,-75.597],[162.72,-75.597],[162.842,-75.566],[162.917,-75.557],[162.968,-75.567],[162.788,-75.696],[162.662,-75.692],[162.591,-75.669],[162.72,-75.597]]]},"properties":{"id":"NE50-0266","region":"19","areaKm2":80.3,"massBalanceMwe":-0.351}},{"type":"Feature","id":"NE50-0267","geometry":{"type":"Polygon","coordinates":[[[100.409,-65.466],[100.409,-65.466],[100.409,-65.466],[100.409,-65.466],[100.409,-65.466],[100.409,-65.466],[100.409,-65.466],[100.409,-65.466],[100.409,-65.466],[100.409,-65.466],[100.409,-65.466],[100.409,-65.466],[100.409,-65.466],[100.409,-65.466],[100.409,-65.466],[100.409,-65.466],[100.409,-65.466],[100.409,-65.466],[100.409,-65.466],[100.409,-65.466],[100.545,-65.409],[100.607,-65.396],[100.883,-65.378],[101.079,-65.403],[101.221,-65.472],[101.259,-65.528],[101.238,-65.565],[100.981,-65.677],[100.547,-65.701],[100.512,-65.675],[100.351,-65.673],[100.293,-65.651],[100.27,-65.603],[100.324,-65.521],[100.409,-65.466]]]},"properties":{"id":"NE50-0267","region":"19","areaKm2":1203.2,"massBalanceMwe":-0.351}},{"type":"Feature","id":"NE50-0268","geometry":{"type":"Polygon","coordinates":[[[85.34,-66.723],[85.34,-66.723],[85.34,-66.723],[85.34,-66.723],[85.34,-66.723],[85.34,-66.723],[85.34,-66.723],[85.34,-66.723],[85.34,-66.723],[85.34,-66.723],[85.34,-66.723],[85.34,-66.723],[85.34,-66.723],[85.34,-66.723],[85.34,-66.723],[85.34,-66.723],[85.34,-66.723],[85.34,-66.723],[85.34,-66.723],[85.34,-66.723],[85.553,-66.728],[85.806,-66.775],[85.938,-66.894],[85.822,-66.953],[85.65,-66.98],[85.622,-66.965],[85.617,-66.951],[85.359,-66.854],[85.315,-66.776],[85.34,-66.723]]]},"properties":{"id":"NE50-0268","region":"19","areaKm2":490.0,"massBalanceMwe":-0.351}},{"type":"Feature","id":"NE50-0269","geometry":{"type":"Polygon","coordinates":[[[92.301,-65.707],[92.301,-65.707],[92.301,-65.707],[92.301,-65.707],[92.301,-65.707],[92.301,-65.707],[92.301,-65.707],[92.301,-65.707],[92.301,-65.707],[92.301,-65.707],[92.301,-65.707],[92.301,-65.707],[92.301,-65.707],[92.301,-65.707],[92.301,-65.707],[92.301,-65.707],[92.301,-65.707],[92.301,-65.707],[92.301,-65.707],[92.301,-65.707],[92.496,-65.702],[92.634,-65.731],[92.665,-65.76],[92.67,-65.775],[92.601,-65.808],[92.471,-65.822],[92.333,-65.807],[92.263,-65.76],[92.248,-65.74],[92.301,-65.707]]]},"properties":{"id":"NE50-0269","region":"19","areaKm2":190.9,"massBalanceMwe":-0.351}},{"type":"Feature","id":"NE50-0270","geometry":{"type":"Polygon","coordinates":[[[86.383,-66.675],[86.383,-66.675],[86.383,-66.675],[86.383,-66.675],[86.383,-66.675],[86.383,-66.675],[86.383,-66.675],[86.383,-66.675],[86.383,-66.675],[86.383,-66.675],[86.383,-66.675],[86.383,-66.675],[86.383,-66.675],[86.383,-66.675],[86.383,-66.675],[86.383,-66.675],[86.383,-66.675],[86.383,-66.675],[86.383,-66.675],[86.383,-66.675],[86.521,-66.687],[86.557,-66.706],[86.652,-66.718],[86.542,-66.767],[86.427,-66.792],[86.337,-66.788],[86.232,-66.733],[86.278,-66.697],[86.383,-66.675]]]},"properties":{"id":"NE50-0270","region":"19","areaKm2":150.4,"massBalanceMwe":-0.351}},{"type":"Feature","id":"NE50-0271","geometry":{"type":"Polygon","coordinates":[[[85.165,-66.522],[85.165,-66.522],[85.165,-66.522],[85.165,-66.522],[85.165,-66.522],[85.165,-66.522],[85.165,-66.522],[85.165,-66.522],[85.165,-66.522],[85.165,-66.522],[85.165,-66.522],[85.165,-66.522],[85.165,-66.522],[85.165,-66.522],[85.165,-66.522],[85.165,-66.522],[85.165,-66.522],[85.165,-66.522],[85.165,-66.522],[85.165,-66.522],[85.194,-66.556],[85.328,-66.612],[85.222,-66.643],[85.136,-66.637],[85.08,-66.604],[85.069,-66.584],[85.121,-66.519],[85.165,-66.522]]]},"properties":{"id":"NE50-0271","region":"19","areaKm2":86.2,"massBalanceMwe":-0.351}},{"type":"Feature","id":"NE50-0272","geometry":{"type":"Polygon","coordinates":[[[69.796,-71.894],[69.796,-71.894],[69.796,-71.894],[69.796,-71.894],[69.796,-71.894],[69.796,-71.894],[69.796,-71.894],[69.796,-71.894],[69.796,-71.894],[69.796,-71.894],[69.796,-71.894],[69.796,-71.894],[69.796,-71.894],[69.796,-71.894],[69.796,-71.894],[69.796,-71.894],[69.796,-71.894],[69.796,-71.894],[69.796,-71.894],[69.796,-71.894],[69.895,-71.908],[69.918,-71.918],[69.792,-72.047],[69.744,-72.044],[69.693,-71.968],[69.737,-71.922],[69.796,-71.894]]]},"properties":{"id":"NE50-0272","region":"19","areaKm2":76.7,"massBalanceMwe":-0.351}},{"type":"Feature","id":"NE50-0273","geometry":{"type":"Polygon","coordinates":[[[68.667,-72.103],[68.667,-72.103],[68.667,-72.103],[68.667,-72.103],[68.667,-72.103],[68.667,-72.103],[68.667,-72.103],[68.667,-72.103],[68.667,-72.103],[68.667,-72.103],[68.667,-72.103],[68.667,-72.103],[68.667,-72.103],[68.667,-72.103],[68.667,-72.103],[68.667,-72.103],[68.667,-72.103],[68.667,-72.103],[68.667,-72.103],[68.667,-72.103],[68.729,-72.089],[68.84,-72.165],[68.817,-72.229],[68.67,-72.276],[68.462,-72.3],[68.409,-72.3],[68.436,-72.26],[68.566,-72.19],[68.667,-72.103]]]},"properties":{"id":"NE50-0273","region":"19","areaKm2":172.9,"massBalanceMwe":-0.351}},{"type":"Feature","id":"NE50-0274","geometry":{"type":"Polygon","coordinates":[[[96.727,-66.061],[96.727,-66.061],[96.727,-66.061],[96.727,-66.061],[96.727,-66.061],[96.727,-66.061],[96.727,-66.061],[96.727,-66.061],[96.727,-66.061],[96.727,-66.061],[96.727,-66.061],[96.727,-66.061],[96.727,-66.061],[96.727,-66.061],[96.727,-66.061],[96.727,-66.061],[96.727,-66.061],[96.727,-66.061],[96.727,-66.061],[96.727,-66.061],[96.932,-66.058],[97.006,-66.097],[97.019,-66.139],[97.016,-66.164],[96.934,-66.201],[96.395,-66.225],[96.307,-66.186],[96.399,-66.08],[96.5,-66.046],[96.613,-66.036],[96.727,-66.061]]]},"properties":{"id":"NE50-0274","region":"19","areaKm2":501.4,"massBalanceMwe":-0.351}},{"type":"Feature","id":"NE50-0275","geometry":{"type":"Polygon","coordinates":[[[72.073,-70.524],[72.073,-70.524],[72.073,-70.524],[72.073,-70.524],[72.073,-70.524],[72.073,-70.524],[72.073,-70.524],[72.073,-70.524],[72.073,-70.524],[72.073,-70.524],[72.073,-70.524],[72.073,-70.524],[72.073,-70.524],[72.073,-70.524],[72.073,-70.524],[72.073,-70.524],[72.073,-70.524],[72.073,-70.524],[72.073,-70.524],[72.073,-70.524],[72.097,-70.575],[72.078,-70.609],[72.002,-70.633],[71.929,-70.633],[71.841,-70.622],[71.726,-70.549],[71.659,-70.497],[71.637,-70.444],[71.647,-70.336],[71.705,-70.284],[71.797,-70.264],[71.838,-70.312],[71.851,-70.368],[71.88,-70.406],[72.0,-70.457],[72.056,-70.501],[72.073,-70.524]]]},"properties":{"id":"NE50-0275","region":"19","areaKm2":404.1,"massBalanceMwe":-0.351}},{"type":"Feature","id":"NE50-0276","geometry":{"type":"Polygon","coordinates":[[[162.311,-66.251],[162.311,-66.251],[162.311,-66.251],[162.311,-66.251],[162.311,-66.251],[162.311,-66.251],[162.311,-66.251],[162.311,-66.251],[162.311,-66.251],[162.311,-66.251],[162.311,-66.251],[162.311,-66.251],[162.311,-66.251],[162.311,-66.251],[162.311,-66.251],[162.311,-66.251],[162.311,-66.251],[162.311,-66.251],[162.311,-66.251],[162.311,-66.251],[162.563,-66.433],[162.611,-66.477],[162.557,-66.525],[162.511,-66.52],[162.303,-66.4],[162.326,-66.347],[162.297,-66.304],[162.302,-66.265],[162.311,-66.251]]]},"properties":{"id":"NE50-0276","region":"19","areaKm2":177.8,"massBalanceMwe":-0.351}},{"type":"Feature","id":"NE50-0277","geometry":{"type":"Polygon","coordinates":[[[100.174,-66.131],[100.174,-66.131],[100.174,-66.131],[100.174,-66.131],[100.174,-66.131],[100.174,-66.131],[100.174,-66.131],[100.174,-66.131],[100.174,-66.131],[100.174,-66.131],[100.174,-66.131],[100.174,-66.131],[100.174,-66.131],[100.174,-66.131],[100.174,-66.131],[100.174,-66.131],[100.174,-66.131],[100.174,-66.131],[100.174,-66.131],[100.174,-66.131],[100.291,-66.112],[100.282,-66.18],[100.265,-66.217],[100.133,-66.229],[100.082,-66.203],[100.076,-66.188],[100.174,-66.131]]]},"properties":{"id":"NE50-0277","region":"19","areaKm2":82.0,"massBalanceMwe":-0.351}},{"type":"Feature","id":"NE50-0278","geometry":{"type":"Polygon","coordinates":[[[98.655,-66.453],[98.655,-66.453],[98.655,-66.453],[98.655,-66.453],[98.655,-66.453],[98.655,-66.453],[98.655,-66.453],[98.655,-66.453],[98.655,-66.453],[98.655,-66.453],[98.655,-66.453],[98.655,-66.453],[98.655,-66.453],[98.655,-66.453],[98.655,-66.453],[98.655,-66.453],[98.655,-66.453],[98.655,-66.453],[98.655,-66.453],[98.655,-66.453],[98.605,-66.4],[98.596,-66.383],[98.749,-66.369],[98.95,-66.42],[98.846,-66.47],[98.752,-66.482],[98.655,-66.453]]]},"properties":{"id":"NE50-0278","region":"19","areaKm2":120.5,"massBalanceMwe":-0.351}},{"type":"Feature","id":"NE50-0279","geometry":{"type":"Polygon","coordinates":[[[103.186,-65.331],[103.186,-65.331],[103.186,-65.331],[103.186,-65.331],[103.186,-65.331],[103.186,-65.331],[103.186,-65.331],[103.186,-65.331],[103.186,-65.331],[103.186,-65.331],[103.186,-65.331],[103.186,-65.331],[103.186,-65.331],[103.186,-65.331],[103.186,-65.331],[103.186,-65.331],[103.186,-65.331],[103.186,-65.331],[103.186,-65.331],[103.186,-65.331],[103.261,-65.377],[103.379,-65.426],[103.397,-65.445],[103.337,-65.469],[103.176,-65.455],[103.138,-65.435],[103.124,-65.338],[103.113,-65.312],[103.054,-65.285],[102.789,-65.236],[102.76,-65.168],[102.796,-65.136],[102.893,-65.13],[103.137,-65.191],[103.191,-65.237],[103.182,-65.308],[103.186,-65.331]]]},"properties":{"id":"NE50-0279","region":"19","areaKm2":365.3,"massBalanceMwe":-0.351}},{"type":"Feature","id":"NE50-0280","geometry":{"type":"Polygon","coordinates":[[[-147.579,-76.663],[-147.579,-76.663],[-147.579,-76.663],[-147.579,-76.663],[-147.579,-76.663],[-147.579,-76.663],[-147.579,-76.663],[-147.579,-76.663],[-147.579,-76.663],[-147.579,-76.663],[-147.579,-76.663],[-147.579,-76.663],[-147.579,-76.663],[-147.579,-76.663],[-147.579,-76.663],[-147.579,-76.663],[-147.579,-76.663],[-147.579,-76.663],[-147.579,-76.663],[-147.579,-76.663],[-147.73,-76.653],[-147.954,-76.597],[-148.001,-76.577],[-147.9,-76.558],[-147.77,-76.577],[-147.649,-76.611],[-147.588,-76.65],[-147.579,-76.663]]]},"properties":{"id":"NE50-0280","region":"19","areaKm2":56.6,"massBalanceMwe":-0.351}},{"type":"Feature","id":"NE50-0281","geometry":{"type":"Polygon","coordinates":[[[-145.761,-75.514],[-145.761,-75.514],[-145.761,-75.514],[-145.761,-75.514],[-145.761,-75.514],[-145.761,-75.514],[-145.761,-75.514],[-145.761,-75.514],[-145.761,-75.514],[-145.761,-75.514],[-145.761,-75.514],[-145.761,-75.514],[-145.761,-75.514],[-145.761,-75.514],[-145.761,-75.514],[-145.761,-75.514],[-145.761,-75.514],[-145.761,-75.514],[-145.761,-75.514],[-145.761,-75.514],[-145.417,-75.588],[-145.315,-75.641],[-145.252,-75.683],[-145.238,-75.711],[-145.348,-75.716],[-145.541,-75.693],[-146.043,-75.612],[-146.151,-75.574],[-146.076,-75.533],[-145.896,-75.505],[-145.761,-75.514]]]},"properties":{"id":"NE50-0281","region":"19","areaKm2":303.2,"massBalanceMwe":-0.351}},{"type":"Feature","id":"NE50-0282","geometry":{"type":"Polygon","coordinates":[[[-146.867,-76.837],[-146.867,-76.837],[-146.867,-76.837],[-146.867,-76.837],[-146.867,-76.837],[-146.867,-76.837],[-146.867,-76.837],[-146.867,-76.837],[-146.867,-76.837],[-146.867,-76.837],[-146.867,-76.837],[-146.867,-76.837],[-146.867,-76.837],[-146.867,-76.837],[-146.867,-76.837],[-146.867,-76.837],[-146.867,-76.837],[-146.867,-76.837],[-146.867,-76.837],[-146.867,-76.837],[-146.244,-76.883],[-146.164,-76.949],[-146.607,-76.961],[-146.981,-77.006],[-147.079,-76.993],[-147.044,-76.93],[-147.101,-76.886],[-147.116,-76.866],[-147.087,-76.837],[-146.867,-76.837]]]},"properties":{"id":"NE50-0282","region":"19","areaKm2":286.3,"massBalanceMwe":-0.351}},{"type":"Feature","id":"NE50-0283","geometry":{"type":"Polygon","coordinates":[[[-132.832,-74.422],[-132.832,-74.422],[-132.832,-74.422],[-132.832,-74.422],[-132.832,-74.422],[-132.832,-74.422],[-132.832,-74.422],[-132.832,-74.422],[-132.832,-74.422],[-132.832,-74.422],[-132.832,-74.422],[-132.832,-74.422],[-132.832,-74.422],[-132.832,-74.422],[-132.832,-74.422],[-132.832,-74.422],[-132.832,-74.422],[-132.832,-74.422],[-132.832,-74.422],[-132.832,-74.422],[-132.552,-74.387],[-132.362,-74.41],[-132.391,-74.442],[-132.546,-74.498],[-132.857,-74.462],[-132.832,-74.422]]]},"properties":{"id":"NE50-0283","region":"19","areaKm2":115.2,"massBalanceMwe":-0.351}},{"type":"Feature","id":"NE50-0284","geometry":{"type":"Polygon","coordinates":[[[-149.238,-76.9],[-149.238,-76.9],[-149.238,-76.9],[-149.238,-76.9],[-149.238,-76.9],[-149.238,-76.9],[-149.238,-76.9],[-149.238,-76.9],[-149.238,-76.9],[-149.238,-76.9],[-149.238,-76.9],[-149.238,-76.9],[-149.238,-76.9],[-149.238,-76.9],[-149.238,-76.9],[-149.238,-76.9],[-149.238,-76.9],[-149.238,-76.9],[-149.238,-76.9],[-149.238,-76.9],[-148.704,-76.936],[-148.509,-76.955],[-148.44,-76.977],[-148.474,-76.998],[-148.596,-77.007],[-149.015,-77.019],[-149.245,-76.993],[-149.303,-76.916],[-149.238,-76.9]]]},"properties":{"id":"NE50-0284","region":"19","areaKm2":187.0,"massBalanceMwe":-0.351}},{"type":"Feature","id":"NE50-0285","geometry":{"type":"Polygon","coordinates":[[[-148.371,-76.795],[-148.371,-76.795],[-148.371,-76.795],[-148.371,-76.795],[-148.371,-76.795],[-148.371,-76.795],[-148.371,-76.795],[-148.371,-76.795],[-148.371,-76.795],[-148.371,-76.795],[-148.371,-76.795],[-148.371,-76.795],[-148.371,-76.795],[-148.371,-76.795],[-148.371,-76.795],[-148.371,-76.795],[-148.371,-76.795],[-148.371,-76.795],[-148.371,-76.795],[-148.371,-76.795],[-148.67,-76.802],[-148.815,-76.841],[-148.984,-76.845],[-149.238,-76.818],[-149.469,-76.757],[-149.333,-76.717],[-148.928,-76.73],[-148.663,-76.721],[-148.384,-76.744],[-148.321,-76.772],[-148.371,-76.795]]]},"properties":{"id":"NE50-0285","region":"19","areaKm2":269.2,"massBalanceMwe":-0.351}},{"type":"Feature","id":"NE50-0286","geometry":{"type":"Polygon","coordinates":[[[-131.234,-74.414],[-131.234,-74.414],[-131.234,-74.414],[-131.234,-74.414],[-131.234,-74.414],[-131.234,-74.414],[-131.234,-74.414],[-131.234,-74.414],[-131.234,-74.414],[-131.234,-74.414],[-131.234,-74.414],[-131.234,-74.414],[-131.234,-74.414],[-131.234,-74.414],[-131.234,-74.414],[-131.234,-74.414],[-131.234,-74.414],[-131.234,-74.414],[-131.234,-74.414],[-131.234,-74.414],[-130.981,-74.414],[-130.957,-74.456],[-130.967,-74.515],[-131.067,-74.584],[-131.179,-74.605],[-131.598,-74.554],[-131.841,-74.543],[-131.953,-74.514],[-132.025,-74.489],[-132.049,-74.464],[-132.163,-74.426],[-131.938,-74.349],[-131.763,-74.324],[-131.594,-74.33],[-131.56,-74.367],[-131.234,-74.414]]]},"properties":{"id":"NE50-0286","region":"19","areaKm2":677.5,"massBalanceMwe":-0.351}},{"type":"Feature","id":"NE50-0287","geometry":{"type":"Polygon","coordinates":[[[-119.549,-74.11],[-119.549,-74.11],[-119.549,-74.11],[-119.549,-74.11],[-119.549,-74.11],[-119.549,-74.11],[-119.549,-74.11],[-119.549,-74.11],[-119.549,-74.11],[-119.549,-74.11],[-119.549,-74.11],[-119.549,-74.11],[-119.549,-74.11],[-119.549,-74.11],[-119.549,-74.11],[-119.549,-74.11],[-119.549,-74.11],[-119.549,-74.11],[-119.549,-74.11],[-119.549,-74.11],[-119.758,-74.122],[-119.821,-74.12],[-119.887,-74.097],[-119.905,-74.082],[-119.797,-74.029],[-119.694,-74.006],[-119.662,-73.989],[-119.803,-73.815],[-119.669,-73.809],[-119.516,-73.775],[-119.216,-73.778],[-118.959,-73.809],[-118.91,-73.834],[-118.877,-73.878],[-118.99,-73.967],[-119.059,-73.998],[-119.449,-74.076],[-119.549,-74.11]]]},"properties":{"id":"NE50-0287","region":"19","areaKm2":766.5,"massBalanceMwe":-0.351}},{"type":"Feature","id":"NE50-0288","geometry":{"type":"Polygon","coordinates":[[[-116.381,-73.866],[-116.381,-73.866],[-116.381,-73.866],[-116.381,-73.866],[-116.381,-73.866],[-116.381,-73.866],[-116.381,-73.866],[-116.381,-73.866],[-116.381,-73.866],[-116.381,-73.866],[-116.381,-73.866],[-116.381,-73.866],[-116.381,-73.866],[-116.381,-73.866],[-116.381,-73.866],[-116.381,-73.866],[-116.381,-73.866],[-116.381,-73.866],[-116.381,-73.866],[-116.381,-73.866],[-116.203,-73.896],[-116.155,-73.91],[-116.451,-74.018],[-116.585,-74.056],[-116.609,-74.069],[-116.534,-74.083],[-116.514,-74.095],[-116.571,-74.126],[-116.739,-74.165],[-117.23,-74.193],[-117.363,-74.161],[-117.398,-74.122],[-117.376,-74.083],[-116.381,-73.866]]]},"properties":{"id":"NE50-0288","region":"19","areaKm2":629.4,"massBalanceMwe":-0.351}},{"type":"Feature","id":"NE50-0289","geometry":{"type":"Polygon","coordinates":[[[-127.486,-74.405],[-127.486,-74.405],[-127.486,-74.405],[-127.486,-74.405],[-127.486,-74.405],[-127.486,-74.405],[-127.486,-74.405],[-127.486,-74.405],[-127.486,-74.405],[-127.486,-74.405],[-127.486,-74.405],[-127.486,-74.405],[-127.486,-74.405],[-127.486,-74.405],[-127.486,-74.405],[-127.486,-74.405],[-127.486,-74.405],[-127.486,-74.405],[-127.486,-74.405],[-127.486,-74.405],[-127.23,-74.425],[-127.145,-74.48],[-127.232,-74.578],[-127.366,-74.623],[-127.518,-74.641],[-127.817,-74.575],[-127.915,-74.543],[-128.0,-74.489],[-128.07,-74.478],[-128.096,-74.466],[-128.133,-74.327],[-128.043,-74.312],[-127.853,-74.332],[-127.486,-74.405]]]},"properties":{"id":"NE50-0289","region":"19","areaKm2":642.4,"massBalanceMwe":-0.351}},{"type":"Feature","id":"NE50-0290","geometry":{"type":"Polygon","coordinates":[[[-149.218,-77.336],[-149.218,-77.336],[-149.218,-77.336],[-149.218,-77.336],[-149.218,-77.336],[-149.218,-77.336],[-149.218,-77.336],[-149.218,-77.336],[-149.218,-77.336],[-149.218,-77.336],[-149.218,-77.336],[-149.218,-77.336],[-149.218,-77.336],[-149.218,-77.336],[-149.218,-77.336],[-149.218,-77.336],[-149.218,-77.336],[-149.218,-77.336],[-149.218,-77.336],[-149.218,-77.336],[-148.929,-77.387],[-149.439,-77.371],[-149.662,-77.301],[-149.519,-77.275],[-149.375,-77.28],[-149.249,-77.315],[-149.218,-77.336]]]},"properties":{"id":"NE50-0290","region":"19","areaKm2":94.7,"massBalanceMwe":-0.351}},{"type":"Feature","id":"NE50-0291","geometry":{"type":"Polygon","coordinates":[[[-162.798,-82.865],[-162.798,-82.865],[-162.798,-82.865],[-162.798,-82.865],[-162.798,-82.865],[-162.798,-82.865],[-162.798,-82.865],[-162.798,-82.865],[-162.798,-82.865],[-162.798,-82.865],[-162.798,-82.865],[-162.798,-82.865],[-162.798,-82.865],[-162.798,-82.865],[-162.798,-82.865],[-162.798,-82.865],[-162.798,-82.865],[-162.798,-82.865],[-162.798,-82.865],[-162.798,-82.865],[-162.411,-82.899],[-162.34,-82.923],[-161.635,-83.027],[-161.828,-83.043],[-161.994,-83.119],[-162.305,-83.142],[-163.047,-83.097],[-163.242,-83.06],[-163.348,-83.022],[-163.552,-82.988],[-163.602,-82.969],[-163.602,-82.927],[-163.634,-82.902],[-163.704,-82.879],[-163.735,-82.857],[-163.796,-82.843],[-162.798,-82.865]]]},"properties":{"id":"NE50-0291","region":"19","areaKm2":545.2,"massBalanceMwe":-0.351}},{"type":"Feature","id":"NE50-0292","geometry":{"type":"Polygon","coordinates":[[[-150.085,-76.735],[-150.085,-76.735],[-150.085,-76.735],[-150.085,-76.735],[-150.085,-76.735],[-150.085,-76.735],[-150.085,-76.735],[-150.085,-76.735],[-150.085,-76.735],[-150.085,-76.735],[-150.085,-76.735],[-150.085,-76.735],[-150.085,-76.735],[-150.085,-76.735],[-150.085,-76.735],[-150.085,-76.735],[-150.085,-76.735],[-150.085,-76.735],[-150.085,-76.735],[-150.085,-76.735],[-150.233,-76.776],[-150.655,-76.789],[-150.83,-76.762],[-150.874,-76.737],[-150.838,-76.714],[-150.177,-76.691],[-150.104,-76.719],[-150.085,-76.735]]]},"properties":{"id":"NE50-0292","region":"19","areaKm2":156.1,"massBalanceMwe":-0.351}},{"type":"Feature","id":"NE50-0293","geometry":{"type":"Polygon","coordinates":[[[-147.151,-76.197],[-147.151,-76.197],[-147.151,-76.197],[-147.151,-76.197],[-147.151,-76.197],[-147.151,-76.197],[-147.151,-76.197],[-147.151,-76.197],[-147.151,-76.197],[-147.151,-76.197],[-147.151,-76.197],[-147.151,-76.197],[-147.151,-76.197],[-147.151,-76.197],[-147.151,-76.197],[-147.151,-76.197],[-147.151,-76.197],[-147.151,-76.197],[-147.151,-76.197],[-147.151,-76.197],[-147.345,-76.147],[-147.408,-76.105],[-147.421,-76.09],[-147.418,-76.073],[-147.361,-76.063],[-146.949,-76.098],[-146.69,-76.246],[-146.894,-76.261],[-147.151,-76.197]]]},"properties":{"id":"NE50-0293","region":"19","areaKm2":211.5,"massBalanceMwe":-0.351}},{"type":"Feature","id":"NE50-0294","geometry":{"type":"Polygon","coordinates":[[[-146.947,-76.555],[-146.947,-76.555],[-146.947,-76.555],[-146.947,-76.555],[-146.947,-76.555],[-146.947,-76.555],[-146.947,-76.555],[-146.947,-76.555],[-146.947,-76.555],[-146.947,-76.555],[-146.947,-76.555],[-146.947,-76.555],[-146.947,-76.555],[-146.947,-76.555],[-146.947,-76.555],[-146.947,-76.555],[-146.947,-76.555],[-146.947,-76.555],[-146.947,-76.555],[-146.947,-76.555],[-146.878,-76.563],[-146.79,-76.633],[-146.908,-76.714],[-147.221,-76.671],[-147.355,-76.619],[-147.279,-76.553],[-147.135,-76.532],[-146.947,-76.555]]]},"properties":{"id":"NE50-0294","region":"19","areaKm2":191.4,"massBalanceMwe":-0.351}},{"type":"Feature","id":"NE50-0295","geometry":{"type":"Polygon","coordinates":[[[-160.467,-81.589],[-160.467,-81.589],[-160.467,-81.589],[-160.467,-81.589],[-160.467,-81.589],[-160.467,-81.589],[-160.467,-81.589],[-160.467,-81.589],[-160.467,-81.589],[-160.467,-81.589],[-160.467,-81.589],[-160.467,-81.589],[-160.467,-81.589],[-160.467,-81.589],[-160.467,-81.589],[-160.467,-81.589],[-160.467,-81.589],[-160.467,-81.589],[-160.467,-81.589],[-160.467,-81.589],[-160.571,-81.598],[-163.253,-81.482],[-163.766,-81.445],[-163.89,-81.424],[-163.939,-81.404],[-163.951,-81.391],[-163.93,-81.352],[-163.869,-81.324],[-163.201,-81.281],[-162.456,-81.313],[-161.559,-81.397],[-160.938,-81.464],[-160.617,-81.522],[-160.485,-81.567],[-160.467,-81.589]]]},"properties":{"id":"NE50-0295","region":"19","areaKm2":1013.5,"massBalanceMwe":-0.351}},{"type":"Feature","id":"NE50-0296","geometry":{"type":"Polygon","coordinates":[[[-151.022,-77.22],[-151.022,-77.22],[-151.022,-77.22],[-151.022,-77.22],[-151.022,-77.22],[-151.022,-77.22],[-151.022,-77.22],[-151.022,-77.22],[-151.022,-77.22],[-151.022,-77.22],[-151.022,-77.22],[-151.022,-77.22],[-151.022,-77.22],[-151.022,-77.22],[-151.022,-77.22],[-151.022,-77.22],[-151.022,-77.22],[-151.022,-77.22],[-151.022,-77.22],[-151.022,-77.22],[-150.499,-77.335],[-150.356,-77.349],[-150.397,-77.369],[-150.475,-77.374],[-151.344,-77.296],[-151.512,-77.273],[-151.218,-77.226],[-151.022,-77.22]]]},"properties":{"id":"NE50-0296","region":"19","areaKm2":194.6,"massBalanceMwe":-0.351}},{"type":"Feature","id":"NE50-0297","geometry":{"type":"Polygon","coordinates":[[[-153.93,-80.033],[-153.93,-80.033],[-153.93,-80.033],[-153.93,-80.033],[-153.93,-80.033],[-153.93,-80.033],[-153.93,-80.033],[-153.93,-80.033],[-153.93,-80.033],[-153.93,-80.033],[-153.93,-80.033],[-153.93,-80.033],[-153.93,-80.033],[-153.93,-80.033],[-153.93,-80.033],[-153.93,-80.033],[-153.93,-80.033],[-153.93,-80.033],[-153.93,-80.033],[-153.93,-80.033],[-154.114,-80.036],[-154.349,-80.026],[-154.529,-80.0],[-154.942,-79.966],[-155.045,-79.9],[-155.525,-79.846],[-155.751,-79.83],[-155.674,-79.766],[-155.162,-79.851],[-154.535,-79.936],[-154.025,-79.988],[-153.93,-80.033]]]},"properties":{"id":"NE50-0297","region":"19","areaKm2":225.9,"massBalanceMwe":-0.351}},{"type":"Feature","id":"NE50-0298","geometry":{"type":"Polygon","coordinates":[[[-149.293,-77.137],[-149.293,-77.137],[-149.293,-77.137],[-149.293,-77.137],[-149.293,-77.137],[-149.293,-77.137],[-149.293,-77.137],[-149.293,-77.137],[-149.293,-77.137],[-149.293,-77.137],[-149.293,-77.137],[-149.293,-77.137],[-149.293,-77.137],[-149.293,-77.137],[-149.293,-77.137],[-149.293,-77.137],[-149.293,-77.137],[-149.293,-77.137],[-149.293,-77.137],[-149.293,-77.137],[-149.729,-77.128],[-149.817,-77.114],[-149.856,-77.099],[-150.462,-77.076],[-150.736,-77.004],[-150.789,-76.982],[-150.68,-76.948],[-150.476,-76.926],[-150.393,-76.899],[-149.871,-76.875],[-149.79,-76.889],[-149.743,-76.927],[-149.506,-77.002],[-149.442,-77.049],[-149.416,-77.079],[-149.288,-77.093],[-149.231,-77.121],[-149.293,-77.137]]]},"properties":{"id":"NE50-0298","region":"19","areaKm2":638.3,"massBalanceMwe":-0.351}},{"type":"Feature","id":"NE50-0299","geometry":{"type":"Polygon","coordinates":[[[-158.261,-81.947],[-158.261,-81.947],[-158.261,-81.947],[-158.261,-81.947],[-158.261,-81.947],[-158.261,-81.947],[-158.261,-81.947],[-158.261,-81.947],[-158.261,-81.947],[-158.261,-81.947],[-158.261,-81.947],[-158.261,-81.947],[-158.261,-81.947],[-158.261,-81.947],[-158.261,-81.947],[-158.261,-81.947],[-158.261,-81.947],[-158.261,-81.947],[-158.261,-81.947],[-158.261,-81.947],[-157.835,-82.031],[-157.987,-82.105],[-158.076,-82.112],[-158.154,-82.058],[-158.545,-81.949],[-158.773,-81.875],[-158.926,-81.819],[-158.989,-81.779],[-158.914,-81.78],[-158.347,-81.9],[-158.261,-81.947]]]},"properties":{"id":"NE50-0299","region":"19","areaKm2":157.0,"massBalanceMwe":-0.351}},{"type":"Feature","id":"NE50-0300","geometry":{"type":"Polygon","coordinates":[[[-6.068,-70.405],[-6.068,-70.405],[-6.068,-70.405],[-6.068,-70.405],[-6.068,-70.405],[-6.068,-70.405],[-6.068,-70.405],[-6.068,-70.405],[-6.068,-70.405],[-6.068,-70.405],[-6.068,-70.405],[-6.068,-70.405],[-6.068,-70.405],[-6.068,-70.405],[-6.068,-70.405],[-6.068,-70.405],[-6.068,-70.405],[-6.068,-70.405],[-6.068,-70.405],[-6.068,-70.405],[-5.972,-70.421],[-5.95,-70.432],[-5.894,-70.552],[-6.156,-70.612],[-6.181,-70.586],[-6.266,-70.55],[-6.438,-70.453],[-6.244,-70.446],[-6.068,-70.405]]]},"properties":{"id":"NE50-0300","region":"19","areaKm2":262.2,"massBalanceMwe":-0.351}},{"type":"Feature","id":"NE50-0301","geometry":{"type":"Polygon","coordinates":[[[3.072,-70.382],[3.072,-70.382],[3.072,-70.382],[3.072,-70.382],[3.072,-70.382],[3.072,-70.382],[3.072,-70.382],[3.072,-70.382],[3.072,-70.382],[3.072,-70.382],[3.072,-70.382],[3.072,-70.382],[3.072,-70.382],[3.072,-70.382],[3.072,-70.382],[3.072,-70.382],[3.072,-70.382],[3.072,-70.382],[3.072,-70.382],[3.072,-70.382],[3.193,-70.393],[3.231,-70.403],[3.26,-70.449],[3.221,-70.519],[3.171,-70.554],[3.037,-70.597],[2.698,-70.624],[2.623,-70.593],[2.585,-70.535],[2.631,-70.5],[3.072,-70.382]]]},"properties":{"id":"NE50-0301","region":"19","areaKm2":431.1,"massBalanceMwe":-0.351}},{"type":"Feature","id":"NE50-0302","geometry":{"type":"Polygon","coordinates":[[[-3.399,-71.062],[-3.399,-71.062],[-3.399,-71.062],[-3.399,-71.062],[-3.399,-71.062],[-3.399,-71.062],[-3.399,-71.062],[-3.399,-71.062],[-3.399,-71.062],[-3.399,-71.062],[-3.399,-71.062],[-3.399,-71.062],[-3.399,-71.062],[-3.399,-71.062],[-3.399,-71.062],[-3.399,-71.062],[-3.399,-71.062],[-3.399,-71.062],[-3.399,-71.062],[-3.399,-71.062],[-3.263,-71.052],[-3.213,-71.076],[-3.191,-71.095],[-2.955,-71.214],[-3.061,-71.237],[-3.201,-71.23],[-3.309,-71.201],[-3.386,-71.143],[-3.404,-71.12],[-3.392,-71.081],[-3.399,-71.062]]]},"properties":{"id":"NE50-0302","region":"19","areaKm2":182.1,"massBalanceMwe":-0.351}},{"type":"Feature","id":"NE50-0303","geometry":{"type":"Polygon","coordinates":[[[1.315,-70.023],[1.315,-70.023],[1.315,-70.023],[1.315,-70.023],[1.315,-70.023],[1.315,-70.023],[1.315,-70.023],[1.315,-70.023],[1.315,-70.023],[1.315,-70.023],[1.315,-70.023],[1.315,-70.023],[1.315,-70.023],[1.315,-70.023],[1.315,-70.023],[1.315,-70.023],[1.315,-70.023],[1.315,-70.023],[1.315,-70.023],[1.315,-70.023],[1.412,-70.041],[1.461,-70.136],[1.299,-70.255],[1.212,-70.381],[1.156,-70.378],[1.105,-70.304],[0.99,-70.224],[0.953,-70.169],[0.95,-70.094],[1.027,-70.05],[1.315,-70.023]]]},"properties":{"id":"NE50-0303","region":"19","areaKm2":474.0,"massBalanceMwe":-0.351}},{"type":"Feature","id":"NE50-0304","geometry":{"type":"Polygon","coordinates":[[[-2.533,-70.768],[-2.533,-70.768],[-2.533,-70.768],[-2.533,-70.768],[-2.533,-70.768],[-2.533,-70.768],[-2.533,-70.768],[-2.533,-70.768],[-2.533,-70.768],[-2.533,-70.768],[-2.533,-70.768],[-2.533,-70.768],[-2.533,-70.768],[-2.533,-70.768],[-2.533,-70.768],[-2.533,-70.768],[-2.533,-70.768],[-2.533,-70.768],[-2.533,-70.768],[-2.533,-70.768],[-2.423,-70.8],[-2.256,-70.796],[-2.092,-70.821],[-2.119,-70.855],[-2.213,-70.902],[-2.293,-70.998],[-2.369,-71.044],[-2.607,-71.141],[-2.783,-71.167],[-2.825,-71.113],[-2.822,-71.057],[-2.805,-71.015],[-2.801,-70.982],[-2.963,-70.94],[-2.975,-70.883],[-3.007,-70.851],[-3.489,-70.736],[-3.575,-70.703],[-3.537,-70.683],[-3.04,-70.674],[-2.75,-70.694],[-2.533,-70.768]]]},"properties":{"id":"NE50-0304","region":"19","areaKm2":1262.8,"massBalanceMwe":-0.351}},{"type":"Feature","id":"NE50-0305","geometry":{"type":"Polygon","coordinates":[[[4.13,-70.417],[4.13,-70.417],[4.13,-70.417],[4.13,-70.417],[4.13,-70.417],[4.13,-70.417],[4.13,-70.417],[4.13,-70.417],[4.13,-70.417],[4.13,-70.417],[4.13,-70.417],[4.13,-70.417],[4.13,-70.417],[4.13,-70.417],[4.13,-70.417],[4.13,-70.417],[4.13,-70.417],[4.13,-70.417],[4.13,-70.417],[4.13,-70.417],[4.076,-70.325],[4.07,-70.29],[4.112,-70.267],[4.256,-70.241],[4.495,-70.251],[4.586,-70.294],[4.618,-70.369],[4.59,-70.433],[4.526,-70.479],[4.365,-70.503],[4.18,-70.451],[4.13,-70.417]]]},"properties":{"id":"NE50-0305","region":"19","areaKm2":452.8,"massBalanceMwe":-0.351}},{"type":"Feature","id":"NE50-0306","geometry":{"type":"Polygon","coordinates":[[[48.638,-66.701],[48.638,-66.701],[48.638,-66.701],[48.638,-66.701],[48.638,-66.701],[48.638,-66.701],[48.638,-66.701],[48.638,-66.701],[48.638,-66.701],[48.638,-66.701],[48.638,-66.701],[48.638,-66.701],[48.638,-66.701],[48.638,-66.701],[48.638,-66.701],[48.638,-66.701],[48.638,-66.701],[48.638,-66.701],[48.638,-66.701],[48.638,-66.701],[48.751,-66.72],[48.782,-66.731],[48.786,-66.768],[48.775,-66.778],[48.546,-66.784],[48.378,-66.807],[48.304,-66.798],[48.296,-66.774],[48.294,-66.75],[48.301,-66.724],[48.358,-66.704],[48.638,-66.701]]]},"properties":{"id":"NE50-0306","region":"19","areaKm2":195.8,"massBalanceMwe":-0.351}},{"type":"Feature","id":"NE50-0307","geometry":{"type":"Polygon","coordinates":[[[15.91,-69.728],[15.91,-69.728],[15.91,-69.728],[15.91,-69.728],[15.91,-69.728],[15.91,-69.728],[15.91,-69.728],[15.91,-69.728],[15.91,-69.728],[15.91,-69.728],[15.91,-69.728],[15.91,-69.728],[15.91,-69.728],[15.91,-69.728],[15.91,-69.728],[15.91,-69.728],[15.91,-69.728],[15.91,-69.728],[15.91,-69.728],[15.91,-69.728],[16.247,-69.705],[16.573,-69.723],[16.625,-69.75],[16.315,-69.844],[16.223,-70.008],[16.159,-70.072],[15.845,-69.982],[15.663,-69.955],[15.614,-69.939],[15.571,-69.885],[15.563,-69.863],[15.597,-69.828],[15.699,-69.773],[15.91,-69.728]]]},"properties":{"id":"NE50-0307","region":"19","areaKm2":891.6,"massBalanceMwe":-0.351}},{"type":"Feature","id":"NE50-0308","geometry":{"type":"Polygon","coordinates":[[[26.686,-70.114],[26.686,-70.114],[26.686,-70.114],[26.686,-70.114],[26.686,-70.114],[26.686,-70.114],[26.686,-70.114],[26.686,-70.114],[26.686,-70.114],[26.686,-70.114],[26.686,-70.114],[26.686,-70.114],[26.686,-70.114],[26.686,-70.114],[26.686,-70.114],[26.686,-70.114],[26.686,-70.114],[26.686,-70.114],[26.686,-70.114],[26.686,-70.114],[26.737,-70.186],[26.875,-70.33],[26.857,-70.381],[26.793,-70.419],[26.609,-70.412],[26.47,-70.448],[26.358,-70.434],[26.005,-70.373],[25.964,-70.295],[25.954,-70.261],[25.983,-70.2],[26.301,-70.072],[26.426,-70.061],[26.605,-70.078],[26.686,-70.114]]]},"properties":{"id":"NE50-0308","region":"19","areaKm2":1066.8,"massBalanceMwe":-0.351}},{"type":"Feature","id":"NE50-0309","geometry":{"type":"Polygon","coordinates":[[[-30.985,-79.818],[-30.985,-79.818],[-30.985,-79.818],[-30.985,-79.818],[-30.985,-79.818],[-30.985,-79.818],[-30.985,-79.818],[-30.985,-79.818],[-30.985,-79.818],[-30.985,-79.818],[-30.985,-79.818],[-30.985,-79.818],[-30.985,-79.818],[-30.985,-79.818],[-30.985,-79.818],[-30.985,-79.818],[-30.985,-79.818],[-30.985,-79.818],[-30.985,-79.818],[-30.985,-79.818],[-30.841,-79.771],[-30.861,-79.726],[-30.78,-79.647],[-30.66,-79.733],[-29.871,-79.823],[-29.614,-79.91],[-29.721,-79.93],[-29.8,-79.926],[-30.029,-79.936],[-30.422,-80.011],[-30.844,-79.938],[-31.594,-79.888],[-31.824,-79.85],[-32.0,-79.732],[-31.68,-79.634],[-31.605,-79.645],[-31.119,-79.798],[-30.985,-79.818]]]},"properties":{"id":"NE50-0309","region":"19","areaKm2":880.5,"massBalanceMwe":-0.351}},{"type":"Feature","id":"NE50-0310","geometry":{"type":"Polygon","coordinates":[[[-33.995,-79.279],[-33.995,-79.279],[-33.995,-79.279],[-33.995,-79.279],[-33.995,-79.279],[-33.995,-79.279],[-33.995,-79.279],[-33.995,-79.279],[-33.995,-79.279],[-33.995,-79.279],[-33.995,-79.279],[-33.995,-79.279],[-33.995,-79.279],[-33.995,-79.279],[-33.995,-79.279],[-33.995,-79.279],[-33.995,-79.279],[-33.995,-79.279],[-33.995,-79.279],[-33.995,-79.279],[-33.947,-79.305],[-33.934,-79.32],[-34.05,-79.357],[-36.481,-79.294],[-36.601,-79.283],[-36.566,-79.209],[-36.238,-79.196],[-36.048,-79.181],[-35.79,-79.149],[-35.597,-79.092],[-35.535,-79.09],[-34.391,-79.223],[-33.995,-79.279]]]},"properties":{"id":"NE50-0310","region":"19","areaKm2":894.7,"massBalanceMwe":-0.351}},{"type":"Feature","id":"NE50-0311","geometry":{"type":"Polygon","coordinates":[[[-2.738,-70.507],[-2.738,-70.507],[-2.738,-70.507],[-2.738,-70.507],[-2.738,-70.507],[-2.738,-70.507],[-2.738,-70.507],[-2.738,-70.507],[-2.738,-70.507],[-2.738,-70.507],[-2.738,-70.507],[-2.738,-70.507],[-2.738,-70.507],[-2.738,-70.507],[-2.738,-70.507],[-2.738,-70.507],[-2.738,-70.507],[-2.738,-70.507],[-2.738,-70.507],[-2.738,-70.507],[-3.28,-70.534],[-3.442,-70.535],[-3.49,-70.508],[-3.497,-70.488],[-3.287,-70.344],[-3.173,-70.307],[-2.95,-70.28],[-2.805,-70.288],[-2.714,-70.32],[-2.684,-70.376],[-2.683,-70.462],[-2.738,-70.507]]]},"properties":{"id":"NE50-0311","region":"19","areaKm2":640.4,"massBalanceMwe":-0.351}},{"type":"Feature","id":"NE50-0312","geometry":{"type":"Polygon","coordinates":[[[-20.6,-74.197],[-20.6,-74.197],[-20.6,-74.197],[-20.6,-74.197],[-20.6,-74.197],[-20.6,-74.197],[-20.6,-74.197],[-20.6,-74.197],[-20.6,-74.197],[-20.6,-74.197],[-20.6,-74.197],[-20.6,-74.197],[-20.6,-74.197],[-20.6,-74.197],[-20.6,-74.197],[-20.6,-74.197],[-20.6,-74.197],[-20.6,-74.197],[-20.6,-74.197],[-20.6,-74.197],[-20.423,-74.317],[-20.411,-74.408],[-20.417,-74.443],[-20.489,-74.493],[-20.737,-74.481],[-20.818,-74.455],[-20.846,-74.438],[-20.977,-74.225],[-21.051,-74.176],[-21.167,-74.133],[-21.61,-74.092],[-22.035,-74.107],[-21.93,-74.057],[-21.288,-73.989],[-21.126,-73.94],[-21.024,-73.88],[-20.979,-73.79],[-20.867,-73.677],[-20.69,-73.625],[-20.58,-73.619],[-20.521,-73.712],[-20.521,-73.798],[-20.607,-73.887],[-20.654,-74.105],[-20.641,-74.151],[-20.6,-74.197]]]},"properties":{"id":"NE50-0312","region":"19","areaKm2":1547.0,"massBalanceMwe":-0.351}},{"type":"Feature","id":"NE50-0313","geometry":{"type":"Polygon","coordinates":[[[-16.303,-72.478],[-16.303,-72.478],[-16.303,-72.478],[-16.303,-72.478],[-16.303,-72.478],[-16.303,-72.478],[-16.303,-72.478],[-16.303,-72.478],[-16.303,-72.478],[-16.303,-72.478],[-16.303,-72.478],[-16.303,-72.478],[-16.303,-72.478],[-16.303,-72.478],[-16.303,-72.478],[-16.303,-72.478],[-16.303,-72.478],[-16.303,-72.478],[-16.303,-72.478],[-16.303,-72.478],[-16.172,-72.6],[-16.104,-72.679],[-16.175,-72.703],[-16.318,-72.702],[-16.453,-72.652],[-16.51,-72.582],[-16.517,-72.531],[-16.455,-72.474],[-16.356,-72.459],[-16.303,-72.478]]]},"properties":{"id":"NE50-0313","region":"19","areaKm2":236.3,"massBalanceMwe":-0.351}},{"type":"Feature","id":"NE50-0314","geometry":{"type":"Polygon","coordinates":[[[-12.789,-72.007],[-12.789,-72.007],[-12.789,-72.007],[-12.789,-72.007],[-12.789,-72.007],[-12.789,-72.007],[-12.789,-72.007],[-12.789,-72.007],[-12.789,-72.007],[-12.789,-72.007],[-12.789,-72.007],[-12.789,-72.007],[-12.789,-72.007],[-12.789,-72.007],[-12.789,-72.007],[-12.789,-72.007],[-12.789,-72.007],[-12.789,-72.007],[-12.789,-72.007],[-12.789,-72.007],[-12.637,-72.071],[-12.535,-72.14],[-12.509,-72.173],[-12.588,-72.196],[-12.72,-72.188],[-12.888,-72.137],[-12.944,-72.099],[-12.963,-72.064],[-12.915,-72.015],[-12.875,-72.001],[-12.789,-72.007]]]},"properties":{"id":"NE50-0314","region":"19","areaKm2":198.6,"massBalanceMwe":-0.351}},{"type":"Feature","id":"NE50-0315","geometry":{"type":"Polygon","coordinates":[[[-31.957,-79.604],[-31.957,-79.604],[-31.957,-79.604],[-31.957,-79.604],[-31.957,-79.604],[-31.957,-79.604],[-31.957,-79.604],[-31.957,-79.604],[-31.957,-79.604],[-31.957,-79.604],[-31.957,-79.604],[-31.957,-79.604],[-31.957,-79.604],[-31.957,-79.604],[-31.957,-79.604],[-31.957,-79.604],[-31.957,-79.604],[-31.957,-79.604],[-31.957,-79.604],[-31.957,-79.604],[-32.001,-79.607],[-32.343,-79.674],[-32.515,-79.683],[-32.583,-79.658],[-32.501,-79.592],[-32.377,-79.535],[-32.15,-79.53],[-31.933,-79.568],[-31.957,-79.604]]]},"properties":{"id":"NE50-0315","region":"19","areaKm2":136.1,"massBalanceMwe":-0.351}},{"type":"Feature","id":"NE50-0316","geometry":{"type":"Polygon","coordinates":[[[-45.78,-60.586],[-45.78,-60.586],[-45.78,-60.586],[-45.78,-60.586],[-45.78,-60.586],[-45.78,-60.586],[-45.78,-60.586],[-45.78,-60.586],[-45.78,-60.586],[-45.78,-60.586],[-45.78,-60.586],[-45.78,-60.586],[-45.78,-60.586],[-45.78,-60.586],[-45.78,-60.586],[-45.78,-60.586],[-45.78,-60.586],[-45.78,-60.586],[-45.78,-60.586],[-45.78,-60.586],[-45.937,-60.62],[-45.955,-60.597],[-45.956,-60.568],[-45.935,-60.527],[-45.834,-60.543],[-45.718,-60.521],[-45.5,-60.547],[-45.386,-60.583],[-45.357,-60.624],[-45.228,-60.64],[-45.211,-60.648],[-45.186,-60.672],[-45.173,-60.699],[-45.174,-60.733],[-45.398,-60.65],[-45.709,-60.645],[-45.78,-60.586]]]},"properties":{"id":"NE50-0316","region":"19","areaKm2":386.5,"massBalanceMwe":-0.351}},{"type":"Feature","id":"NE50-0317","geometry":{"type":"Polygon","coordinates":[[[-54.122,-61.202],[-54.122,-61.202],[-54.122,-61.202],[-54.122,-61.202],[-54.122,-61.202],[-54.122,-61.202],[-54.122,-61.202],[-54.122,-61.202],[-54.122,-61.202],[-54.122,-61.202],[-54.122,-61.202],[-54.122,-61.202],[-54.122,-61.202],[-54.122,-61.202],[-54.122,-61.202],[-54.122,-61.202],[-54.122,-61.202],[-54.122,-61.202],[-54.122,-61.202],[-54.122,-61.202],[-54.05,-61.142],[-54.024,-61.135],[-54.041,-61.255],[-54.071,-61.299],[-54.115,-61.308],[-54.184,-61.27],[-54.192,-61.247],[-54.122,-61.202]]]},"properties":{"id":"NE50-0317","region":"19","areaKm2":91.3,"massBalanceMwe":-0.351}},{"type":"Feature","id":"NE50-0318","geometry":{"type":"Polygon","coordinates":[[[-68.422,-79.333],[-68.422,-79.333],[-68.422,-79.333],[-68.422,-79.333],[-68.422,-79.333],[-68.422,-79.333],[-68.422,-79.333],[-68.422,-79.333],[-68.422,-79.333],[-68.422,-79.333],[-68.422,-79.333],[-68.422,-79.333],[-68.422,-79.333],[-68.422,-79.333],[-68.422,-79.333],[-68.422,-79.333],[-68.422,-79.333],[-68.422,-79.333],[-68.422,-79.333],[-68.422,-79.333],[-68.324,-79.298],[-68.233,-79.285],[-68.033,-79.227],[-67.714,-79.214],[-67.475,-79.223],[-67.069,-79.268],[-67.173,-79.311],[-67.24,-79.328],[-67.305,-79.394],[-67.262,-79.453],[-67.434,-79.501],[-68.161,-79.479],[-68.408,-79.464],[-68.549,-79.437],[-68.422,-79.333]]]},"properties":{"id":"NE50-0318","region":"19","areaKm2":675.0,"massBalanceMwe":-0.351}},{"type":"Feature","id":"NE50-0319","geometry":{"type":"Polygon","coordinates":[[[-55.387,-61.073],[-55.387,-61.073],[-55.387,-61.073],[-55.387,-61.073],[-55.387,-61.073],[-55.387,-61.073],[-55.387,-61.073],[-55.387,-61.073],[-55.387,-61.073],[-55.387,-61.073],[-55.387,-61.073],[-55.387,-61.073],[-55.387,-61.073],[-55.387,-61.073],[-55.387,-61.073],[-55.387,-61.073],[-55.387,-61.073],[-55.387,-61.073],[-55.387,-61.073],[-55.387,-61.073],[-54.671,-61.117],[-54.71,-61.14],[-55.058,-61.169],[-55.165,-61.22],[-55.297,-61.249],[-55.347,-61.212],[-55.369,-61.146],[-55.44,-61.106],[-55.387,-61.073]]]},"properties":{"id":"NE50-0319","region":"19","areaKm2":372.1,"massBalanceMwe":-0.351}},{"type":"Feature","id":"NE50-0320","geometry":{"type":"Polygon","coordinates":[[[-55.466,-63.2],[-55.466,-63.2],[-55.466,-63.2],[-55.466,-63.2],[-55.466,-63.2],[-55.466,-63.2],[-55.466,-63.2],[-55.466,-63.2],[-55.466,-63.2],[-55.466,-63.2],[-55.466,-63.2],[-55.466,-63.2],[-55.466,-63.2],[-55.466,-63.2],[-55.466,-63.2],[-55.466,-63.2],[-55.466,-63.2],[-55.466,-63.2],[-55.466,-63.2],[-55.466,-63.2],[-55.216,-63.199],[-55.156,-63.205],[-55.106,-63.249],[-55.075,-63.324],[-55.157,-63.353],[-55.594,-63.336],[-55.75,-63.297],[-55.83,-63.298],[-56.009,-63.342],[-56.083,-63.383],[-56.379,-63.437],[-56.463,-63.418],[-56.499,-63.358],[-56.505,-63.334],[-56.475,-63.318],[-56.461,-63.302],[-56.466,-63.284],[-56.385,-63.234],[-56.042,-63.157],[-55.59,-63.128],[-55.529,-63.157],[-55.528,-63.174],[-55.466,-63.2]]]},"properties":{"id":"NE50-0320","region":"19","areaKm2":1343.2,"massBalanceMwe":-0.351}},{"type":"Feature","id":"NE50-0321","geometry":{"type":"Polygon","coordinates":[[[-55.762,-63.422],[-55.762,-63.422],[-55.762,-63.422],[-55.762,-63.422],[-55.762,-63.422],[-55.762,-63.422],[-55.762,-63.422],[-55.762,-63.422],[-55.762,-63.422],[-55.762,-63.422],[-55.762,-63.422],[-55.762,-63.422],[-55.762,-63.422],[-55.762,-63.422],[-55.762,-63.422],[-55.762,-63.422],[-55.762,-63.422],[-55.762,-63.422],[-55.762,-63.422],[-55.762,-63.422],[-55.719,-63.492],[-55.873,-63.536],[-55.957,-63.58],[-56.178,-63.513],[-56.235,-63.469],[-56.21,-63.437],[-55.858,-63.407],[-55.762,-63.422]]]},"properties":{"id":"NE50-0321","region":"19","areaKm2":306.7,"massBalanceMwe":-0.351}},{"type":"Feature","id":"NE50-0322","geometry":{"type":"Polygon","coordinates":[[[-57.446,-64.46],[-57.446,-64.46],[-57.446,-64.46],[-57.446,-64.46],[-57.446,-64.46],[-57.446,-64.46],[-57.446,-64.46],[-57.446,-64.46],[-57.446,-64.46],[-57.446,-64.46],[-57.446,-64.46],[-57.446,-64.46],[-57.446,-64.46],[-57.446,-64.46],[-57.446,-64.46],[-57.446,-64.46],[-57.446,-64.46],[-57.446,-64.46],[-57.446,-64.46],[-57.446,-64.46],[-57.366,-64.439],[-57.315,-64.435],[-57.023,-64.352],[-56.895,-64.333],[-56.952,-64.382],[-56.945,-64.427],[-56.991,-64.468],[-57.24,-64.567],[-57.326,-64.571],[-57.433,-64.54],[-57.448,-64.488],[-57.446,-64.46]]]},"properties":{"id":"NE50-0322","region":"19","areaKm2":346.7,"massBalanceMwe":-0.351}},{"type":"Feature","id":"NE50-0323","geometry":{"type":"Polygon","coordinates":[[[-59.064,-62.239],[-59.064,-62.239],[-59.064,-62.239],[-59.064,-62.239],[-59.064,-62.239],[-59.064,-62.239],[-59.064,-62.239],[-59.064,-62.239],[-59.064,-62.239],[-59.064,-62.239],[-59.064,-62.239],[-59.064,-62.239],[-59.064,-62.239],[-59.064,-62.239],[-59.064,-62.239],[-59.064,-62.239],[-59.064,-62.239],[-59.064,-62.239],[-59.064,-62.239],[-59.064,-62.239],[-58.991,-62.249],[-58.962,-62.264],[-58.879,-62.268],[-58.838,-62.303],[-59.059,-62.348],[-59.175,-62.302],[-59.202,-62.283],[-59.064,-62.239]]]},"properties":{"id":"NE50-0323","region":"19","areaKm2":129.0,"massBalanceMwe":-0.351}},{"type":"Feature","id":"NE50-0324","geometry":{"type":"Polygon","coordinates":[[[-58.562,-62.244],[-58.562,-62.244],[-58.562,-62.244],[-58.562,-62.244],[-58.562,-62.244],[-58.562,-62.244],[-58.562,-62.244],[-58.562,-62.244],[-58.562,-62.244],[-58.562,-62.244],[-58.562,-62.244],[-58.562,-62.244],[-58.562,-62.244],[-58.562,-62.244],[-58.562,-62.244],[-58.562,-62.244],[-58.562,-62.244],[-58.562,-62.244],[-58.562,-62.244],[-58.562,-62.244],[-58.594,-62.248],[-58.644,-62.225],[-58.746,-62.218],[-58.755,-62.206],[-58.819,-62.171],[-59.004,-62.21],[-58.955,-62.164],[-58.71,-62.045],[-58.684,-62.008],[-58.399,-61.938],[-58.265,-61.953],[-57.978,-61.912],[-57.849,-61.94],[-57.738,-61.921],[-57.677,-61.942],[-57.637,-61.998],[-57.64,-62.02],[-57.807,-62.012],[-57.963,-62.078],[-58.148,-62.063],[-58.172,-62.118],[-58.133,-62.146],[-58.183,-62.17],[-58.341,-62.119],[-58.467,-62.137],[-58.507,-62.226],[-58.562,-62.244]]]},"properties":{"id":"NE50-0324","region":"19","areaKm2":1160.4,"massBalanceMwe":-0.351}},{"type":"Feature","id":"NE50-0325","geometry":{"type":"Polygon","coordinates":[[[-62.021,-64.027],[-62.021,-64.027],[-62.021,-64.027],[-62.021,-64.027],[-62.021,-64.027],[-62.021,-64.027],[-62.021,-64.027],[-62.021,-64.027],[-62.021,-64.027],[-62.021,-64.027],[-62.021,-64.027],[-62.021,-64.027],[-62.021,-64.027],[-62.021,-64.027],[-62.021,-64.027],[-62.021,-64.027],[-62.021,-64.027],[-62.021,-64.027],[-62.021,-64.027],[-62.021,-64.027],[-61.936,-63.99],[-61.798,-63.967],[-61.886,-64.027],[-61.911,-64.055],[-61.952,-64.077],[-62.044,-64.08],[-62.021,-64.027]]]},"properties":{"id":"NE50-0325","region":"19","areaKm2":63.2,"massBalanceMwe":-0.351}},{"type":"Feature","id":"NE50-0326","geometry":{"type":"Polygon","coordinates":[[[-61.978,-69.3],[-61.978,-69.3],[-61.978,-69.3],[-61.978,-69.3],[-61.978,-69.3],[-61.978,-69.3],[-61.978,-69.3],[-61.978,-69.3],[-61.978,-69.3],[-61.978,-69.3],[-61.978,-69.3],[-61.978,-69.3],[-61.978,-69.3],[-61.978,-69.3],[-61.978,-69.3],[-61.978,-69.3],[-61.978,-69.3],[-61.978,-69.3],[-61.978,-69.3],[-61.978,-69.3],[-61.816,-69.376],[-61.784,-69.442],[-61.807,-69.515],[-61.911,-69.533],[-61.908,-69.588],[-61.97,-69.691],[-61.998,-69.722],[-62.085,-69.729],[-62.172,-69.637],[-62.216,-69.495],[-62.496,-69.288],[-62.568,-69.18],[-62.516,-69.155],[-62.442,-69.146],[-62.239,-69.176],[-62.118,-69.215],[-61.978,-69.3]]]},"properties":{"id":"NE50-0326","region":"19","areaKm2":946.8,"massBalanceMwe":-0.351}},{"type":"Feature","id":"NE50-0327","geometry":{"type":"Polygon","coordinates":[[[-63.177,-64.739],[-63.177,-64.739],[-63.177,-64.739],[-63.177,-64.739],[-63.177,-64.739],[-63.177,-64.739],[-63.177,-64.739],[-63.177,-64.739],[-63.177,-64.739],[-63.177,-64.739],[-63.177,-64.739],[-63.177,-64.739],[-63.177,-64.739],[-63.177,-64.739],[-63.177,-64.739],[-63.177,-64.739],[-63.177,-64.739],[-63.177,-64.739],[-63.177,-64.739],[-63.177,-64.739],[-63.257,-64.791],[-63.316,-64.861],[-63.474,-64.907],[-63.558,-64.906],[-63.459,-64.796],[-63.367,-64.792],[-63.219,-64.73],[-63.177,-64.739]]]},"properties":{"id":"NE50-0327","region":"19","areaKm2":131.4,"massBalanceMwe":-0.351}},{"type":"Feature","id":"NE50-0328","geometry":{"type":"Polygon","coordinates":[[[-62.094,-64.235],[-62.094,-64.235],[-62.094,-64.235],[-62.094,-64.235],[-62.094,-64.235],[-62.094,-64.235],[-62.094,-64.235],[-62.094,-64.235],[-62.094,-64.235],[-62.094,-64.235],[-62.094,-64.235],[-62.094,-64.235],[-62.094,-64.235],[-62.094,-64.235],[-62.094,-64.235],[-62.094,-64.235],[-62.094,-64.235],[-62.094,-64.235],[-62.094,-64.235],[-62.094,-64.235],[-62.174,-64.296],[-62.186,-64.369],[-62.304,-64.401],[-62.326,-64.424],[-62.396,-64.465],[-62.455,-64.472],[-62.508,-64.454],[-62.58,-64.514],[-62.727,-64.496],[-62.782,-64.479],[-62.747,-64.472],[-62.721,-64.444],[-62.643,-64.392],[-62.504,-64.253],[-62.48,-64.211],[-62.59,-64.14],[-62.611,-64.116],[-62.586,-64.076],[-62.545,-64.046],[-62.451,-64.012],[-62.329,-64.014],[-62.268,-64.04],[-62.269,-64.09],[-62.058,-64.138],[-62.094,-64.235]]]},"properties":{"id":"NE50-0328","region":"19","areaKm2":975.4,"massBalanceMwe":-0.351}},{"type":"Feature","id":"NE50-0329","geometry":{"type":"Polygon","coordinates":[[[-62.411,-62.972],[-62.411,-62.972],[-62.411,-62.972],[-62.411,-62.972],[-62.411,-62.972],[-62.411,-62.972],[-62.411,-62.972],[-62.411,-62.972],[-62.411,-62.972],[-62.411,-62.972],[-62.411,-62.972],[-62.411,-62.972],[-62.411,-62.972],[-62.411,-62.972],[-62.411,-62.972],[-62.411,-62.972],[-62.411,-62.972],[-62.411,-62.972],[-62.411,-62.972],[-62.411,-62.972],[-62.615,-63.069],[-62.655,-63.074],[-62.639,-63.032],[-62.527,-62.924],[-62.317,-62.874],[-62.344,-62.918],[-62.411,-62.972]]]},"properties":{"id":"NE50-0329","region":"19","areaKm2":131.3,"massBalanceMwe":-0.351}},{"type":"Feature","id":"NE50-0330","geometry":{"type":"Polygon","coordinates":[[[-59.525,-62.451],[-59.525,-62.451],[-59.525,-62.451],[-59.525,-62.451],[-59.525,-62.451],[-59.525,-62.451],[-59.525,-62.451],[-59.525,-62.451],[-59.525,-62.451],[-59.525,-62.451],[-59.525,-62.451],[-59.525,-62.451],[-59.525,-62.451],[-59.525,-62.451],[-59.525,-62.451],[-59.525,-62.451],[-59.525,-62.451],[-59.525,-62.451],[-59.525,-62.451],[-59.525,-62.451],[-59.619,-62.395],[-59.661,-62.354],[-59.479,-62.352],[-59.396,-62.367],[-59.353,-62.413],[-59.389,-62.444],[-59.525,-62.451]]]},"properties":{"id":"NE50-0330","region":"19","areaKm2":120.3,"massBalanceMwe":-0.351}},{"type":"Feature","id":"NE50-0331","geometry":{"type":"Polygon","coordinates":[[[-56.354,-63.169],[-56.354,-63.169],[-56.354,-63.169],[-56.354,-63.169],[-56.354,-63.169],[-56.354,-63.169],[-56.354,-63.169],[-56.354,-63.169],[-56.354,-63.169],[-56.354,-63.169],[-56.354,-63.169],[-56.354,-63.169],[-56.354,-63.169],[-56.354,-63.169],[-56.354,-63.169],[-56.354,-63.169],[-56.354,-63.169],[-56.354,-63.169],[-56.354,-63.169],[-56.354,-63.169],[-56.546,-63.098],[-56.601,-63.062],[-56.614,-63.045],[-56.489,-62.982],[-56.14,-63.005],[-56.062,-63.013],[-56.058,-63.019],[-56.051,-63.055],[-56.06,-63.078],[-56.259,-63.173],[-56.354,-63.169]]]},"properties":{"id":"NE50-0331","region":"19","areaKm2":404.3,"massBalanceMwe":-0.351}},{"type":"Feature","id":"NE50-0332","geometry":{"type":"Polygon","coordinates":[[[-60.796,-62.662],[-60.796,-62.662],[-60.796,-62.662],[-60.796,-62.662],[-60.796,-62.662],[-60.796,-62.662],[-60.796,-62.662],[-60.796,-62.662],[-60.796,-62.662],[-60.796,-62.662],[-60.796,-62.662],[-60.796,-62.662],[-60.796,-62.662],[-60.796,-62.662],[-60.796,-62.662],[-60.796,-62.662],[-60.796,-62.662],[-60.796,-62.662],[-60.796,-62.662],[-60.796,-62.662],[-60.995,-62.679],[-61.063,-62.679],[-61.15,-62.634],[-61.152,-62.589],[-60.975,-62.592],[-60.838,-62.534],[-60.799,-62.475],[-60.732,-62.491],[-60.625,-62.56],[-60.576,-62.573],[-60.14,-62.549],[-60.003,-62.618],[-59.85,-62.615],[-60.221,-62.745],[-60.322,-62.708],[-60.354,-62.679],[-60.378,-62.616],[-60.62,-62.633],[-60.697,-62.621],[-60.796,-62.662]]]},"properties":{"id":"NE50-0332","region":"19","areaKm2":730.2,"massBalanceMwe":-0.351}},{"type":"Feature","id":"NE50-0333","geometry":{"type":"Polygon","coordinates":[[[-57.344,-63.879],[-57.344,-63.879],[-57.344,-63.879],[-57.344,-63.879],[-57.344,-63.879],[-57.344,-63.879],[-57.344,-63.879],[-57.344,-63.879],[-57.344,-63.879],[-57.344,-63.879],[-57.344,-63.879],[-57.344,-63.879],[-57.344,-63.879],[-57.344,-63.879],[-57.344,-63.879],[-57.344,-63.879],[-57.344,-63.879],[-57.344,-63.879],[-57.344,-63.879],[-57.344,-63.879],[-57.616,-63.854],[-57.683,-63.813],[-57.439,-63.791],[-57.374,-63.807],[-57.36,-63.825],[-57.161,-63.816],[-57.104,-63.841],[-57.218,-63.876],[-57.248,-63.868],[-57.344,-63.879]]]},"properties":{"id":"NE50-0333","region":"19","areaKm2":162.6,"massBalanceMwe":-0.351}},{"type":"Feature","id":"NE50-0334","geometry":{"type":"Polygon","coordinates":[[[-61.327,-69.856],[-61.327,-69.856],[-61.327,-69.856],[-61.327,-69.856],[-61.327,-69.856],[-61.327,-69.856],[-61.327,-69.856],[-61.327,-69.856],[-61.327,-69.856],[-61.327,-69.856],[-61.327,-69.856],[-61.327,-69.856],[-61.327,-69.856],[-61.327,-69.856],[-61.327,-69.856],[-61.327,-69.856],[-61.327,-69.856],[-61.327,-69.856],[-61.327,-69.856],[-61.327,-69.856],[-61.152,-69.883],[-61.108,-69.955],[-61.158,-69.976],[-61.309,-69.978],[-61.378,-69.95],[-61.404,-69.933],[-61.386,-69.893],[-61.327,-69.856]]]},"properties":{"id":"NE50-0334","region":"19","areaKm2":111.0,"massBalanceMwe":-0.351}},{"type":"Feature","id":"NE50-0335","geometry":{"type":"Polygon","coordinates":[[[-60.693,-68.795],[-60.693,-68.795],[-60.693,-68.795],[-60.693,-68.795],[-60.693,-68.795],[-60.693,-68.795],[-60.693,-68.795],[-60.693,-68.795],[-60.693,-68.795],[-60.693,-68.795],[-60.693,-68.795],[-60.693,-68.795],[-60.693,-68.795],[-60.693,-68.795],[-60.693,-68.795],[-60.693,-68.795],[-60.693,-68.795],[-60.693,-68.795],[-60.693,-68.795],[-60.693,-68.795],[-60.82,-68.778],[-60.894,-68.759],[-61.015,-68.71],[-60.947,-68.681],[-60.814,-68.688],[-60.705,-68.722],[-60.656,-68.768],[-60.693,-68.795]]]},"properties":{"id":"NE50-0335","region":"19","areaKm2":103.2,"massBalanceMwe":-0.351}},{"type":"Feature","id":"NE50-0336","geometry":{"type":"Polygon","coordinates":[[[-60.554,-70.509],[-60.554,-70.509],[-60.554,-70.509],[-60.554,-70.509],[-60.554,-70.509],[-60.554,-70.509],[-60.554,-70.509],[-60.554,-70.509],[-60.554,-70.509],[-60.554,-70.509],[-60.554,-70.509],[-60.554,-70.509],[-60.554,-70.509],[-60.554,-70.509],[-60.554,-70.509],[-60.554,-70.509],[-60.554,-70.509],[-60.554,-70.509],[-60.554,-70.509],[-60.554,-70.509],[-60.452,-70.544],[-60.449,-70.603],[-60.488,-70.647],[-60.741,-70.711],[-60.826,-70.711],[-60.896,-70.69],[-60.958,-70.629],[-60.976,-70.599],[-60.942,-70.532],[-60.884,-70.518],[-60.554,-70.509]]]},"properties":{"id":"NE50-0336","region":"19","areaKm2":341.3,"massBalanceMwe":-0.351}},{"type":"Feature","id":"NE50-0337","geometry":{"type":"Polygon","coordinates":[[[-60.516,-71.0],[-60.516,-71.0],[-60.516,-71.0],[-60.516,-71.0],[-60.516,-71.0],[-60.516,-71.0],[-60.516,-71.0],[-60.516,-71.0],[-60.516,-71.0],[-60.516,-71.0],[-60.516,-71.0],[-60.516,-71.0],[-60.516,-71.0],[-60.516,-71.0],[-60.516,-71.0],[-60.516,-71.0],[-60.516,-71.0],[-60.516,-71.0],[-60.516,-71.0],[-60.516,-71.0],[-60.536,-71.041],[-60.552,-71.053],[-60.652,-71.059],[-60.79,-71.041],[-60.906,-71.007],[-60.947,-70.967],[-60.889,-70.934],[-60.783,-70.914],[-60.613,-70.92],[-60.533,-70.963],[-60.516,-71.0]]]},"properties":{"id":"NE50-0337","region":"19","areaKm2":185.2,"massBalanceMwe":-0.351}},{"type":"Feature","id":"NE50-0338","geometry":{"type":"Polygon","coordinates":[[[-60.637,-62.895],[-60.637,-62.895],[-60.637,-62.895],[-60.637,-62.895],[-60.637,-62.895],[-60.637,-62.895],[-60.637,-62.895],[-60.637,-62.895],[-60.637,-62.895],[-60.637,-62.895],[-60.637,-62.895],[-60.637,-62.895],[-60.637,-62.895],[-60.637,-62.895],[-60.637,-62.895],[-60.637,-62.895],[-60.637,-62.895],[-60.637,-62.895],[-60.637,-62.895],[-60.637,-62.895],[-60.505,-62.967],[-60.555,-62.977],[-60.62,-62.969],[-60.618,-62.987],[-60.564,-63.009],[-60.622,-63.018],[-60.693,-62.996],[-60.74,-62.949],[-60.706,-62.906],[-60.637,-62.895]]]},"properties":{"id":"NE50-0338","region":"19","areaKm2":87.0,"massBalanceMwe":-0.351}},{"type":"Feature","id":"NE50-0339","geometry":{"type":"Polygon","coordinates":[[[-60.562,-63.696],[-60.562,-63.696],[-60.562,-63.696],[-60.562,-63.696],[-60.562,-63.696],[-60.562,-63.696],[-60.562,-63.696],[-60.562,-63.696],[-60.562,-63.696],[-60.562,-63.696],[-60.562,-63.696],[-60.562,-63.696],[-60.562,-63.696],[-60.562,-63.696],[-60.562,-63.696],[-60.562,-63.696],[-60.562,-63.696],[-60.562,-63.696],[-60.562,-63.696],[-60.562,-63.696],[-60.656,-63.759],[-60.689,-63.808],[-60.655,-63.85],[-60.653,-63.867],[-60.778,-63.902],[-60.852,-63.891],[-60.972,-63.849],[-60.81,-63.837],[-60.797,-63.717],[-60.715,-63.669],[-60.562,-63.696]]]},"properties":{"id":"NE50-0339","region":"19","areaKm2":206.7,"massBalanceMwe":-0.351}},{"type":"Feature","id":"NE50-0340","geometry":{"type":"Polygon","coordinates":[[[-94.004,-72.82],[-94.004,-72.82],[-94.004,-72.82],[-94.004,-72.82],[-94.004,-72.82],[-94.004,-72.82],[-94.004,-72.82],[-94.004,-72.82],[-94.004,-72.82],[-94.004,-72.82],[-94.004,-72.82],[-94.004,-72.82],[-94.004,-72.82],[-94.004,-72.82],[-94.004,-72.82],[-94.004,-72.82],[-94.004,-72.82],[-94.004,-72.82],[-94.004,-72.82],[-94.004,-72.82],[-93.8,-72.882],[-93.756,-72.908],[-93.796,-72.92],[-93.966,-72.92],[-94.078,-72.884],[-94.113,-72.86],[-94.047,-72.823],[-94.004,-72.82]]]},"properties":{"id":"NE50-0340","region":"19","areaKm2":75.5,"massBalanceMwe":-0.351}},{"type":"Feature","id":"NE50-0341","geometry":{"type":"Polygon","coordinates":[[[-90.78,-72.732],[-90.78,-72.732],[-90.78,-72.732],[-90.78,-72.732],[-90.78,-72.732],[-90.78,-72.732],[-90.78,-72.732],[-90.78,-72.732],[-90.78,-72.732],[-90.78,-72.732],[-90.78,-72.732],[-90.78,-72.732],[-90.78,-72.732],[-90.78,-72.732],[-90.78,-72.732],[-90.78,-72.732],[-90.78,-72.732],[-90.78,-72.732],[-90.78,-72.732],[-90.78,-72.732],[-90.895,-72.824],[-90.776,-72.854],[-90.751,-72.917],[-90.776,-72.993],[-90.893,-73.084],[-90.998,-73.137],[-91.161,-73.182],[-91.344,-73.207],[-91.511,-73.195],[-91.45,-72.968],[-91.357,-72.91],[-91.382,-72.868],[-91.551,-72.754],[-91.67,-72.624],[-91.612,-72.594],[-91.304,-72.547],[-90.947,-72.556],[-90.807,-72.611],[-90.763,-72.681],[-90.78,-72.732]]]},"properties":{"id":"NE50-0341","region":"19","areaKm2":1532.8,"massBalanceMwe":-0.351}},{"type":"Feature","id":"NE50-0342","geometry":{"type":"Polygon","coordinates":[[[-104.972,-72.941],[-104.972,-72.941],[-104.972,-72.941],[-104.972,-72.941],[-104.972,-72.941],[-104.972,-72.941],[-104.972,-72.941],[-104.972,-72.941],[-104.972,-72.941],[-104.972,-72.941],[-104.972,-72.941],[-104.972,-72.941],[-104.972,-72.941],[-104.972,-72.941],[-104.972,-72.941],[-104.972,-72.941],[-104.972,-72.941],[-104.972,-72.941],[-104.972,-72.941],[-104.972,-72.941],[-104.538,-73.166],[-104.66,-73.212],[-104.881,-73.201],[-105.053,-73.126],[-105.123,-73.026],[-105.132,-72.991],[-105.085,-72.966],[-104.972,-72.941]]]},"properties":{"id":"NE50-0342","region":"19","areaKm2":306.8,"massBalanceMwe":-0.351}},{"type":"Feature","id":"NE50-0343","geometry":{"type":"Polygon","coordinates":[[[-94.566,-72.468],[-94.566,-72.468],[-94.566,-72.468],[-94.566,-72.468],[-94.566,-72.468],[-94.566,-72.468],[-94.566,-72.468],[-94.566,-72.468],[-94.566,-72.468],[-94.566,-72.468],[-94.566,-72.468],[-94.566,-72.468],[-94.566,-72.468],[-94.566,-72.468],[-94.566,-72.468],[-94.566,-72.468],[-94.566,-72.468],[-94.566,-72.468],[-94.566,-72.468],[-94.566,-72.468],[-94.538,-72.476],[-94.514,-72.492],[-94.434,-72.589],[-94.426,-72.613],[-95.027,-72.665],[-95.219,-72.67],[-95.273,-72.647],[-95.216,-72.599],[-94.753,-72.517],[-94.566,-72.468]]]},"properties":{"id":"NE50-0343","region":"19","areaKm2":328.6,"massBalanceMwe":-0.351}},{"type":"Feature","id":"NE50-0344","geometry":{"type":"Polygon","coordinates":[[[-71.551,-70.439],[-71.551,-70.439],[-71.551,-70.439],[-71.551,-70.439],[-71.551,-70.439],[-71.551,-70.439],[-71.551,-70.439],[-71.551,-70.439],[-71.551,-70.439],[-71.551,-70.439],[-71.551,-70.439],[-71.551,-70.439],[-71.551,-70.439],[-71.551,-70.439],[-71.551,-70.439],[-71.551,-70.439],[-71.551,-70.439],[-71.551,-70.439],[-71.551,-70.439],[-71.551,-70.439],[-71.685,-70.442],[-71.782,-70.319],[-71.795,-70.288],[-71.695,-70.265],[-71.648,-70.295],[-71.432,-70.267],[-71.355,-70.298],[-71.34,-70.318],[-71.438,-70.392],[-71.551,-70.439]]]},"properties":{"id":"NE50-0344","region":"19","areaKm2":223.2,"massBalanceMwe":-0.351}},{"type":"Feature","id":"NE50-0345","geometry":{"type":"Polygon","coordinates":[[[-72.202,-69.74],[-72.202,-69.74],[-72.202,-69.74],[-72.202,-69.74],[-72.202,-69.74],[-72.202,-69.74],[-72.202,-69.74],[-72.202,-69.74],[-72.202,-69.74],[-72.202,-69.74],[-72.202,-69.74],[-72.202,-69.74],[-72.202,-69.74],[-72.202,-69.74],[-72.202,-69.74],[-72.202,-69.74],[-72.202,-69.74],[-72.202,-69.74],[-72.202,-69.74],[-72.202,-69.74],[-72.345,-69.707],[-72.777,-69.645],[-72.957,-69.529],[-72.937,-69.469],[-72.857,-69.433],[-72.726,-69.413],[-72.464,-69.452],[-72.331,-69.492],[-71.985,-69.698],[-72.202,-69.74]]]},"properties":{"id":"NE50-0345","region":"19","areaKm2":751.2,"massBalanceMwe":-0.351}},{"type":"Feature","id":"NE50-0346","geometry":{"type":"Polygon","coordinates":[[[-74.049,-73.22],[-74.049,-73.22],[-74.049,-73.22],[-74.049,-73.22],[-74.049,-73.22],[-74.049,-73.22],[-74.049,-73.22],[-74.049,-73.22],[-74.049,-73.22],[-74.049,-73.22],[-74.049,-73.22],[-74.049,-73.22],[-74.049,-73.22],[-74.049,-73.22],[-74.049,-73.22],[-74.049,-73.22],[-74.049,-73.22],[-74.049,-73.22],[-74.049,-73.22],[-74.049,-73.22],[-73.832,-73.113],[-73.674,-73.1],[-73.542,-73.124],[-73.682,-73.225],[-73.721,-73.296],[-73.878,-73.357],[-73.975,-73.376],[-74.038,-73.365],[-74.147,-73.315],[-74.134,-73.277],[-74.084,-73.249],[-74.049,-73.22]]]},"properties":{"id":"NE50-0346","region":"19","areaKm2":317.0,"massBalanceMwe":-0.351}},{"type":"Feature","id":"NE50-0347","geometry":{"type":"Polygon","coordinates":[[[-66.064,-65.881],[-66.064,-65.881],[-66.064,-65.881],[-66.064,-65.881],[-66.064,-65.881],[-66.064,-65.881],[-66.064,-65.881],[-66.064,-65.881],[-66.064,-65.881],[-66.064,-65.881],[-66.064,-65.881],[-66.064,-65.881],[-66.064,-65.881],[-66.064,-65.881],[-66.064,-65.881],[-66.064,-65.881],[-66.064,-65.881],[-66.064,-65.881],[-66.064,-65.881],[-66.064,-65.881],[-66.175,-65.867],[-66.181,-65.826],[-66.153,-65.774],[-66.05,-65.745],[-66.067,-65.666],[-66.0,-65.633],[-65.968,-65.571],[-65.834,-65.527],[-65.637,-65.548],[-65.668,-65.626],[-65.67,-65.653],[-65.784,-65.674],[-65.814,-65.687],[-65.841,-65.739],[-65.836,-65.814],[-65.845,-65.842],[-66.064,-65.881]]]},"properties":{"id":"NE50-0347","region":"19","areaKm2":501.3,"massBalanceMwe":-0.351}},{"type":"Feature","id":"NE50-0348","geometry":{"type":"Polygon","coordinates":[[[-66.867,-66.275],[-66.867,-66.275],[-66.867,-66.275],[-66.867,-66.275],[-66.867,-66.275],[-66.867,-66.275],[-66.867,-66.275],[-66.867,-66.275],[-66.867,-66.275],[-66.867,-66.275],[-66.867,-66.275],[-66.867,-66.275],[-66.867,-66.275],[-66.867,-66.275],[-66.867,-66.275],[-66.867,-66.275],[-66.867,-66.275],[-66.867,-66.275],[-66.867,-66.275],[-66.867,-66.275],[-66.792,-66.234],[-66.779,-66.111],[-66.631,-66.067],[-66.575,-66.082],[-66.623,-66.134],[-66.593,-66.179],[-66.595,-66.201],[-66.819,-66.313],[-66.85,-66.305],[-66.868,-66.294],[-66.867,-66.275]]]},"properties":{"id":"NE50-0348","region":"19","areaKm2":172.2,"massBalanceMwe":-0.351}},{"type":"Feature","id":"NE50-0349","geometry":{"type":"Polygon","coordinates":[[[-67.149,-67.65],[-67.149,-67.65],[-67.149,-67.65],[-67.149,-67.65],[-67.149,-67.65],[-67.149,-67.65],[-67.149,-67.65],[-67.149,-67.65],[-67.149,-67.65],[-67.149,-67.65],[-67.149,-67.65],[-67.149,-67.65],[-67.149,-67.65],[-67.149,-67.65],[-67.149,-67.65],[-67.149,-67.65],[-67.149,-67.65],[-67.149,-67.65],[-67.149,-67.65],[-67.149,-67.65],[-67.28,-67.712],[-67.3,-67.737],[-67.349,-67.766],[-67.545,-67.785],[-67.693,-67.763],[-67.69,-67.688],[-67.731,-67.679],[-67.743,-67.661],[-67.557,-67.605],[-67.418,-67.591],[-67.247,-67.599],[-67.175,-67.625],[-67.149,-67.65]]]},"properties":{"id":"NE50-0349","region":"19","areaKm2":367.2,"massBalanceMwe":-0.351}},{"type":"Feature","id":"NE50-0350","geometry":{"type":"Polygon","coordinates":[[[-67.257,-66.841],[-67.257,-66.841],[-67.257,-66.841],[-67.257,-66.841],[-67.257,-66.841],[-67.257,-66.841],[-67.257,-66.841],[-67.257,-66.841],[-67.257,-66.841],[-67.257,-66.841],[-67.257,-66.841],[-67.257,-66.841],[-67.257,-66.841],[-67.257,-66.841],[-67.257,-66.841],[-67.257,-66.841],[-67.257,-66.841],[-67.257,-66.841],[-67.257,-66.841],[-67.257,-66.841],[-67.362,-66.895],[-67.409,-66.902],[-67.521,-66.897],[-67.593,-66.876],[-67.499,-66.804],[-67.511,-66.756],[-67.426,-66.737],[-67.332,-66.753],[-67.269,-66.815],[-67.257,-66.841]]]},"properties":{"id":"NE50-0350","region":"19","areaKm2":173.2,"massBalanceMwe":-0.351}},{"type":"Feature","id":"NE50-0351","geometry":{"type":"Polygon","coordinates":[[[180.0,-85.058],[180.0,-85.763],[180.0,-86.469],[180.0,-87.175],[180.0,-87.881],[180.0,-88.587],[180.0,-89.293],[180.0,-89.999],[178.594,-89.999],[177.188,-89.999],[175.781,-89.999],[174.375,-89.999],[172.969,-89.999],[171.562,-89.999],[170.156,-89.999],[168.75,-89.999],[167.344,-89.999],[165.938,-89.999],[164.531,-89.999],[163.125,-89.999],[161.719,-89.999],[160.312,-89.999],[158.906,-89.999],[157.5,-89.999],[156.094,-89.999],[154.687,-89.999],[153.281,-89.999],[151.875,-89.999],[150.469,-89.999],[149.063,-89.999],[147.656,-89.999],[146.25,-89.999],[144.844,-89.999],[143.438,-89.999],[142.031,-89.999],[140.625,-89.999],[139.219,-89.999],[137.812,-89.999],[136.406,-89.999],[135.0,-89.999],[133.594,-89.999],[132.188,-89.999],[130.781,-89.999],[129.375,-89.999],[127.969,-89.999],[126.562,-89.999],[125.156,-89.999],[123.75,-89.999],[122.344,-89.999],[120.938,-89.999],[119.531,-89.999],[118.125,-89.999],[116.719,-89.999],[115.312,-89.999],[113.906,-89.999],[112.5,-89.999],[111.094,-89.999],[109.687,-89.999],[108.281,-89.999],[106.875,-89.999],[105.469,-89.999],[104.063,-89.999],[102.656,-89.999],[101.25,-89.999],[99.844,-89.999],[98.438,-89.999],[97.031,-89.999],[95.625,-89.999],[94.219,-89.999],[92.813,-89.999],[91.406,-89.999],[90.0,-89.999],[88.594,-89.999],[87.188,-89.999],[85.781,-89.999],[84.375,-89.999],[82.969,-89.999],[81.562,-89.999],[80.156,-89.999],[78.75,-89.999],[77.344,-89.999],[75.938,-89.999],[74.531,-89.999],[73.125,-89.999],[71.719,-89.999],[70.312,-89.999],[68.906,-89.999],[67.5,-89.999],[66.094,-89.999],[64.688,-89.999],[63.281,-89.999],[61.875,-89.999],[60.469,-89.999],[59.062,-89.999],[57.656,-89.999],[56.25,-89.999],[54.844,-89.999],[53.437,-89.999],[52.031,-89.999],[50.625,-89.999],[49.219,-89.999],[47.812,-89.999],[46.406,-89.999],[45.0,-89.999],[43.594,-89.999],[42.187,-89.999],[40.781,-89.999],[39.375,-89.999],[37.969,-89.999],[36.562,-89.999],[35.156,-89.999],[33.75,-89.999],[32.344,-89.999],[30.937,-89.999],[29.531,-89.999],[28.125,-89.999],[26.719,-89.999],[25.312,-89.999],[23.906,-89.999],[22.5,-89.999],[21.094,-89.999],[19.687,-89.999],[18.281,-89.999],[16.875,-89.999],[15.469,-89.999],[14.062,-89.999],[12.656,-89.999],[11.25,-89.999],[9.844,-89.999],[8.438,-89.999],[7.031,-89.999],[5.625,-89.999],[4.219,-89.999],[2.812,-89.999],[1.406,-89.999],[-0.0,-89.999],[-1.406,-89.999],[-2.813,-89.999],[-4.219,-89.999],[-5.625,-89.999],[-7.031,-89.999],[-8.438,-89.999],[-9.844,-89.999],[-11.25,-89.999],[-12.656,-89.999],[-14.063,-89.999],[-15.469,-89.999],[-16.875,-89.999],[-18.281,-89.999],[-19.688,-89.999],[-21.094,-89.999],[-22.5,-89.999],[-23.906,-89.999],[-25.313,-89.999],[-26.719,-89.999],[-28.125,-89.999],[-29.531,-89.999],[-30.938,-89.999],[-32.344,-89.999],[-33.75,-89.999],[-35.156,-89.999],[-36.562,-89.999],[-37.969,-89.999],[-39.375,-89.999],[-40.781,-89.999],[-42.188,-89.999],[-43.594,-89.999],[-45.0,-89.999],[-46.406,-89.999],[-47.813,-89.999],[-49.219,-89.999],[-50.625,-89.999],[-52.031,-89.999],[-53.438,-89.999],[-54.844,-89.999],[-56.25,-89.999],[-57.656,-89.999],[-59.063,-89.999],[-60.469,-89.999],[-61.875,-89.999],[-63.281,-89.999],[-64.687,-89.999],[-66.094,-89.999],[-67.5,-89.999],[-68.906,-89.999],[-70.313,-89.999],[-71.719,-89.999],[-73.125,-89.999],[-74.531,-89.999],[-75.938,-89.999],[-77.344,-89.999],[-78.75,-89.999],[-80.156,-89.999],[-81.562,-89.999],[-82.969,-89.999],[-84.375,-89.999],[-85.781,-89.999],[-87.188,-89.999],[-88.594,-89.999],[-90.0,-89.999],[-91.406,-89.999],[-92.812,-89.999],[-94.219,-89.999],[-95.625,-89.999],[-97.031,-89.999],[-98.438,-89.999],[-99.844,-89.999],[-101.25,-89.999],[-102.656,-89.999],[-104.063,-89.999],[-105.469,-89.999],[-106.875,-89.999],[-108.281,-89.999],[-109.687,-89.999],[-111.094,-89.999],[-112.5,-89.999],[-113.906,-89.999],[-115.313,-89.999],[-116.719,-89.999],[-118.125,-89.999],[-119.531,-89.999],[-120.937,-89.999],[-122.344,-89.999],[-123.75,-89.999],[-125.156,-89.999],[-126.562,-89.999],[-127.969,-89.999],[-129.375,-89.999],[-130.781,-89.999],[-132.188,-89.999],[-133.594,-89.999],[-135.0,-89.999],[-136.406,-89.999],[-137.812,-89.999],[-139.219,-89.999],[-140.625,-89.999],[-142.031,-89.999],[-143.438,-89.999],[-144.844,-89.999],[-146.25,-89.999],[-147.656,-89.999],[-149.062,-89.999],[-150.469,-89.999],[-151.875,-89.999],[-153.281,-89.999],[-154.688,-89.999],[-156.094,-89.999],[-157.5,-89.999],[-158.906,-89.999],[-160.313,-89.999],[-161.719,-89.999],[-163.125,-89.999],[-164.531,-89.999],[-165.938,-89.999],[-167.344,-89.999],[-168.75,-89.999],[-170.156,-89.999],[-171.563,-89.999],[-172.969,-89.999],[-174.375,-89.999],[-175.781,-89.999],[-177.188,-89.999],[-178.594,-89.999],[-180.0,-89.999],[-180.0,-89.999],[-180.0,-89.999],[-180.0,-89.999],[-180.0,-89.999],[-180.0,-89.999],[-180.0,-89.999],[-180.0,-89.999],[-180.0,-89.999],[-180.0,-89.999],[-180.0,-89.999],[-180.0,-89.999],[-180.0,-89.999],[-180.0,-89.999],[-180.0,-89.999],[-180.0,-89.999],[-180.0,-89.999],[-180.0,-89.999],[-180.0,-89.999],[-180.0,-89.999],[-180.0,-89.999],[-180.0,-89.999],[-180.0,-89.999],[-180.0,-89.999],[-180.0,-89.999],[-180.0,-89.999],[-180.0,-89.999],[-180.0,-89.999],[-180.0,-89.999],[-180.0,-89.999],[-180.0,-89.999],[-180.0,-89.999],[-180.0,-89.999],[-180.0,-89.999],[-180.0,-89.999],[-180.0,-89.999],[-180.0,-89.999],[-180.0,-89.999],[-180.0,-89.999],[-180.0,-89.999],[-180.0,-89.999],[-180.0,-89.999],[-180.0,-89.999],[-180.0,-89.999],[-180.0,-89.999],[-180.0,-89.999],[-180.0,-89.999],[-180.0,-89.999],[-180.0,-89.999],[-180.0,-89.999],[-180.0,-89.999],[-180.0,-89.999],[-180.0,-89.999],[-180.0,-89.999],[-180.0,-89.999],[-180.0,-89.999],[-180.0,-89.999],[-180.0,-89.999],[-180.0,-89.999],[-180.0,-89.999],[-180.0,-89.999],[-180.0,-89.999],[-180.0,-89.999],[-180.0,-89.999],[-180.0,-89.999],[-180.0,-89.999],[-180.0,-89.999],[-180.0,-89.999],[-180.0,-89.999],[-180.0,-89.999],[-180.0,-89.999],[-180.0,-89.999],[-180.0,-89.999],[-180.0,-89.999],[-180.0,-89.999],[-180.0,-89.999],[-180.0,-89.999],[-180.0,-89.999],[-180.0,-89.999],[-180.0,-89.999],[-180.0,-89.999],[-180.0,-89.999],[-180.0,-89.999],[-180.0,-89.999],[-180.0,-89.999],[-180.0,-89.999],[-180.0,-89.999],[-180.0,-89.999],[-180.0,-89.999],[-180.0,-89.999],[-180.0,-89.999],[-180.0,-89.999],[-180.0,-89.999],[-180.0,-89.999],[-180.0,-89.999],[-180.0,-89.999],[-180.0,-89.999],[-180.0,-89.999],[-180.0,-89.999],[-180.0,-89.999],[-180.0,-89.999],[-180.0,-89.999],[-180.0,-89.999],[-180.0,-89.999],[-180.0,-89.999],[-180.0,-89.999],[-180.0,-89.999],[-180.0,-89.999],[-180.0,-89.999],[-180.0,-89.999],[-180.0,-89.999],[-180.0,-89.999],[-180.0,-89.999],[-180.0,-89.999],[-180.0,-89.999],[-180.0,-89.999],[-180.0,-89.999],[-180.0,-89.999],[-180.0,-89.999],[-180.0,-89.999],[-180.0,-89.999],[-180.0,-89.999],[-180.0,-89.999],[-180.0,-89.999],[-180.0,-89.999],[-180.0,-89.999],[-180.0,-89.999],[-180.0,-89.999],[-180.0,-89.999],[-180.0,-89.999],[-180.0,-89.999],[-180.0,-89.999],[-180.0,-89.999],[-180.0,-89.999],[-180.0,-89.999],[-180.0,-89.999],[-180.0,-89.999],[-180.0,-89.999],[-180.0,-89.999],[-180.0,-89.999],[-180.0,-89.999],[-180.0,-89.999],[-180.0,-89.999],[-180.0,-89.999],[-180.0,-89.999],[-180.0,-89.999],[-180.0,-89.999],[-180.0,-89.999],[-180.0,-89.999],[-180.0,-89.999],[-180.0,-89.999],[-180.0,-89.999],[-180.0,-89.999],[-180.0,-89.999],[-180.0,-89.999],[-180.0,-89.999],[-180.0,-89.999],[-180.0,-89.999],[-180.0,-89.999],[-180.0,-89.999],[-180.0,-89.999],[-180.0,-89.999],[-180.0,-89.999],[-180.0,-89.999],[-180.0,-89.999],[-180.0,-89.999],[-180.0,-89.999],[-180.0,-89.999],[-180.0,-89.999],[-180.0,-89.999],[-180.0,-89.999],[-180.0,-89.999],[-180.0,-89.999],[-180.0,-89.999],[-180.0,-89.999],[-180.0,-89.999],[-180.0,-89.999],[-180.0,-89.999],[-180.0,-89.999],[-180.0,-89.999],[-180.0,-89.999],[-180.0,-89.999],[-180.0,-89.999],[-180.0,-89.999],[-180.0,-89.999],[-180.0,-89.999],[-180.0,-89.999],[-180.0,-89.999],[-180.0,-89.999],[-180.0,-89.999],[-180.0,-89.999],[-180.0,-89.999],[-180.0,-89.999],[-180.0,-89.999],[-180.0,-89.999],[-180.0,-89.999],[-180.0,-89.999],[-180.0,-89.999],[-180.0,-89.999],[-180.0,-89.999],[-180.0,-89.999],[-180.0,-89.999],[-180.0,-89.999],[-180.0,-89.999],[-180.0,-89.999],[-180.0,-89.999],[-180.0,-89.999],[-180.0,-89.999],[-180.0,-89.999],[-180.0,-89.999],[-180.0,-89.999],[-180.0,-89.999],[-180.0,-89.999],[-180.0,-89.999],[-180.0,-89.999],[-180.0,-89.999],[-180.0,-89.999],[-180.0,-89.999],[-180.0,-89.999],[-180.0,-89.999],[-180.0,-89.999],[-180.0,-89.999],[-180.0,-89.999],[-180.0,-89.999],[-180.0,-89.999],[-180.0,-89.999],[-180.0,-89.999],[-180.0,-89.999],[-180.0,-89.999],[-180.0,-89.999],[-180.0,-89.999],[-180.0,-89.999],[-180.0,-89.999],[-180.0,-89.999],[-180.0,-89.999],[-180.0,-89.999],[-180.0,-89.999],[-180.0,-89.999],[-180.0,-89.999],[-180.0,-89.999],[-180.0,-89.999],[-180.0,-89.999],[-180.0,-89.999],[-180.0,-89.999],[-180.0,-89.999],[-180.0,-89.999],[-180.0,-89.999],[-180.0,-89.999],[-180.0,-89.999],[-180.0,-89.999],[-180.0,-89.999],[-180.0,-89.999],[-180.0,-89.999],[-180.0,-89.999],[-180.0,-89.999],[-180.0,-89.999],[-180.0,-89.999],[-180.0,-89.999],[-180.0,-89.999],[-180.0,-89.999],[-180.0,-89.999],[-180.0,-89.999],[-180.0,-89.999],[-180.0,-89.999],[-180.0,-89.999],[-180.0,-89.999],[-180.0,-89.999],[-180.0,-89.999],[-180.0,-89.999],[-180.0,-89.999],[-180.0,-89.999],[-180.0,-89.999],[-180.0,-89.999],[-180.0,-89.999],[-180.0,-89.999],[-180.0,-89.999],[-180.0,-89.999],[-180.0,-89.999],[-180.0,-89.999],[-180.0,-89.999],[-180.0,-89.999],[-180.0,-89.999],[-180.0,-89.999],[-180.0,-89.999],[-180.0,-89.999],[-180.0,-89.999],[-180.0,-89.999],[-180.0,-89.999],[-180.0,-89.999],[-180.0,-89.999],[-180.0,-89.999],[-180.0,-89.999],[-180.0,-89.999],[-180.0,-89.999],[-180.0,-89.999],[-180.0,-89.999],[-180.0,-89.999],[-180.0,-89.999],[-180.0,-89.999],[-180.0,-89.999],[-180.0,-89.999],[-180.0,-89.999],[-180.0,-89.999],[-180.0,-89.999],[-180.0,-89.999],[-180.0,-89.999],[-180.0,-89.999],[-180.0,-89.999],[-180.0,-89.999],[-180.0,-89.999],[-180.0,-89.999],[-180.0,-89.999],[-180.0,-89.999],[-180.0,-89.999],[-180.0,-89.999],[-180.0,-89.999],[-180.0,-89.999],[-180.0,-89.999],[-180.0,-89.999],[-180.0,-89.999],[-180.0,-89.999],[-180.0,-89.999],[-180.0,-89.999],[-180.0,-89.999],[-180.0,-89.999],[-180.0,-89.999],[-180.0,-89.999],[-180.0,-89.999],[-180.0,-89.999],[-180.0,-89.999],[-180.0,-89.999],[-180.0,-89.999],[-180.0,-89.999],[-180.0,-89.999],[-180.0,-89.999],[-180.0,-89.999],[-180.0,-89.999],[-180.0,-89.999],[-180.0,-89.999],[-180.0,-89.999],[-180.0,-89.999],[-180.0,-89.999],[-180.0,-89.999],[-180.0,-89.999],[-180.0,-89.999],[-180.0,-89.999],[-180.0,-89.999],[-180.0,-89.999],[-180.0,-89.999],[-180.0,-89.999],[-180.0,-89.999],[-180.0,-89.999],[-180.0,-89.999],[-180.0,-89.999],[-180.0,-89.999],[-180.0,-89.999],[-180.0,-89.999],[-180.0,-89.999],[-180.0,-89.999],[-180.0,-89.999],[-180.0,-89.999],[-180.0,-89.999],[-180.0,-89.999],[-180.0,-89.999],[-180.0,-89.999],[-180.0,-89.999],[-180.0,-89.999],[-180.0,-89.999],[-180.0,-89.999],[-180.0,-89.999],[-180.0,-89.999],[-180.0,-89.999],[-180.0,-89.999],[-180.0,-89.999],[-180.0,-89.999],[-180.0,-89.999],[-180.0,-89.999],[-180.0,-89.999],[-180.0,-89.999],[-180.0,-89.999],[-180.0,-89.999],[-180.0,-89.999],[-180.0,-89.999],[-180.0,-89.999],[-180.0,-89.999],[-180.0,-89.999],[-180.0,-89.999],[-180.0,-89.999],[-180.0,-89.999],[-180.0,-89.999],[-180.0,-89.999],[-180.0,-89.999],[-180.0,-89.999],[-180.0,-89.999],[-180.0,-89.999],[-180.0,-89.999],[-180.0,-89.999],[-180.0,-89.999],[-180.0,-89.999],[-180.0,-89.999],[-180.0,-89.999],[-180.0,-89.999],[-180.0,-89.999],[-180.0,-89.999],[-180.0,-89.999],[-180.0,-89.999],[-180.0,-89.999],[-180.0,-89.999],[-180.0,-89.999],[-180.0,-89.999],[-180.0,-89.999],[-180.0,-89.999],[-180.0,-89.999],[-180.0,-89.999],[-180.0,-89.999],[-180.0,-89.999],[-180.0,-89.999],[-180.0,-89.999],[-180.0,-89.999],[-180.0,-89.999],[-180.0,-89.999],[-180.0,-89.999],[-180.0,-89.999],[-180.0,-89.999],[-180.0,-89.999],[-180.0,-89.999],[-180.0,-89.999],[-180.0,-89.999],[-180.0,-89.999],[-180.0,-89.999],[-180.0,-89.999],[-180.0,-89.999],[-180.0,-89.999],[-180.0,-89.999],[-180.0,-89.999],[-180.0,-89.999],[-180.0,-89.999],[-180.0,-89.999],[-180.0,-89.999],[-180.0,-89.999],[-180.0,-89.999],[-180.0,-89.999],[-180.0,-89.999],[-180.0,-89.999],[-180.0,-89.999],[-180.0,-89.999],[-180.0,-89.999],[-180.0,-89.999],[-180.0,-89.999],[-180.0,-89.999],[-180.0,-89.999],[-180.0,-89.999],[-180.0,-89.999],[-180.0,-89.999],[-180.0,-89.999],[-180.0,-89.999],[-180.0,-89.999],[-180.0,-89.999],[-180.0,-89.999],[-180.0,-89.999],[-180.0,-89.999],[-180.0,-89.999],[-180.0,-89.999],[-180.0,-89.999],[-180.0,-89.999],[-180.0,-89.999],[-180.0,-89.999],[-180.0,-89.999],[-180.0,-89.999],[-180.0,-89.999],[-180.0,-89.999],[-180.0,-89.999],[-180.0,-89.999],[-180.0,-89.999],[-180.0,-89.999],[-180.0,-89.999],[-180.0,-89.999],[-180.0,-89.999],[-180.0,-89.999],[-180.0,-89.999],[-180.0,-89.999],[-180.0,-89.999],[-180.0,-89.999],[-180.0,-89.999],[-180.0,-89.999],[-180.0,-89.999],[-180.0,-89.999],[-180.0,-89.999],[-180.0,-89.999],[-180.0,-89.999],[-180.0,-89.999],[-180.0,-89.999],[-180.0,-89.999],[-180.0,-89.999],[-180.0,-89.999],[-180.0,-89.999],[-180.0,-89.999],[-180.0,-89.999],[-180.0,-89.999],[-180.0,-89.999],[-180.0,-89.999],[-180.0,-89.999],[-180.0,-89.999],[-180.0,-89.999],[-180.0,-89.999],[-180.0,-89.999],[-180.0,-89.999],[-180.0,-89.999],[-180.0,-89.999],[-180.0,-89.999],[-180.0,-89.999],[-180.0,-89.999],[-180.0,-89.999],[-180.0,-89.999],[-180.0,-89.999],[-180.0,-89.999],[-180.0,-89.999],[-180.0,-89.999],[-180.0,-89.999],[-180.0,-89.999],[-180.0,-89.999],[-180.0,-89.999],[-180.0,-89.999],[-180.0,-89.999],[-180.0,-89.999],[-180.0,-89.999],[-180.0,-89.999],[-180.0,-89.999],[-180.0,-89.999],[-180.0,-89.999],[-180.0,-89.999],[-180.0,-89.999],[-180.0,-89.999],[-180.0,-89.999],[-180.0,-89.999],[-180.0,-89.999],[-180.0,-89.999],[-180.0,-89.999],[-180.0,-89.999],[-180.0,-89.999],[-180.0,-89.999],[-180.0,-89.999],[-180.0,-89.999],[-180.0,-89.999],[-180.0,-89.999],[-180.0,-89.999],[-180.0,-89.999],[-180.0,-89.999],[-180.0,-89.999],[-180.0,-89.999],[-180.0,-89.999],[-180.0,-89.999],[-180.0,-89.999],[-180.0,-89.999],[-180.0,-89.999],[-180.0,-89.999],[-180.0,-89.999],[-180.0,-89.999],[-180.0,-89.999],[-180.0,-89.999],[-180.0,-89.999],[-180.0,-89.999],[-180.0,-89.999],[-180.0,-89.999],[-180.0,-89.999],[-180.0,-89.999],[-180.0,-89.999],[-180.0,-89.999],[-180.0,-89.999],[-180.0,-89.999],[-180.0,-89.999],[-180.0,-89.999],[-180.0,-89.999],[-180.0,-89.999],[-180.0,-89.999],[-180.0,-89.999],[-180.0,-89.999],[-180.0,-89.999],[-180.0,-89.999],[-180.0,-89.999],[-180.0,-89.999],[-180.0,-89.999],[-180.0,-89.999],[-180.0,-89.999],[-180.0,-89.999],[-180.0,-89.999],[-180.0,-89.999],[-180.0,-89.999],[-180.0,-89.999],[-180.0,-89.999],[-180.0,-89.999],[-180.0,-89.999],[-180.0,-89.999],[-180.0,-89.999],[-180.0,-89.999],[-180.0,-89.999],[-180.0,-89.999],[-180.0,-89.999],[-180.0,-89.999],[-180.0,-89.999],[-180.0,-89.999],[-180.0,-89.999],[-180.0,-89.999],[-180.0,-89.999],[-180.0,-89.999],[-180.0,-89.999],[-180.0,-89.999],[-180.0,-89.999],[-180.0,-89.999],[-180.0,-89.999],[-180.0,-89.999],[-180.0,-89.999],[-180.0,-89.999],[-180.0,-89.999],[-180.0,-89.999],[-180.0,-89.999],[-180.0,-89.999],[-180.0,-89.999],[-180.0,-89.999],[-180.0,-89.999],[-180.0,-89.999],[-180.0,-89.999],[-180.0,-89.999],[-180.0,-89.999],[-180.0,-89.999],[-180.0,-89.999],[-180.0,-89.999],[-180.0,-89.999],[-180.0,-89.999],[-180.0,-89.999],[-180.0,-89.999],[-180.0,-89.999],[-180.0,-89.999],[-180.0,-89.999],[-180.0,-89.999],[-180.0,-89.999],[-180.0,-89.999],[-180.0,-89.999],[-180.0,-89.999],[-180.0,-89.999],[-180.0,-89.999],[-180.0,-89.999],[-180.0,-89.999],[-180.0,-89.999],[-180.0,-89.999],[-180.0,-89.999],[-180.0,-89.999],[-180.0,-89.999],[-180.0,-89.999],[-180.0,-89.999],[-180.0,-89.999],[-180.0,-89.999],[-180.0,-89.999],[-180.0,-89.999],[-180.0,-89.999],[-180.0,-89.999],[-180.0,-89.999],[-180.0,-89.999],[-180.0,-89.999],[-180.0,-89.999],[-180.0,-89.999],[-180.0,-89.999],[-180.0,-89.999],[-180.0,-89.999],[-180.0,-89.999],[-180.0,-89.999],[-180.0,-89.999],[-180.0,-89.999],[-180.0,-89.999],[-180.0,-89.999],[-180.0,-89.999],[-180.0,-89.999],[-180.0,-89.999],[-180.0,-89.999],[-180.0,-89.999],[-180.0,-89.999],[-180.0,-89.999],[-180.0,-89.999],[-180.0,-89.999],[-180.0,-89.999],[-180.0,-89.999],[-180.0,-89.999],[-180.0,-89.999],[-180.0,-89.999],[-180.0,-89.999],[-180.0,-89.999],[-180.0,-89.999],[-180.0,-89.999],[-180.0,-89.999],[-180.0,-89.999],[-180.0,-89.999],[-180.0,-89.999],[-180.0,-89.999],[-180.0,-89.999],[-180.0,-89.999],[-180.0,-89.999],[-180.0,-89.999],[-180.0,-89.999],[-180.0,-89.999],[-180.0,-89.999],[-180.0,-89.999],[-180.0,-89.999],[-180.0,-89.999],[-180.0,-89.999],[-180.0,-89.999],[-180.0,-89.999],[-180.0,-89.999],[-180.0,-89.999],[-180.0,-89.999],[-180.0,-89.999],[-180.0,-89.999],[-180.0,-89.999],[-180.0,-89.999],[-180.0,-89.999],[-180.0,-89.999],[-180.0,-89.999],[-180.0,-89.999],[-180.0,-89.999],[-180.0,-89.999],[-180.0,-89.999],[-180.0,-89.999],[-180.0,-89.999],[-180.0,-89.999],[-180.0,-89.999],[-180.0,-89.999],[-180.0,-89.999],[-180.0,-89.999],[-180.0,-89.999],[-180.0,-89.999],[-180.0,-89.999],[-180.0,-89.999],[-180.0,-89.999],[-180.0,-89.999],[-180.0,-89.999],[-180.0,-89.999],[-180.0,-89.999],[-180.0,-89.999],[-180.0,-89.999],[-180.0,-89.999],[-180.0,-89.999],[-180.0,-89.999],[-180.0,-89.999],[-180.0,-89.999],[-180.0,-89.999],[-180.0,-89.999],[-180.0,-89.999],[-180.0,-89.999],[-180.0,-89.999],[-180.0,-89.999],[-180.0,-89.999],[-180.0,-89.999],[-180.0,-89.999],[-180.0,-89.999],[-180.0,-89.999],[-180.0,-89.999],[-180.0,-89.999],[-180.0,-89.999],[-180.0,-89.999],[-180.0,-89.999],[-180.0,-89.999],[-180.0,-89.999],[-180.0,-89.999],[-180.0,-89.999],[-180.0,-89.999],[-180.0,-89.999],[-180.0,-89.999],[-180.0,-89.999],[-180.0,-89.999],[-180.0,-89.999],[-180.0,-89.999],[-180.0,-89.999],[-180.0,-89.999],[-180.0,-89.999],[-180.0,-89.999],[-180.0,-89.999],[-180.0,-89.999],[-180.0,-89.999],[-180.0,-89.999],[-180.0,-89.999],[-180.0,-89.999],[-180.0,-89.999],[-180.0,-89.999],[-180.0,-89.999],[-180.0,-89.999],[-180.0,-89.999],[-180.0,-89.999],[-180.0,-89.999],[-180.0,-89.999],[-180.0,-89.999],[-180.0,-89.999],[-180.0,-89.999],[-180.0,-89.999],[-180.0,-89.999],[-180.0,-89.999],[-180.0,-89.999],[-180.0,-89.999],[-180.0,-89.999],[-180.0,-89.999],[-180.0,-89.999],[-180.0,-89.999],[-180.0,-89.999],[-180.0,-89.999],[-180.0,-89.999],[-180.0,-89.999],[-180.0,-89.999],[-180.0,-89.999],[-180.0,-89.999],[-180.0,-89.999],[-180.0,-89.999],[-180.0,-89.999],[-180.0,-89.999],[-180.0,-89.999],[-180.0,-89.999],[-180.0,-89.999],[-180.0,-89.999],[-180.0,-89.999],[-180.0,-89.999],[-180.0,-89.999],[-180.0,-89.999],[-180.0,-89.999],[-180.0,-89.999],[-180.0,-89.999],[-180.0,-89.999],[-180.0,-89.999],[-180.0,-89.999],[-180.0,-89.999],[-180.0,-89.999],[-180.0,-89.999],[-180.0,-89.999],[-180.0,-89.999],[-180.0,-89.999],[-180.0,-89.999],[-180.0,-89.999],[-180.0,-89.999],[-180.0,-89.999],[-180.0,-89.999],[-180.0,-89.999],[-180.0,-89.999],[-180.0,-89.999],[-180.0,-89.999],[-180.0,-89.999],[-180.0,-89.999],[-180.0,-89.999],[-180.0,-89.999],[-180.0,-89.999],[-180.0,-89.999],[-180.0,-89.999],[-180.0,-89.999],[-180.0,-89.999],[-180.0,-89.999],[-180.0,-89.999],[-180.0,-89.999],[-180.0,-89.999],[-180.0,-89.999],[-180.0,-89.999],[-180.0,-89.999],[-180.0,-89.999],[-180.0,-89.999],[-180.0,-89.999],[-180.0,-89.999],[-180.0,-89.999],[-180.0,-89.999],[-180.0,-89.999],[-180.0,-89.999],[-180.0,-89.999],[-180.0,-89.999],[-180.0,-89.999],[-180.0,-89.999],[-180.0,-89.999],[-180.0,-89.999],[-180.0,-89.999],[-180.0,-89.999],[-180.0,-89.999],[-180.0,-89.999],[-180.0,-89.999],[-180.0,-89.999],[-180.0,-89.999],[-180.0,-89.999],[-180.0,-89.999],[-180.0,-89.999],[-180.0,-89.999],[-180.0,-89.999],[-180.0,-89.999],[-180.0,-89.999],[-180.0,-89.999],[-180.0,-89.999],[-180.0,-89.999],[-180.0,-89.999],[-180.0,-89.999],[-180.0,-89.999],[-180.0,-89.999],[-180.0,-89.999],[-180.0,-89.999],[-180.0,-89.999],[-180.0,-89.999],[-180.0,-89.999],[-180.0,-89.999],[-180.0,-89.999],[-180.0,-89.999],[-180.0,-89.999],[-180.0,-89.999],[-180.0,-89.999],[-180.0,-89.999],[-180.0,-89.999],[-180.0,-89.999],[-180.0,-89.999],[-180.0,-89.999],[-180.0,-89.999],[-180.0,-89.999],[-180.0,-89.999],[-180.0,-89.999],[-180.0,-89.999],[-180.0,-89.999],[-180.0,-89.999],[-180.0,-89.999],[-180.0,-89.999],[-180.0,-89.999],[-180.0,-89.999],[-180.0,-89.999],[-180.0,-89.999],[-180.0,-89.999],[-180.0,-89.999],[-180.0,-89.999],[-180.0,-89.999],[-180.0,-89.999],[-180.0,-89.999],[-180.0,-89.999],[-180.0,-89.999],[-180.0,-89.999],[-180.0,-89.999],[-180.0,-89.999],[-180.0,-89.999],[-180.0,-89.999],[-180.0,-89.999],[-180.0,-89.999],[-180.0,-89.999],[-180.0,-89.999],[-180.0,-89.999],[-180.0,-89.999],[-180.0,-89.999],[-180.0,-89.999],[-180.0,-89.999],[-180.0,-89.999],[-180.0,-89.999],[-180.0,-89.999],[-180.0,-89.999],[-180.0,-89.999],[-180.0,-89.999],[-180.0,-89.999],[-180.0,-89.999],[-180.0,-89.999],[-180.0,-89.999],[-180.0,-89.999],[-180.0,-89.999],[-180.0,-89.999],[-180.0,-89.999],[-180.0,-89.999],[-180.0,-89.999],[-180.0,-89.999],[-180.0,-89.999],[-180.0,-89.999],[-180.0,-89.999],[-180.0,-89.999],[-180.0,-89.999],[-180.0,-89.999],[-180.0,-89.999],[-180.0,-89.999],[-180.0,-89.999],[-180.0,-89.999],[-180.0,-89.999],[-180.0,-89.999],[-180.0,-89.999],[-180.0,-89.999],[-180.0,-89.999],[-180.0,-89.999],[-180.0,-89.999],[-180.0,-89.999],[-180.0,-89.999],[-180.0,-89.999],[-180.0,-89.999],[-180.0,-89.999],[-180.0,-89.999],[-180.0,-89.999],[-180.0,-89.999],[-180.0,-89.999],[-180.0,-89.999],[-180.0,-89.999],[-180.0,-89.999],[-180.0,-89.999],[-180.0,-89.999],[-180.0,-89.999],[-180.0,-89.999],[-180.0,-89.999],[-180.0,-89.999],[-180.0,-89.999],[-180.0,-89.999],[-180.0,-89.999],[-180.0,-89.999],[-180.0,-89.999],[-180.0,-89.999],[-180.0,-89.999],[-180.0,-89.999],[-180.0,-89.999],[-180.0,-89.999],[-180.0,-89.999],[-180.0,-89.999],[-180.0,-89.999],[-180.0,-89.999],[-180.0,-89.999],[-180.0,-89.999],[-180.0,-89.999],[-180.0,-89.999],[-180.0,-89.999],[-180.0,-89.999],[-180.0,-89.999],[-180.0,-89.999],[-180.0,-89.999],[-180.0,-89.999],[-180.0,-89.999],[-180.0,-89.999],[-180.0,-89.999],[-180.0,-89.999],[-180.0,-89.999],[-180.0,-89.999],[-180.0,-89.999],[-180.0,-89.999],[-180.0,-89.999],[-180.0,-89.999],[-180.0,-89.999],[-180.0,-89.999],[-180.0,-89.999],[-180.0,-89.999],[-180.0,-89.999],[-180.0,-89.999],[-180.0,-89.999],[-180.0,-89.999],[-180.0,-89.999],[-180.0,-89.999],[-180.0,-89.999],[-180.0,-89.999],[-180.0,-89.999],[-180.0,-89.999],[-180.0,-89.999],[-180.0,-89.999],[-180.0,-89.999],[-180.0,-89.999],[-180.0,-89.999],[-180.0,-89.999],[-180.0,-89.999],[-180.0,-89.999],[-180.0,-89.999],[-180.0,-89.999],[-180.0,-89.999],[-180.0,-89.999],[-180.0,-89.999],[-180.0,-89.999],[-180.0,-89.999],[-180.0,-89.999],[-180.0,-89.999],[-180.0,-89.999],[-180.0,-89.999],[-180.0,-89.999],[-180.0,-89.999],[-180.0,-89.999],[-180.0,-89.999],[-180.0,-89.999],[-180.0,-89.999],[-180.0,-89.999],[-180.0,-89.999],[-180.0,-89.999],[-180.0,-89.999],[-180.0,-89.999],[-180.0,-89.999],[-180.0,-89.999],[-180.0,-89.999],[-180.0,-89.999],[-180.0,-89.999],[-180.0,-89.999],[-180.0,-89.999],[-180.0,-89.999],[-180.0,-89.999],[-180.0,-89.999],[-180.0,-89.999],[-180.0,-89.999],[-180.0,-89.999],[-180.0,-89.999],[-180.0,-89.999],[-180.0,-89.999],[-180.0,-89.999],[-180.0,-89.999],[-180.0,-89.999],[-180.0,-89.999],[-180.0,-89.999],[-180.0,-89.999],[-180.0,-89.999],[-180.0,-89.999],[-180.0,-89.999],[-180.0,-89.999],[-180.0,-89.999],[-180.0,-89.999],[-180.0,-89.999],[-180.0,-89.999],[-180.0,-89.999],[-180.0,-89.999],[-180.0,-89.999],[-180.0,-89.999],[-180.0,-89.999],[-180.0,-89.999],[-180.0,-89.999],[-180.0,-89.999],[-180.0,-89.999],[-180.0,-89.999],[-180.0,-89.999],[-180.0,-89.999],[-180.0,-89.999],[-180.0,-89.999],[-180.0,-89.999],[-180.0,-89.999],[-180.0,-89.999],[-180.0,-89.999],[-180.0,-89.999],[-180.0,-89.999],[-180.0,-89.999],[-180.0,-89.999],[-180.0,-89.999],[-180.0,-89.999],[-180.0,-89.999],[-180.0,-89.999],[-180.0,-89.999],[-180.0,-89.999],[-180.0,-89.999],[-180.0,-89.999],[-180.0,-89.999],[-180.0,-89.999],[-180.0,-89.999],[-180.0,-89.999],[-180.0,-89.999],[-180.0,-89.999],[-180.0,-89.999],[-180.0,-89.999],[-180.0,-89.999],[-180.0,-89.999],[-180.0,-89.999],[-180.0,-89.999],[-180.0,-89.999],[-180.0,-89.999],[-180.0,-89.999],[-180.0,-89.999],[-180.0,-89.999],[-180.0,-89.999],[-180.0,-89.999],[-180.0,-89.999],[-180.0,-89.999],[-180.0,-89.999],[-180.0,-89.999],[-180.0,-89.999],[-180.0,-89.999],[-180.0,-89.999],[-180.0,-89.999],[-180.0,-89.999],[-180.0,-89.999],[-180.0,-89.999],[-180.0,-89.999],[-180.0,-89.999],[-180.0,-89.999],[-180.0,-89.999],[-180.0,-89.999],[-180.0,-89.999],[-180.0,-89.999],[-180.0,-89.999],[-180.0,-89.999],[-180.0,-89.999],[-180.0,-89.999],[-180.0,-89.999],[-180.0,-89.999],[-180.0,-89.999],[-180.0,-89.999],[-180.0,-89.999],[-180.0,-89.999],[-180.0,-89.999],[-180.0,-89.999],[-180.0,-89.999],[-180.0,-89.999],[-180.0,-89.999],[-180.0,-89.999],[-180.0,-89.999],[-180.0,-89.999],[-180.0,-89.999],[-180.0,-89.999],[-180.0,-89.999],[-180.0,-89.999],[-180.0,-89.999],[-180.0,-89.999],[-180.0,-89.999],[-180.0,-89.999],[-180.0,-89.999],[-180.0,-89.999],[-180.0,-89.999],[-180.0,-89.999],[-180.0,-89.999],[-180.0,-89.999],[-180.0,-89.999],[-180.0,-89.999],[-180.0,-89.999],[-180.0,-89.999],[-180.0,-89.999],[-180.0,-89.999],[-180.0,-89.999],[-180.0,-89.999],[-180.0,-89.999],[-180.0,-89.999],[-180.0,-89.999],[-180.0,-89.999],[-180.0,-89.999],[-180.0,-89.999],[-180.0,-89.999],[-180.0,-89.999],[-180.0,-89.999],[-180.0,-89.999],[-180.0,-89.999],[-180.0,-89.999],[-180.0,-89.999],[-180.0,-89.999],[-180.0,-89.999],[-180.0,-89.999],[-180.0,-89.999],[-180.0,-89.999],[-180.0,-89.999],[-180.0,-89.999],[-180.0,-89.999],[-180.0,-89.999],[-180.0,-89.999],[-180.0,-89.999],[-180.0,-89.999],[-180.0,-89.999],[-180.0,-89.999],[-180.0,-89.999],[-180.0,-89.999],[-180.0,-89.999],[-180.0,-89.999],[-180.0,-89.999],[-180.0,-89.999],[-180.0,-89.999],[-180.0,-89.999],[-180.0,-89.999],[-180.0,-89.999],[-180.0,-89.999],[-180.0,-89.999],[-180.0,-89.999],[-180.0,-89.999],[-180.0,-89.999],[-180.0,-89.999],[-180.0,-89.999],[-180.0,-89.999],[-180.0,-89.999],[-180.0,-89.999],[-180.0,-89.999],[-180.0,-89.999],[-180.0,-89.999],[-180.0,-89.999],[-180.0,-89.999],[-180.0,-89.999],[-180.0,-89.999],[-180.0,-89.999],[-180.0,-89.999],[-180.0,-89.999],[-180.0,-89.999],[-180.0,-89.999],[-180.0,-89.999],[-180.0,-89.999],[-180.0,-89.999],[-180.0,-89.999],[-180.0,-89.999],[-180.0,-89.999],[-180.0,-89.999],[-180.0,-89.999],[-180.0,-89.999],[-180.0,-89.999],[-180.0,-89.999],[-180.0,-89.999],[-180.0,-89.999],[-180.0,-89.999],[-180.0,-89.999],[-180.0,-89.999],[-180.0,-89.999],[-180.0,-89.999],[-180.0,-89.999],[-180.0,-89.999],[-180.0,-89.999],[-180.0,-89.999],[-180.0,-89.999],[-180.0,-89.999],[-180.0,-89.999],[-180.0,-89.999],[-180.0,-89.999],[-180.0,-89.999],[-180.0,-89.999],[-180.0,-89.999],[-180.0,-89.999],[-180.0,-89.999],[-180.0,-89.999],[-180.0,-89.999],[-180.0,-89.999],[-180.0,-89.999],[-180.0,-89.999],[-180.0,-89.999],[-180.0,-89.999],[-180.0,-89.999],[-180.0,-89.999],[-180.0,-89.999],[-180.0,-89.999],[-180.0,-89.999],[-180.0,-89.999],[-180.0,-89.999],[-180.0,-89.999],[-180.0,-89.999],[-180.0,-89.999],[-180.0,-89.999],[-180.0,-89.999],[-180.0,-89.999],[-180.0,-89.999],[-180.0,-89.999],[-180.0,-89.999],[-180.0,-89.999],[-180.0,-89.999],[-180.0,-89.999],[-180.0,-89.999],[-180.0,-89.999],[-180.0,-89.999],[-180.0,-89.999],[-180.0,-89.999],[-180.0,-89.999],[-180.0,-89.999],[-180.0,-89.999],[-180.0,-89.999],[-180.0,-89.999],[-180.0,-89.999],[-180.0,-89.999],[-180.0,-89.999],[-180.0,-89.999],[-180.0,-89.999],[-180.0,-89.999],[-180.0,-89.999],[-180.0,-89.999],[-180.0,-89.999],[-180.0,-89.999],[-180.0,-89.999],[-180.0,-89.999],[-180.0,-89.999],[-180.0,-89.999],[-180.0,-89.999],[-180.0,-89.999],[-180.0,-89.999],[-180.0,-89.999],[-180.0,-89.999],[-180.0,-89.999],[-180.0,-89.999],[-180.0,-89.999],[-180.0,-89.999],[-180.0,-89.999],[-180.0,-89.999],[-180.0,-89.999],[-180.0,-89.999],[-180.0,-89.999],[-180.0,-89.999],[-180.0,-89.999],[-180.0,-89.999],[-180.0,-89.999],[-180.0,-89.999],[-180.0,-89.999],[-180.0,-89.999],[-180.0,-89.999],[-180.0,-89.999],[-180.0,-89.999],[-180.0,-89.999],[-180.0,-89.999],[-180.0,-89.999],[-180.0,-89.999],[-180.0,-89.999],[-180.0,-89.999],[-180.0,-89.999],[-180.0,-89.999],[-180.0,-89.999],[-180.0,-89.999],[-180.0,-89.999],[-180.0,-89.999],[-180.0,-89.999],[-180.0,-89.999],[-180.0,-89.999],[-180.0,-89.999],[-180.0,-89.999],[-180.0,-89.999],[-180.0,-89.999],[-180.0,-89.999],[-180.0,-89.999],[-180.0,-89.999],[-180.0,-89.999],[-180.0,-89.999],[-180.0,-89.999],[-180.0,-89.999],[-180.0,-89.999],[-180.0,-89.999],[-180.0,-89.999],[-180.0,-89.999],[-180.0,-89.999],[-180.0,-89.999],[-180.0,-89.999],[-180.0,-89.999],[-180.0,-89.999],[-180.0,-89.999],[-180.0,-89.999],[-180.0,-89.999],[-180.0,-89.999],[-180.0,-89.999],[-180.0,-89.999],[-180.0,-89.999],[-180.0,-89.999],[-180.0,-89.999],[-180.0,-89.999],[-180.0,-89.999],[-180.0,-89.999],[-180.0,-89.999],[-180.0,-89.999],[-180.0,-89.999],[-180.0,-89.999],[-180.0,-89.999],[-180.0,-89.999],[-180.0,-89.999],[-180.0,-89.999],[-180.0,-89.999],[-180.0,-89.999],[-180.0,-89.999],[-180.0,-89.999],[-180.0,-89.999],[-180.0,-89.999],[-180.0,-89.999],[-180.0,-89.999],[-180.0,-89.999],[-180.0,-89.999],[-180.0,-89.999],[-180.0,-89.999],[-180.0,-89.999],[-180.0,-89.999],[-180.0,-89.999],[-180.0,-89.999],[-180.0,-89.999],[-180.0,-89.999],[-180.0,-89.999],[-180.0,-89.999],[-180.0,-89.999],[-180.0,-89.999],[-180.0,-89.999],[-180.0,-89.999],[-180.0,-89.999],[-180.0,-89.999],[-180.0,-89.999],[-180.0,-89.999],[-180.0,-89.999],[-180.0,-89.999],[-180.0,-89.999],[-180.0,-89.999],[-180.0,-89.999],[-180.0,-89.999],[-180.0,-89.999],[-180.0,-89.999],[-180.0,-89.999],[-180.0,-89.999],[-180.0,-89.999],[-180.0,-89.999],[-180.0,-89.999],[-180.0,-89.999],[-180.0,-89.999],[-180.0,-89.999],[-180.0,-89.999],[-180.0,-89.999],[-180.0,-89.999],[-180.0,-89.999],[-180.0,-89.999],[-180.0,-89.999],[-180.0,-89.999],[-180.0,-89.999],[-180.0,-89.999],[-180.0,-89.999],[-180.0,-89.999],[-180.0,-89.999],[-180.0,-89.999],[-180.0,-89.999],[-180.0,-89.999],[-180.0,-89.999],[-180.0,-89.999],[-180.0,-89.999],[-180.0,-89.999],[-180.0,-89.999],[-180.0,-89.999],[-180.0,-89.999],[-180.0,-89.999],[-180.0,-89.999],[-180.0,-89.999],[-180.0,-89.999],[-180.0,-89.999],[-180.0,-89.999],[-180.0,-89.999],[-180.0,-89.999],[-180.0,-89.999],[-180.0,-89.999],[-180.0,-89.999],[-180.0,-89.999],[-180.0,-89.999],[-180.0,-89.999],[-180.0,-89.999],[-180.0,-89.999],[-180.0,-89.999],[-180.0,-89.999],[-180.0,-89.999],[-180.0,-89.999],[-180.0,-89.999],[-180.0,-89.999],[-180.0,-89.999],[-180.0,-89.999],[-180.0,-89.999],[-180.0,-89.999],[-180.0,-89.999],[-180.0,-89.999],[-180.0,-89.999],[-180.0,-89.999],[-180.0,-89.999],[-180.0,-89.999],[-180.0,-89.999],[-180.0,-89.999],[-180.0,-89.999],[-180.0,-89.999],[-180.0,-89.999],[-180.0,-89.999],[-180.0,-89.999],[-180.0,-89.999],[-180.0,-89.999],[-180.0,-89.999],[-180.0,-89.999],[-180.0,-89.999],[-180.0,-89.999],[-180.0,-89.999],[-180.0,-89.999],[-180.0,-89.999],[-180.0,-89.999],[-180.0,-89.999],[-180.0,-89.999],[-180.0,-89.999],[-180.0,-89.999],[-180.0,-89.999],[-180.0,-89.999],[-180.0,-89.999],[-180.0,-89.999],[-180.0,-89.999],[-180.0,-89.999],[-180.0,-89.999],[-180.0,-89.999],[-180.0,-89.999],[-180.0,-89.999],[-180.0,-89.999],[-180.0,-89.999],[-180.0,-89.999],[-180.0,-89.999],[-180.0,-89.999],[-180.0,-89.999],[-180.0,-89.999],[-180.0,-89.999],[-180.0,-89.999],[-180.0,-89.999],[-180.0,-89.999],[-180.0,-89.999],[-180.0,-89.999],[-180.0,-89.999],[-180.0,-89.999],[-180.0,-89.999],[-180.0,-89.999],[-180.0,-89.999],[-180.0,-89.999],[-180.0,-89.999],[-180.0,-89.999],[-180.0,-89.999],[-180.0,-89.999],[-180.0,-89.999],[-180.0,-89.999],[-180.0,-89.999],[-180.0,-89.999],[-180.0,-89.999],[-180.0,-89.999],[-180.0,-89.999],[-180.0,-89.999],[-180.0,-89.999],[-180.0,-89.999],[-180.0,-89.999],[-180.0,-89.999],[-180.0,-89.999],[-180.0,-89.999],[-180.0,-89.999],[-180.0,-89.999],[-180.0,-89.999],[-180.0,-89.999],[-180.0,-89.999],[-180.0,-89.999],[-180.0,-89.999],[-180.0,-89.999],[-180.0,-89.999],[-180.0,-89.999],[-180.0,-89.999],[-180.0,-89.999],[-180.0,-89.999],[-180.0,-89.999],[-180.0,-89.999],[-180.0,-89.999],[-180.0,-89.999],[-180.0,-89.999],[-180.0,-89.999],[-180.0,-89.999],[-180.0,-89.999],[-180.0,-89.999],[-180.0,-89.999],[-180.0,-89.999],[-180.0,-89.999],[-180.0,-89.999],[-180.0,-89.999],[-180.0,-89.999],[-180.0,-89.999],[-180.0,-89.999],[-180.0,-89.999],[-180.0,-89.999],[-180.0,-89.999],[-180.0,-89.999],[-180.0,-89.999],[-180.0,-89.999],[-180.0,-89.999],[-180.0,-89.999],[-180.0,-89.999],[-180.0,-89.999],[-180.0,-89.999],[-180.0,-89.999],[-180.0,-89.999],[-180.0,-89.999],[-180.0,-89.999],[-180.0,-89.999],[-180.0,-89.999],[-180.0,-89.999],[-180.0,-89.999],[-180.0,-89.999],[-180.0,-89.999],[-180.0,-89.999],[-180.0,-89.999],[-180.0,-89.999],[-180.0,-89.999],[-180.0,-89.999],[-180.0,-89.999],[-180.0,-89.999],[-180.0,-89.999],[-180.0,-89.999],[-180.0,-89.999],[-180.0,-89.999],[-180.0,-89.999],[-180.0,-89.999],[-180.0,-89.999],[-180.0,-89.999],[-180.0,-89.999],[-180.0,-89.999],[-180.0,-89.999],[-180.0,-89.999],[-180.0,-89.999],[-180.0,-89.999],[-180.0,-89.999],[-180.0,-89.999],[-180.0,-89.999],[-180.0,-89.999],[-180.0,-89.999],[-180.0,-89.999],[-180.0,-89.999],[-180.0,-89.999],[-180.0,-89.999],[-180.0,-89.999],[-180.0,-89.999],[-180.0,-89.999],[-180.0,-89.999],[-180.0,-89.999],[-180.0,-89.999],[-180.0,-89.999],[-180.0,-89.999],[-180.0,-89.999],[-180.0,-89.999],[-180.0,-89.999],[-180.0,-89.999],[-180.0,-89.999],[-180.0,-89.999],[-180.0,-89.999],[-180.0,-89.999],[-180.0,-89.999],[-180.0,-89.999],[-180.0,-89.999],[-180.0,-89.999],[-180.0,-89.999],[-180.0,-89.999],[-180.0,-89.999],[-180.0,-89.999],[-180.0,-89.999],[-180.0,-89.999],[-180.0,-89.999],[-180.0,-89.999],[-180.0,-89.999],[-180.0,-89.999],[-180.0,-89.999],[-180.0,-89.999],[-180.0,-89.999],[-180.0,-89.999],[-180.0,-89.999],[-180.0,-89.999],[-180.0,-89.999],[-180.0,-89.999],[-180.0,-89.999],[-180.0,-89.999],[-180.0,-89.999],[-180.0,-89.999],[-180.0,-89.999],[-180.0,-89.999],[-180.0,-89.999],[-180.0,-89.999],[-180.0,-89.999],[-180.0,-89.999],[-180.0,-89.999],[-180.0,-89.999],[-180.0,-89.999],[-180.0,-89.999],[-180.0,-89.999],[-180.0,-89.999],[-180.0,-89.999],[-180.0,-89.999],[-180.0,-89.999],[-180.0,-89.999],[-180.0,-89.999],[-180.0,-89.999],[-180.0,-89.999],[-180.0,-89.999],[-180.0,-89.999],[-180.0,-89.999],[-180.0,-89.999],[-180.0,-89.999],[-180.0,-89.999],[-180.0,-89.999],[-180.0,-89.999],[-180.0,-89.999],[-180.0,-89.999],[-180.0,-89.999],[-180.0,-89.999],[-180.0,-89.999],[-180.0,-89.999],[-180.0,-89.999],[-180.0,-89.999],[-180.0,-89.999],[-180.0,-89.999],[-180.0,-89.999],[-180.0,-89.999],[-180.0,-89.999],[-180.0,-89.999],[-180.0,-89.999],[-180.0,-89.999],[-180.0,-89.999],[-180.0,-89.999],[-180.0,-89.999],[-180.0,-89.999],[-180.0,-89.999],[-180.0,-89.999],[-180.0,-89.999],[-180.0,-89.999],[-180.0,-89.999],[-180.0,-89.999],[-180.0,-89.999],[-180.0,-89.999],[-180.0,-89.999],[-180.0,-89.999],[-180.0,-89.999],[-180.0,-89.999],[-180.0,-89.999],[-180.0,-89.999],[-180.0,-89.999],[-180.0,-89.999],[-180.0,-89.999],[-180.0,-89.999],[-180.0,-89.999],[-180.0,-89.999],[-180.0,-89.999],[-180.0,-89.999],[-180.0,-89.999],[-180.0,-89.999],[-180.0,-89.999],[-180.0,-89.999],[-180.0,-89.999],[-180.0,-89.999],[-180.0,-89.999],[-180.0,-89.999],[-180.0,-89.999],[-180.0,-89.999],[-180.0,-89.999],[-180.0,-89.999],[-180.0,-89.999],[-180.0,-89.999],[-180.0,-89.999],[-180.0,-89.999],[-180.0,-89.999],[-180.0,-89.999],[-180.0,-89.999],[-180.0,-89.999],[-180.0,-89.999],[-180.0,-89.999],[-180.0,-89.999],[-180.0,-89.999],[-180.0,-89.999],[-180.0,-89.999],[-180.0,-89.999],[-180.0,-89.999],[-180.0,-89.999],[-180.0,-89.999],[-180.0,-89.999],[-180.0,-89.999],[-180.0,-89.999],[-180.0,-89.999],[-180.0,-89.999],[-180.0,-89.999],[-180.0,-89.999],[-180.0,-89.999],[-180.0,-89.999],[-180.0,-89.999],[-180.0,-89.999],[-180.0,-89.999],[-180.0,-89.999],[-180.0,-89.999],[-180.0,-89.999],[-180.0,-89.999],[-180.0,-89.999],[-180.0,-89.999],[-180.0,-89.999],[-180.0,-89.999],[-180.0,-89.999],[-180.0,-89.999],[-180.0,-89.999],[-180.0,-89.999],[-180.0,-89.999],[-180.0,-89.999],[-180.0,-89.999],[-180.0,-89.999],[-180.0,-89.999],[-180.0,-89.999],[-180.0,-89.999],[-180.0,-89.999],[-180.0,-89.999],[-180.0,-89.999],[-180.0,-89.999],[-180.0,-89.999],[-180.0,-89.999],[-180.0,-89.999],[-180.0,-89.999],[-180.0,-89.999],[-180.0,-89.999],[-180.0,-89.999],[-180.0,-89.999],[-180.0,-89.999],[-180.0,-89.999],[-180.0,-89.999],[-180.0,-89.999],[-180.0,-89.999],[-180.0,-89.999],[-180.0,-89.999],[-180.0,-89.999],[-180.0,-89.999],[-180.0,-89.999],[-180.0,-89.999],[-180.0,-89.999],[-180.0,-89.999],[-180.0,-89.999],[-180.0,-89.999],[-180.0,-89.999],[-180.0,-89.999],[-180.0,-89.999],[-180.0,-89.999],[-180.0,-89.999],[-180.0,-89.999],[-180.0,-89.999],[-180.0,-89.999],[-180.0,-89.999],[-180.0,-89.999],[-180.0,-89.999],[-180.0,-89.999],[-180.0,-89.999],[-180.0,-89.999],[-180.0,-89.999],[-180.0,-89.999],[-180.0,-89.999],[-180.0,-89.999],[-180.0,-89.999],[-180.0,-89.999],[-180.0,-89.999],[-180.0,-89.999],[-180.0,-89.999],[-180.0,-89.999],[-180.0,-89.999],[-180.0,-89.999],[-180.0,-89.999],[-180.0,-89.999],[-180.0,-89.999],[-180.0,-89.999],[-180.0,-89.999],[-180.0,-89.999],[-180.0,-89.999],[-180.0,-89.999],[-180.0,-89.999],[-180.0,-89.999],[-180.0,-89.999],[-180.0,-89.999],[-180.0,-89.999],[-180.0,-89.999],[-180.0,-89.999],[-180.0,-89.999],[-180.0,-89.999],[-180.0,-89.999],[-180.0,-89.999],[-180.0,-89.999],[-180.0,-89.999],[-180.0,-89.999],[-180.0,-89.999],[-180.0,-89.999],[-180.0,-89.999],[-180.0,-89.999],[-180.0,-89.999],[-180.0,-89.999],[-180.0,-89.999],[-180.0,-89.999],[-180.0,-89.999],[-180.0,-89.999],[-180.0,-89.999],[-180.0,-89.999],[-180.0,-89.999],[-180.0,-89.999],[-180.0,-89.999],[-180.0,-89.999],[-180.0,-89.999],[-180.0,-89.999],[-180.0,-89.999],[-180.0,-89.999],[-180.0,-89.999],[-180.0,-89.999],[-180.0,-89.999],[-180.0,-89.999],[-180.0,-89.999],[-180.0,-89.999],[-180.0,-89.999],[-180.0,-89.999],[-180.0,-89.999],[-180.0,-89.999],[-180.0,-89.999],[-180.0,-89.999],[-180.0,-89.999],[-180.0,-89.999],[-180.0,-89.999],[-180.0,-89.999],[-180.0,-89.999],[-180.0,-89.999],[-180.0,-89.999],[-180.0,-89.999],[-180.0,-89.999],[-180.0,-89.999],[-180.0,-89.999],[-180.0,-89.999],[-180.0,-89.999],[-180.0,-89.999],[-180.0,-89.999],[-180.0,-89.999],[-180.0,-89.999],[-180.0,-89.999],[-180.0,-89.999],[-180.0,-89.999],[-180.0,-89.999],[-180.0,-89.999],[-180.0,-89.999],[-180.0,-89.999],[-180.0,-89.999],[-180.0,-89.999],[-180.0,-89.999],[-180.0,-89.999],[-180.0,-89.999],[-180.0,-89.999],[-180.0,-89.999],[-180.0,-89.999],[-180.0,-89.999],[-180.0,-89.999],[-180.0,-89.999],[-180.0,-89.999],[-180.0,-89.999],[-180.0,-89.999],[-180.0,-89.999],[-180.0,-89.999],[-180.0,-89.999],[-180.0,-89.999],[-180.0,-89.999],[-180.0,-89.999],[-180.0,-89.999],[-180.0,-89.999],[-180.0,-89.999],[-180.0,-89.999],[-180.0,-89.999],[-180.0,-89.999],[-180.0,-89.999],[-180.0,-89.999],[-180.0,-89.999],[-180.0,-89.999],[-180.0,-89.999],[-180.0,-89.999],[-180.0,-89.999],[-180.0,-89.999],[-180.0,-89.999],[-180.0,-89.999],[-180.0,-89.999],[-180.0,-89.999],[-180.0,-89.999],[-180.0,-89.999],[-180.0,-89.999],[-180.0,-89.999],[-180.0,-89.999],[-180.0,-89.999],[-180.0,-89.999],[-180.0,-89.999],[-180.0,-89.999],[-180.0,-89.999],[-180.0,-89.999],[-180.0,-89.999],[-180.0,-89.999],[-180.0,-89.999],[-180.0,-89.999],[-180.0,-89.999],[-180.0,-89.999],[-180.0,-89.999],[-180.0,-89.999],[-180.0,-89.999],[-180.0,-89.999],[-180.0,-89.999],[-180.0,-89.999],[-180.0,-89.999],[-180.0,-89.999],[-180.0,-89.999],[-180.0,-89.999],[-180.0,-89.999],[-180.0,-89.999],[-180.0,-89.999],[-180.0,-89.999],[-180.0,-89.999],[-180.0,-89.293],[-180.0,-88.587],[-180.0,-87.881],[-180.0,-87.175],[-180.0,-86.469],[-180.0,-85.763],[-180.0,-85.057],[-180.0,-84.352],[-178.39,-84.338],[-178.069,-84.352],[-177.73,-84.395],[-176.986,-84.399],[-176.289,-84.418],[-176.107,-84.475],[-175.875,-84.51],[-175.381,-84.48],[-174.987,-84.465],[-174.663,-84.463],[-171.704,-84.542],[-168.668,-84.684],[-168.049,-84.729],[-167.492,-84.834],[-166.911,-84.819],[-163.464,-84.901],[-162.933,-84.901],[-160.821,-84.987],[-157.128,-85.186],[-156.81,-85.192],[-156.459,-85.186],[-156.643,-85.079],[-156.988,-84.982],[-157.454,-84.912],[-157.15,-84.891],[-156.49,-84.889],[-156.621,-84.84],[-156.986,-84.811],[-158.303,-84.778],[-163.569,-84.529],[-163.685,-84.513],[-163.759,-84.493],[-163.897,-84.47],[-164.114,-84.445],[-164.917,-84.431],[-165.135,-84.41],[-165.24,-84.381],[-165.185,-84.37],[-165.125,-84.375],[-163.899,-84.353],[-163.765,-84.324],[-163.758,-84.305],[-163.821,-84.291],[-164.032,-84.274],[-164.528,-84.191],[-164.685,-84.155],[-164.603,-84.097],[-164.503,-84.072],[-164.124,-84.054],[-164.011,-84.016],[-164.083,-83.946],[-164.951,-83.806],[-165.536,-83.757],[-165.922,-83.79],[-166.649,-83.792],[-167.553,-83.811],[-167.801,-83.791],[-168.053,-83.735],[-168.347,-83.637],[-168.497,-83.611],[-168.785,-83.529],[-169.168,-83.45],[-171.188,-83.256],[-171.539,-83.204],[-174.066,-82.9],[-174.172,-82.848],[-174.236,-82.793],[-173.071,-82.916],[-172.852,-82.917],[-172.593,-82.884],[-172.392,-82.893],[-172.124,-82.862],[-171.821,-82.847],[-171.031,-82.943],[-169.441,-83.096],[-169.016,-83.15],[-168.79,-83.188],[-168.604,-83.202],[-168.418,-83.229],[-168.191,-83.213],[-168.055,-83.227],[-167.724,-83.217],[-166.217,-83.201],[-165.619,-83.216],[-164.916,-83.29],[-164.644,-83.412],[-164.446,-83.468],[-164.058,-83.425],[-163.733,-83.373],[-163.111,-83.329],[-162.912,-83.347],[-162.574,-83.411],[-162.197,-83.519],[-160.595,-83.49],[-159.924,-83.495],[-159.444,-83.543],[-157.699,-83.381],[-157.428,-83.346],[-157.028,-83.234],[-157.356,-83.198],[-157.589,-83.187],[-157.679,-83.129],[-157.522,-83.107],[-157.018,-83.075],[-156.037,-83.027],[-155.459,-82.981],[-155.15,-82.858],[-153.822,-82.669],[-153.399,-82.586],[-153.01,-82.45],[-153.883,-82.177],[-154.717,-81.941],[-154.451,-81.868],[-154.188,-81.811],[-154.061,-81.765],[-153.957,-81.7],[-154.232,-81.623],[-154.485,-81.566],[-154.908,-81.51],[-156.493,-81.377],[-157.033,-81.319],[-156.815,-81.231],[-156.528,-81.162],[-155.921,-81.133],[-152.035,-81.029],[-148.123,-80.901],[-148.023,-80.836],[-148.543,-80.76],[-148.984,-80.742],[-149.147,-80.719],[-149.207,-80.67],[-149.214,-80.604],[-149.264,-80.593],[-149.429,-80.586],[-150.133,-80.51],[-150.282,-80.481],[-150.516,-80.41],[-150.575,-80.354],[-150.435,-80.211],[-150.221,-80.15],[-149.845,-80.118],[-149.578,-80.106],[-148.766,-80.108],[-148.448,-80.091],[-148.317,-80.071],[-148.34,-80.003],[-148.43,-79.971],[-148.434,-79.93],[-148.296,-79.907],[-148.129,-79.908],[-148.083,-79.857],[-148.177,-79.776],[-148.417,-79.731],[-149.051,-79.657],[-150.491,-79.546],[-151.048,-79.46],[-151.368,-79.393],[-151.636,-79.318],[-151.904,-79.281],[-152.091,-79.242],[-152.053,-79.193],[-152.138,-79.116],[-152.244,-79.103],[-152.701,-79.135],[-153.518,-79.117],[-154.518,-79.047],[-155.21,-78.965],[-156.115,-78.745],[-156.469,-78.635],[-156.208,-78.559],[-155.92,-78.51],[-154.716,-78.398],[-154.538,-78.359],[-154.293,-78.259],[-154.695,-78.217],[-155.037,-78.221],[-155.342,-78.192],[-156.569,-78.186],[-157.267,-78.2],[-157.848,-78.074],[-158.286,-77.951],[-158.407,-77.888],[-158.5,-77.778],[-158.351,-77.615],[-158.23,-77.498],[-158.246,-77.354],[-158.214,-77.157],[-158.003,-77.091],[-157.842,-77.079],[-157.465,-77.231],[-157.139,-77.242],[-156.668,-77.213],[-156.368,-77.135],[-156.211,-77.106],[-155.92,-77.098],[-155.359,-77.133],[-155.102,-77.119],[-154.815,-77.127],[-153.91,-77.227],[-153.713,-77.274],[-153.606,-77.31],[-153.573,-77.363],[-153.461,-77.416],[-153.077,-77.442],[-151.998,-77.413],[-151.719,-77.426],[-150.956,-77.574],[-150.306,-77.731],[-150.084,-77.771],[-149.718,-77.797],[-149.588,-77.774],[-149.474,-77.715],[-149.126,-77.643],[-148.34,-77.551],[-148.156,-77.462],[-148.26,-77.413],[-148.559,-77.361],[-148.744,-77.343],[-148.844,-77.284],[-148.839,-77.202],[-148.777,-77.125],[-148.572,-77.105],[-148.196,-77.211],[-147.73,-77.31],[-147.566,-77.325],[-147.442,-77.321],[-147.207,-77.286],[-146.928,-77.26],[-146.391,-77.472],[-146.074,-77.487],[-145.677,-77.488],[-145.601,-77.455],[-145.65,-77.398],[-145.714,-77.338],[-145.794,-77.33],[-145.808,-77.273],[-145.635,-77.221],[-145.516,-77.199],[-145.563,-77.162],[-145.753,-77.103],[-145.864,-77.094],[-145.967,-77.069],[-145.934,-77.029],[-145.806,-77.012],[-145.629,-76.954],[-145.686,-76.884],[-145.676,-76.797],[-145.75,-76.749],[-146.166,-76.658],[-146.777,-76.507],[-147.34,-76.438],[-148.601,-76.493],[-149.046,-76.458],[-149.34,-76.419],[-149.654,-76.365],[-149.285,-76.311],[-148.895,-76.272],[-148.78,-76.238],[-148.632,-76.168],[-148.459,-76.118],[-148.32,-76.105],[-147.86,-76.131],[-146.817,-76.318],[-146.597,-76.338],[-145.886,-76.424],[-145.687,-76.429],[-145.442,-76.409],[-145.642,-76.326],[-145.86,-76.267],[-146.383,-76.1],[-146.323,-76.02],[-145.988,-75.889],[-145.106,-75.879],[-144.721,-75.832],[-144.221,-75.731],[-143.574,-75.564],[-143.022,-75.543],[-142.33,-75.491],[-142.094,-75.53],[-141.506,-75.69],[-141.135,-75.746],[-141.009,-75.751],[-140.874,-75.746],[-141.223,-75.546],[-140.999,-75.52],[-140.709,-75.498],[-140.471,-75.447],[-140.294,-75.406],[-139.691,-75.213],[-139.149,-75.16],[-137.618,-75.076],[-137.09,-75.153],[-136.65,-75.162],[-136.55,-75.139],[-136.462,-75.036],[-136.228,-74.836],[-136.03,-74.765],[-135.362,-74.69],[-134.84,-74.694],[-134.465,-74.776],[-134.117,-74.83],[-133.796,-74.855],[-133.475,-74.852],[-132.992,-74.806],[-132.351,-74.789],[-132.049,-74.766],[-131.707,-74.811],[-130.857,-74.826],[-130.196,-74.891],[-129.791,-74.891],[-129.238,-74.829],[-128.941,-74.82],[-127.863,-74.719],[-127.02,-74.698],[-126.384,-74.743],[-125.353,-74.715],[-124.312,-74.736],[-123.889,-74.773],[-121.544,-74.75],[-119.677,-74.655],[-119.422,-74.622],[-119.022,-74.518],[-118.803,-74.422],[-118.656,-74.393],[-118.342,-74.382],[-117.806,-74.403],[-117.068,-74.473],[-116.433,-74.447],[-115.223,-74.487],[-115.105,-74.455],[-114.991,-74.275],[-114.791,-73.989],[-114.624,-73.903],[-114.346,-73.925],[-113.509,-74.089],[-113.489,-74.158],[-113.575,-74.208],[-113.714,-74.228],[-113.753,-74.367],[-113.641,-74.406],[-113.454,-74.394],[-113.333,-74.454],[-113.597,-74.559],[-113.783,-74.618],[-113.903,-74.644],[-113.985,-74.843],[-114.097,-74.909],[-114.11,-74.982],[-113.932,-74.982],[-113.753,-74.952],[-113.593,-74.944],[-113.092,-74.892],[-112.17,-74.832],[-111.868,-74.801],[-111.696,-74.792],[-111.584,-74.751],[-111.739,-74.653],[-111.789,-74.572],[-111.696,-74.504],[-111.722,-74.387],[-111.806,-74.27],[-111.63,-74.181],[-111.467,-74.201],[-111.18,-74.188],[-111.02,-74.23],[-110.77,-74.269],[-110.534,-74.289],[-110.307,-74.367],[-110.23,-74.536],[-110.3,-74.711],[-110.532,-74.836],[-110.968,-74.951],[-111.463,-75.133],[-111.359,-75.22],[-111.104,-75.191],[-109.99,-75.199],[-109.272,-75.185],[-108.822,-75.207],[-108.254,-75.253],[-107.805,-75.322],[-107.267,-75.334],[-106.932,-75.309],[-106.619,-75.344],[-105.399,-75.198],[-104.902,-75.115],[-104.618,-75.156],[-104.16,-75.121],[-103.901,-75.153],[-103.425,-75.101],[-103.121,-75.095],[-102.771,-75.117],[-101.708,-75.127],[-101.628,-75.222],[-101.304,-75.366],[-101.039,-75.422],[-100.706,-75.398],[-100.463,-75.353],[-100.083,-75.37],[-99.531,-75.309],[-98.98,-75.327],[-98.752,-75.317],[-98.646,-75.277],[-98.558,-75.19],[-98.727,-75.141],[-99.208,-75.079],[-99.652,-74.949],[-99.849,-74.922],[-100.164,-74.938],[-100.313,-74.914],[-100.473,-74.872],[-100.265,-74.823],[-100.013,-74.662],[-100.119,-74.515],[-100.238,-74.484],[-100.531,-74.489],[-100.882,-74.541],[-101.023,-74.505],[-101.252,-74.486],[-101.343,-74.35],[-101.587,-74.096],[-101.715,-74.024],[-102.105,-73.958],[-102.441,-73.926],[-102.766,-73.884],[-102.863,-73.784],[-102.8,-73.646],[-102.411,-73.616],[-102.037,-73.631],[-101.828,-73.656],[-101.587,-73.667],[-101.311,-73.695],[-101.13,-73.735],[-100.985,-73.757],[-100.718,-73.758],[-99.781,-73.72],[-99.656,-73.694],[-99.541,-73.645],[-99.343,-73.634],[-99.162,-73.641],[-98.896,-73.611],[-99.2,-73.571],[-99.528,-73.495],[-100.021,-73.403],[-100.436,-73.353],[-101.189,-73.318],[-101.574,-73.33],[-101.816,-73.311],[-102.675,-73.321],[-102.909,-73.285],[-103.076,-73.185],[-103.308,-72.945],[-103.375,-72.819],[-103.217,-72.772],[-103.11,-72.721],[-102.856,-72.716],[-102.485,-72.736],[-102.363,-72.76],[-102.272,-72.835],[-102.363,-72.911],[-102.482,-72.951],[-102.409,-72.987],[-102.029,-72.998],[-101.842,-73.021],[-101.681,-73.03],[-101.332,-72.995],[-100.821,-72.981],[-100.564,-73.016],[-100.259,-73.041],[-99.811,-73.0],[-98.209,-73.022],[-98.012,-73.033],[-97.818,-73.102],[-97.651,-73.144],[-97.476,-73.126],[-96.956,-73.206],[-96.676,-73.269],[-96.394,-73.301],[-96.152,-73.309],[-95.881,-73.294],[-95.529,-73.241],[-95.237,-73.22],[-95.03,-73.239],[-94.586,-73.249],[-94.246,-73.313],[-93.985,-73.287],[-93.706,-73.215],[-92.828,-73.165],[-92.241,-73.178],[-91.169,-73.307],[-90.921,-73.319],[-90.431,-73.243],[-90.274,-73.119],[-90.295,-72.978],[-90.152,-72.945],[-90.035,-72.96],[-89.818,-72.863],[-89.522,-72.871],[-89.341,-72.89],[-89.229,-72.826],[-89.127,-72.693],[-88.78,-72.683],[-88.527,-72.702],[-88.194,-72.788],[-88.195,-72.859],[-88.332,-72.934],[-88.561,-73.121],[-88.419,-73.229],[-88.205,-73.22],[-87.936,-73.241],[-87.608,-73.195],[-87.401,-73.192],[-87.038,-73.354],[-86.791,-73.364],[-86.602,-73.354],[-85.981,-73.209],[-85.801,-73.192],[-85.582,-73.259],[-85.261,-73.413],[-84.981,-73.502],[-84.571,-73.557],[-84.214,-73.573],[-83.796,-73.645],[-83.565,-73.706],[-83.042,-73.707],[-82.815,-73.732],[-82.184,-73.857],[-81.606,-73.796],[-81.309,-73.738],[-81.163,-73.632],[-81.236,-73.474],[-81.262,-73.315],[-81.176,-73.249],[-81.024,-73.236],[-80.336,-73.414],[-80.38,-73.308],[-80.439,-73.225],[-80.614,-73.083],[-80.588,-72.978],[-80.442,-72.945],[-80.152,-73.0],[-79.808,-73.028],[-79.522,-73.09],[-78.964,-73.312],[-78.786,-73.507],[-78.408,-73.556],[-78.144,-73.547],[-77.846,-73.515],[-77.444,-73.488],[-77.136,-73.496],[-76.85,-73.46],[-76.765,-73.566],[-77.033,-73.718],[-77.135,-73.818],[-77.049,-73.844],[-76.887,-73.82],[-76.755,-73.789],[-76.291,-73.805],[-75.916,-73.736],[-75.595,-73.711],[-75.293,-73.639],[-75.044,-73.645],[-74.855,-73.658],[-74.594,-73.715],[-74.345,-73.684],[-74.197,-73.696],[-73.996,-73.7],[-72.929,-73.448],[-72.687,-73.452],[-72.381,-73.438],[-71.994,-73.379],[-71.698,-73.353],[-71.453,-73.355],[-71.017,-73.263],[-70.323,-73.274],[-69.969,-73.226],[-69.282,-73.17],[-68.821,-73.105],[-68.0,-72.936],[-67.667,-72.835],[-67.307,-72.611],[-67.08,-72.388],[-66.828,-72.09],[-66.952,-71.897],[-67.084,-71.812],[-67.196,-71.719],[-67.46,-71.527],[-67.53,-71.285],[-67.505,-71.058],[-67.598,-70.845],[-67.692,-70.686],[-67.888,-70.422],[-68.126,-70.25],[-68.403,-70.02],[-68.404,-69.809],[-68.47,-69.644],[-68.638,-69.526],[-68.708,-69.432],[-68.58,-69.413],[-68.462,-69.384],[-68.141,-69.348],[-67.372,-69.412],[-67.304,-69.318],[-67.11,-69.248],[-66.975,-69.161],[-67.021,-69.029],[-67.188,-68.974],[-67.391,-68.861],[-67.299,-68.771],[-67.134,-68.771],[-67.054,-68.672],[-67.117,-68.575],[-67.041,-68.453],[-66.894,-68.298],[-66.793,-68.24],[-66.978,-68.147],[-67.15,-68.025],[-67.107,-67.93],[-67.021,-67.831],[-66.915,-67.693],[-66.77,-67.593],[-66.677,-67.56],[-66.705,-67.527],[-66.923,-67.492],[-67.124,-67.485],[-67.487,-67.547],[-67.545,-67.535],[-67.565,-67.503],[-67.586,-67.435],[-67.55,-67.269],[-67.493,-67.113],[-67.44,-67.091],[-67.299,-67.071],[-67.16,-66.952],[-67.034,-66.945],[-66.955,-66.985],[-66.929,-67.144],[-66.886,-67.18],[-66.902,-67.256],[-66.836,-67.282],[-66.757,-67.233],[-66.61,-67.209],[-66.552,-67.263],[-66.499,-67.289],[-66.472,-67.243],[-66.491,-67.114],[-66.515,-67.063],[-66.533,-66.979],[-66.502,-66.94],[-66.465,-66.875],[-66.527,-66.741],[-66.504,-66.69],[-66.371,-66.609],[-66.307,-66.592],[-66.182,-66.592],[-65.954,-66.646],[-65.847,-66.65],[-65.766,-66.625],[-65.718,-66.573],[-65.678,-66.403],[-65.776,-66.343],[-65.775,-66.288],[-65.718,-66.255],[-65.617,-66.135],[-65.465,-66.129],[-65.316,-66.14],[-65.172,-66.117],[-65.222,-66.068],[-65.267,-65.994],[-65.105,-65.958],[-64.999,-65.946],[-64.722,-65.993],[-64.614,-66.019],[-64.514,-65.96],[-64.547,-65.9],[-64.653,-65.867],[-64.673,-65.814],[-64.647,-65.748],[-64.475,-65.781],[-64.435,-65.768],[-64.39,-65.708],[-64.417,-65.68],[-64.439,-65.641],[-64.213,-65.633],[-64.18,-65.617],[-64.132,-65.571],[-64.066,-65.554],[-63.862,-65.556],[-63.818,-65.532],[-63.798,-65.48],[-63.908,-65.467],[-64.051,-65.417],[-64.071,-65.278],[-64.038,-65.179],[-63.912,-65.093],[-63.76,-65.033],[-63.482,-65.085],[-63.264,-65.073],[-63.178,-65.126],[-63.059,-65.139],[-63.033,-65.08],[-63.086,-65.028],[-63.12,-64.942],[-62.775,-64.842],[-62.664,-64.858],[-62.528,-64.833],[-62.576,-64.756],[-62.503,-64.656],[-62.404,-64.643],[-62.338,-64.729],[-62.243,-64.747],[-62.14,-64.727],[-61.883,-64.625],[-61.756,-64.61],[-61.632,-64.605],[-61.5,-64.546],[-61.47,-64.476],[-61.396,-64.427],[-61.174,-64.363],[-61.082,-64.315],[-60.887,-64.15],[-60.922,-64.108],[-60.864,-64.073],[-60.277,-63.924],[-59.99,-63.91],[-59.51,-63.821],[-59.218,-63.714],[-59.036,-63.67],[-58.872,-63.552],[-58.674,-63.534],[-58.216,-63.451],[-57.868,-63.319],[-57.39,-63.226],[-57.168,-63.235],[-57.077,-63.263],[-57.021,-63.373],[-56.927,-63.506],[-56.782,-63.572],[-56.835,-63.631],[-56.974,-63.625],[-57.119,-63.638],[-57.152,-63.572],[-57.098,-63.524],[-57.152,-63.479],[-57.284,-63.491],[-57.461,-63.514],[-57.581,-63.547],[-57.737,-63.617],[-57.857,-63.657],[-58.263,-63.763],[-58.532,-63.915],[-58.723,-64.077],[-58.839,-64.187],[-59.005,-64.195],[-59.047,-64.234],[-58.977,-64.266],[-58.923,-64.279],[-58.799,-64.293],[-58.819,-64.339],[-58.905,-64.352],[-58.895,-64.389],[-58.806,-64.445],[-58.786,-64.524],[-58.892,-64.537],[-59.051,-64.451],[-59.229,-64.444],[-59.37,-64.404],[-59.461,-64.346],[-59.547,-64.359],[-59.612,-64.44],[-59.573,-64.531],[-59.646,-64.584],[-59.734,-64.559],[-59.765,-64.451],[-59.85,-64.434],[-59.963,-64.431],[-60.242,-64.547],[-60.34,-64.551],[-60.394,-64.609],[-60.556,-64.677],[-60.66,-64.729],[-60.915,-64.907],[-61.06,-64.981],[-61.332,-65.024],[-61.439,-65.018],[-61.503,-65.0],[-61.603,-64.988],[-61.703,-64.987],[-61.736,-65.033],[-61.577,-65.186],[-61.663,-65.239],[-61.856,-65.235],[-61.948,-65.192],[-62.025,-65.233],[-62.085,-65.273],[-62.145,-65.332],[-62.054,-65.457],[-61.903,-65.513],[-61.796,-65.523],[-61.756,-65.569],[-61.991,-65.589],[-62.151,-65.699],[-62.222,-65.775],[-62.305,-65.84],[-62.293,-65.916],[-62.169,-66.031],[-62.005,-66.113],[-61.839,-66.12],[-61.625,-66.095],[-61.575,-66.071],[-61.359,-66.059],[-61.266,-65.98],[-61.198,-65.975],[-61.138,-65.989],[-61.039,-65.992],[-60.988,-65.94],[-60.913,-65.921],[-60.813,-65.934],[-60.618,-65.933],[-60.565,-65.979],[-60.625,-66.032],[-60.744,-66.105],[-60.856,-66.065],[-60.956,-66.072],[-61.009,-66.111],[-60.903,-66.191],[-60.942,-66.264],[-61.028,-66.337],[-61.134,-66.29],[-61.15,-66.212],[-61.293,-66.165],[-61.432,-66.145],[-61.526,-66.226],[-61.676,-66.25],[-61.696,-66.343],[-61.756,-66.429],[-61.842,-66.403],[-61.875,-66.296],[-62.116,-66.209],[-62.241,-66.197],[-62.494,-66.219],[-62.583,-66.218],[-62.682,-66.237],[-62.755,-66.31],[-62.65,-66.364],[-62.615,-66.436],[-62.618,-66.49],[-62.638,-66.511],[-62.655,-66.556],[-62.543,-66.621],[-62.537,-66.707],[-62.629,-66.706],[-62.705,-66.68],[-62.997,-66.453],[-63.18,-66.353],[-63.258,-66.264],[-63.449,-66.244],[-63.587,-66.242],[-63.753,-66.278],[-63.688,-66.32],[-63.654,-66.383],[-63.756,-66.409],[-63.88,-66.506],[-63.964,-66.589],[-64.015,-66.607],[-64.078,-66.654],[-63.809,-66.761],[-63.769,-66.803],[-63.755,-66.873],[-63.84,-66.912],[-64.043,-66.927],[-64.401,-66.853],[-64.554,-66.852],[-64.607,-66.8],[-64.686,-66.806],[-64.735,-66.894],[-64.793,-66.972],[-64.878,-67.024],[-64.854,-67.105],[-64.785,-67.124],[-64.839,-67.156],[-64.951,-67.183],[-65.027,-67.214],[-64.858,-67.243],[-64.826,-67.269],[-64.819,-67.307],[-65.08,-67.335],[-65.249,-67.342],[-65.35,-67.311],[-65.443,-67.326],[-65.503,-67.377],[-65.523,-67.445],[-65.504,-67.528],[-65.471,-67.588],[-65.447,-67.61],[-65.418,-67.66],[-65.574,-67.788],[-65.589,-67.816],[-65.6,-67.876],[-65.528,-67.93],[-65.469,-68.009],[-65.551,-68.048],[-65.64,-68.131],[-65.546,-68.147],[-65.387,-68.15],[-65.218,-68.14],[-64.959,-68.068],[-64.885,-68.056],[-64.853,-68.083],[-64.829,-68.127],[-64.896,-68.168],[-65.365,-68.287],[-65.452,-68.337],[-65.331,-68.364],[-65.09,-68.37],[-64.996,-68.408],[-65.055,-68.449],[-65.14,-68.489],[-65.242,-68.583],[-65.158,-68.618],[-64.898,-68.673],[-64.429,-68.746],[-64.078,-68.771],[-64.157,-68.687],[-64.169,-68.583],[-63.924,-68.498],[-63.796,-68.47],[-63.217,-68.419],[-63.057,-68.421],[-62.933,-68.443],[-62.98,-68.486],[-63.115,-68.471],[-63.347,-68.499],[-63.707,-68.592],[-63.773,-68.632],[-63.747,-68.705],[-63.443,-68.764],[-63.344,-68.81],[-63.478,-68.951],[-63.456,-69.042],[-63.301,-69.141],[-63.094,-69.253],[-62.994,-69.329],[-62.84,-69.372],[-62.587,-69.477],[-62.451,-69.584],[-62.407,-69.827],[-62.202,-70.028],[-61.961,-70.12],[-61.935,-70.199],[-62.014,-70.279],[-62.218,-70.233],[-62.331,-70.279],[-62.378,-70.365],[-62.232,-70.424],[-62.001,-70.497],[-61.505,-70.491],[-61.491,-70.57],[-61.605,-70.617],[-61.696,-70.676],[-61.809,-70.709],[-61.994,-70.729],[-62.04,-70.801],[-61.961,-70.901],[-61.702,-70.857],[-61.513,-70.851],[-61.313,-70.868],[-61.252,-71.002],[-61.017,-71.167],[-60.962,-71.245],[-61.003,-71.319],[-61.148,-71.342],[-61.237,-71.401],[-61.369,-71.452],[-61.516,-71.479],[-61.79,-71.616],[-61.91,-71.631],[-61.959,-71.658],[-61.725,-71.673],[-61.563,-71.675],[-61.214,-71.564],[-61.081,-71.589],[-60.995,-71.661],[-60.949,-71.747],[-61.035,-71.82],[-61.645,-71.863],[-61.939,-71.904],[-62.257,-72.018],[-61.894,-72.071],[-61.628,-72.053],[-61.493,-72.073],[-61.31,-72.113],[-61.107,-72.091],[-60.952,-72.05],[-60.833,-72.052],[-60.719,-72.073],[-60.704,-72.144],[-60.691,-72.27],[-60.665,-72.362],[-60.73,-72.426],[-61.048,-72.471],[-61.28,-72.468],[-61.286,-72.601],[-60.939,-72.7],[-60.724,-72.647],[-60.532,-72.673],[-60.532,-72.832],[-60.385,-73.007],[-60.255,-73.017],[-60.149,-72.938],[-60.01,-72.938],[-59.957,-73.031],[-60.016,-73.189],[-60.122,-73.275],[-60.404,-73.24],[-60.561,-73.211],[-60.687,-73.271],[-60.896,-73.32],[-61.081,-73.328],[-61.242,-73.25],[-61.428,-73.191],[-61.726,-73.161],[-62.008,-73.148],[-61.915,-73.216],[-61.788,-73.255],[-61.738,-73.376],[-61.637,-73.5],[-61.405,-73.467],[-61.08,-73.539],[-60.879,-73.612],[-60.79,-73.712],[-60.903,-73.871],[-61.088,-73.929],[-61.203,-73.957],[-61.404,-73.896],[-61.545,-73.896],[-61.692,-73.924],[-61.742,-73.996],[-61.838,-74.032],[-61.319,-74.036],[-61.161,-74.056],[-61.042,-74.122],[-61.227,-74.208],[-61.571,-74.195],[-61.718,-74.228],[-61.843,-74.29],[-61.332,-74.329],[-61.121,-74.307],[-60.784,-74.241],[-60.704,-74.307],[-60.838,-74.373],[-61.011,-74.478],[-61.37,-74.512],[-61.64,-74.514],[-61.995,-74.476],[-62.089,-74.453],[-62.235,-74.441],[-62.226,-74.506],[-62.133,-74.55],[-61.894,-74.713],[-61.855,-74.777],[-61.928,-74.863],[-62.138,-74.926],[-62.372,-74.952],[-62.567,-74.896],[-62.709,-74.737],[-62.887,-74.691],[-63.072,-74.678],[-63.178,-74.684],[-63.168,-74.765],[-63.125,-74.85],[-63.198,-74.909],[-63.357,-74.878],[-63.559,-74.906],[-63.751,-74.952],[-63.925,-75.004],[-63.571,-75.03],[-63.337,-75.035],[-63.173,-75.115],[-63.231,-75.154],[-63.551,-75.171],[-63.857,-75.206],[-64.28,-75.293],[-63.972,-75.329],[-63.678,-75.328],[-63.475,-75.336],[-63.304,-75.352],[-63.258,-75.399],[-63.363,-75.451],[-64.053,-75.58],[-64.778,-75.738],[-65.044,-75.787],[-65.322,-75.815],[-65.966,-75.952],[-66.37,-76.013],[-67.518,-76.11],[-69.304,-76.351],[-69.915,-76.522],[-70.096,-76.655],[-70.21,-76.674],[-70.551,-76.718],[-70.895,-76.739],[-71.799,-76.753],[-72.722,-76.689],[-73.472,-76.675],[-73.88,-76.697],[-75.268,-76.581],[-75.444,-76.587],[-75.659,-76.608],[-75.831,-76.608],[-75.963,-76.592],[-76.244,-76.585],[-77.19,-76.63],[-77.287,-76.702],[-77.168,-76.834],[-76.824,-76.993],[-76.249,-77.275],[-75.937,-77.334],[-75.748,-77.398],[-75.387,-77.474],[-74.581,-77.478],[-73.478,-77.536],[-72.852,-77.59],[-72.875,-77.694],[-73.252,-77.894],[-73.485,-77.971],[-74.042,-78.109],[-74.812,-78.178],[-75.398,-78.158],[-76.438,-78.044],[-77.742,-77.94],[-79.679,-77.843],[-80.104,-77.797],[-80.602,-77.752],[-80.889,-77.798],[-81.103,-77.842],[-81.581,-77.846],[-81.441,-77.886],[-79.51,-78.154],[-77.858,-78.351],[-77.665,-78.401],[-77.433,-78.435],[-77.452,-78.56],[-77.545,-78.66],[-77.869,-78.746],[-78.712,-78.752],[-79.767,-78.821],[-80.292,-78.823],[-80.816,-78.754],[-81.929,-78.559],[-82.608,-78.412],[-83.082,-78.247],[-83.412,-78.115],[-83.779,-77.984],[-83.752,-78.066],[-83.688,-78.148],[-83.508,-78.248],[-83.246,-78.357],[-83.227,-78.402],[-83.355,-78.408],[-83.544,-78.355],[-83.706,-78.404],[-83.763,-78.461],[-83.697,-78.537],[-83.595,-78.611],[-83.26,-78.774],[-82.971,-78.817],[-82.589,-78.916],[-81.661,-79.1],[-81.503,-79.163],[-81.222,-79.298],[-81.163,-79.4],[-80.892,-79.502],[-80.705,-79.517],[-80.535,-79.513],[-80.479,-79.426],[-80.489,-79.321],[-80.416,-79.295],[-80.151,-79.268],[-79.456,-79.304],[-76.499,-79.326],[-76.218,-79.387],[-76.105,-79.465],[-76.032,-79.627],[-76.344,-79.821],[-76.558,-79.903],[-76.904,-79.955],[-77.222,-79.994],[-77.702,-80.01],[-78.692,-79.995],[-79.66,-79.997],[-78.907,-80.09],[-78.176,-80.167],[-77.16,-80.153],[-76.757,-80.131],[-76.407,-80.095],[-76.26,-80.16],[-75.986,-80.295],[-75.822,-80.338],[-75.709,-80.383],[-75.555,-80.531],[-75.495,-80.617],[-75.345,-80.719],[-75.237,-80.803],[-75.076,-80.86],[-74.807,-80.886],[-74.511,-80.838],[-73.938,-80.816],[-73.383,-80.894],[-73.029,-80.917],[-72.553,-80.853],[-72.174,-80.764],[-71.38,-80.682],[-71.231,-80.647],[-71.018,-80.619],[-70.688,-80.626],[-70.56,-80.647],[-70.392,-80.735],[-70.239,-80.857],[-70.012,-80.918],[-69.772,-80.962],[-69.634,-80.966],[-69.182,-81.005],[-68.59,-80.968],[-68.327,-81.004],[-68.285,-81.074],[-68.144,-81.13],[-67.965,-81.148],[-65.574,-81.461],[-64.75,-81.522],[-63.478,-81.553],[-62.49,-81.557],[-62.354,-81.577],[-62.165,-81.636],[-62.542,-81.678],[-62.946,-81.684],[-63.554,-81.667],[-63.769,-81.676],[-64.233,-81.66],[-64.476,-81.672],[-64.696,-81.652],[-65.022,-81.696],[-65.62,-81.729],[-65.487,-81.775],[-65.264,-81.786],[-64.811,-81.803],[-64.19,-81.795],[-64.137,-81.869],[-64.706,-81.887],[-65.916,-81.902],[-66.042,-81.914],[-66.134,-81.953],[-65.953,-81.971],[-65.844,-81.993],[-65.787,-82.046],[-65.913,-82.183],[-65.714,-82.279],[-65.572,-82.294],[-65.424,-82.28],[-65.17,-82.318],[-64.92,-82.371],[-64.397,-82.374],[-63.773,-82.304],[-63.466,-82.307],[-62.645,-82.263],[-61.902,-82.271],[-60.859,-82.187],[-60.687,-82.189],[-60.528,-82.2],[-60.817,-82.276],[-62.095,-82.467],[-62.553,-82.503],[-62.736,-82.527],[-62.631,-82.621],[-62.466,-82.718],[-62.129,-82.822],[-61.917,-82.977],[-61.709,-83.01],[-61.313,-82.939],[-61.218,-82.992],[-61.2,-83.098],[-61.303,-83.184],[-61.436,-83.232],[-61.531,-83.279],[-61.59,-83.341],[-61.425,-83.396],[-60.983,-83.428],[-60.397,-83.441],[-59.854,-83.442],[-59.516,-83.458],[-58.29,-83.121],[-57.798,-82.959],[-57.557,-82.89],[-57.354,-82.84],[-56.318,-82.633],[-56.075,-82.57],[-55.801,-82.478],[-55.295,-82.465],[-54.601,-82.316],[-53.986,-82.201],[-53.74,-82.178],[-53.558,-82.169],[-53.339,-82.144],[-52.799,-82.154],[-52.415,-82.135],[-51.731,-82.062],[-51.21,-82.015],[-50.653,-81.975],[-50.029,-81.968],[-48.361,-81.892],[-47.887,-81.925],[-47.36,-82.004],[-47.02,-82.003],[-46.567,-81.979],[-46.258,-81.947],[-46.119,-82.04],[-46.046,-82.159],[-46.199,-82.271],[-46.448,-82.34],[-46.517,-82.455],[-46.175,-82.512],[-45.789,-82.495],[-45.044,-82.438],[-44.455,-82.366],[-44.292,-82.318],[-44.064,-82.331],[-43.669,-82.27],[-43.18,-82.017],[-42.565,-81.762],[-42.046,-81.598],[-41.712,-81.408],[-41.434,-81.298],[-41.126,-81.215],[-40.915,-81.172],[-40.441,-81.165],[-39.762,-81.032],[-38.772,-80.882],[-38.011,-80.954],[-37.209,-81.064],[-36.812,-80.975],[-36.5,-80.96],[-36.234,-80.92],[-35.966,-80.891],[-35.776,-80.813],[-35.521,-80.746],[-35.327,-80.651],[-34.35,-80.603],[-33.329,-80.54],[-33.191,-80.519],[-33.057,-80.532],[-32.706,-80.514],[-32.256,-80.461],[-31.634,-80.445],[-31.312,-80.45],[-31.015,-80.308],[-30.425,-80.28],[-29.797,-80.223],[-29.531,-80.182],[-29.329,-80.172],[-24.24,-80.062],[-24.02,-80.009],[-23.574,-79.965],[-23.407,-79.859],[-24.088,-79.815],[-24.3,-79.771],[-24.534,-79.758],[-24.67,-79.775],[-25.259,-79.763],[-29.949,-79.599],[-30.049,-79.585],[-30.211,-79.485],[-30.178,-79.304],[-30.316,-79.163],[-30.645,-79.124],[-30.985,-79.128],[-31.413,-79.145],[-32.542,-79.222],[-32.994,-79.229],[-34.197,-79.11],[-34.995,-78.978],[-35.516,-78.933],[-35.89,-78.844],[-36.239,-78.774],[-36.266,-78.616],[-36.181,-78.468],[-35.509,-78.041],[-35.088,-77.837],[-34.808,-77.821],[-34.551,-77.729],[-34.29,-77.522],[-34.076,-77.425],[-33.591,-77.311],[-33.377,-77.282],[-32.614,-77.141],[-32.405,-77.136],[-32.063,-77.16],[-31.676,-77.033],[-30.489,-76.762],[-30.222,-76.66],[-29.892,-76.598],[-28.934,-76.37],[-28.079,-76.258],[-27.653,-76.226],[-27.135,-76.157],[-26.56,-76.055],[-26.059,-75.957],[-24.27,-75.767],[-23.197,-75.718],[-22.465,-75.661],[-21.948,-75.694],[-21.434,-75.683],[-20.989,-75.634],[-20.783,-75.594],[-20.488,-75.492],[-19.493,-75.54],[-18.851,-75.47],[-18.585,-75.463],[-18.305,-75.431],[-18.415,-75.397],[-18.517,-75.39],[-18.617,-75.342],[-18.749,-75.242],[-18.617,-75.115],[-18.517,-75.052],[-18.221,-74.975],[-18.068,-74.863],[-17.923,-74.699],[-17.436,-74.379],[-17.299,-74.334],[-16.989,-74.32],[-16.727,-74.328],[-16.43,-74.324],[-15.673,-74.407],[-15.531,-74.376],[-15.29,-74.281],[-15.089,-74.163],[-14.659,-73.989],[-14.574,-73.937],[-14.611,-73.852],[-15.26,-73.889],[-15.749,-73.946],[-16.22,-73.916],[-16.282,-73.867],[-16.181,-73.83],[-16.003,-73.816],[-15.936,-73.758],[-16.097,-73.709],[-16.388,-73.681],[-16.519,-73.644],[-16.507,-73.556],[-16.435,-73.426],[-16.279,-73.388],[-16.149,-73.334],[-15.803,-73.152],[-15.596,-73.097],[-15.007,-73.047],[-14.321,-73.123],[-14.165,-73.102],[-14.0,-73.001],[-14.168,-72.843],[-14.298,-72.785],[-14.298,-72.733],[-13.939,-72.756],[-13.603,-72.792],[-13.209,-72.785],[-12.747,-72.629],[-12.095,-72.498],[-11.777,-72.444],[-11.497,-72.413],[-11.346,-72.282],[-11.121,-72.032],[-10.958,-71.902],[-10.961,-71.822],[-11.009,-71.758],[-11.179,-71.777],[-11.333,-71.786],[-11.697,-71.719],[-12.148,-71.614],[-12.285,-71.495],[-12.351,-71.39],[-12.208,-71.332],[-12.074,-71.297],[-11.926,-71.289],[-11.663,-71.331],[-11.328,-71.44],[-11.16,-71.481],[-10.97,-71.56],[-10.825,-71.553],[-10.659,-71.443],[-10.52,-71.295],[-10.407,-71.25],[-10.231,-71.201],[-10.034,-71.131],[-10.122,-71.061],[-10.331,-71.024],[-10.36,-70.982],[-10.271,-70.936],[-10.099,-70.926],[-9.888,-71.027],[-9.599,-71.095],[-9.402,-71.118],[-9.231,-71.174],[-8.966,-71.361],[-8.646,-71.673],[-8.498,-71.675],[-8.216,-71.647],[-7.916,-71.635],[-7.714,-71.546],[-7.669,-71.324],[-7.59,-71.224],[-7.618,-71.121],[-7.757,-71.017],[-7.873,-70.94],[-7.855,-70.885],[-7.753,-70.843],[-7.62,-70.829],[-7.388,-70.787],[-7.032,-70.835],[-6.838,-70.845],[-6.548,-70.817],[-6.245,-70.756],[-5.936,-70.713],[-5.695,-70.745],[-5.588,-70.857],[-5.709,-70.968],[-5.904,-71.052],[-6.08,-71.154],[-6.127,-71.266],[-6.117,-71.326],[-5.95,-71.342],[-4.45,-71.328],[-4.253,-71.338],[-3.995,-71.339],[-3.713,-71.375],[-3.24,-71.36],[-2.812,-71.321],[-2.61,-71.321],[-2.261,-71.357],[-2.015,-71.433],[-1.501,-71.412],[-1.354,-71.387],[-1.216,-71.284],[-1.068,-71.266],[-0.896,-71.349],[-0.84,-71.54],[-0.76,-71.63],[-0.543,-71.713],[-0.327,-71.642],[-0.185,-71.559],[0.154,-71.398],[0.538,-71.274],[0.835,-71.202],[1.552,-71.08],[1.909,-71.004],[2.609,-70.9],[3.507,-70.844],[5.113,-70.656],[5.644,-70.636],[6.508,-70.586],[6.951,-70.535],[7.401,-70.494],[7.677,-70.356],[8.307,-70.462],[8.523,-70.474],[8.817,-70.391],[9.142,-70.184],[9.614,-70.269],[9.886,-70.403],[10.218,-70.508],[10.969,-70.688],[11.203,-70.729],[11.701,-70.767],[11.834,-70.737],[12.068,-70.617],[12.309,-70.443],[12.462,-70.37],[12.682,-70.309],[12.929,-70.213],[12.865,-70.162],[12.723,-70.144],[12.595,-70.117],[12.626,-70.066],[13.066,-70.054],[13.298,-70.23],[13.533,-70.288],[13.823,-70.343],[14.492,-70.3],[15.064,-70.295],[15.563,-70.331],[15.807,-70.324],[16.025,-70.193],[16.381,-70.145],[16.585,-70.204],[16.709,-70.397],[17.167,-70.451],[18.125,-70.54],[18.232,-70.518],[18.351,-70.415],[18.433,-70.29],[18.627,-70.269],[18.877,-70.201],[19.009,-70.212],[19.196,-70.293],[19.132,-70.492],[19.027,-70.674],[19.153,-70.821],[19.265,-70.902],[19.409,-70.917],[19.652,-70.921],[19.944,-70.91],[20.128,-70.918],[21.071,-70.843],[21.186,-70.681],[21.337,-70.495],[21.705,-70.259],[21.849,-70.277],[21.962,-70.3],[22.216,-70.417],[22.366,-70.475],[22.396,-70.561],[22.234,-70.643],[22.278,-70.696],[22.445,-70.74],[22.979,-70.81],[23.15,-70.796],[23.407,-70.723],[23.665,-70.575],[23.804,-70.405],[24.024,-70.413],[24.236,-70.449],[24.386,-70.537],[24.386,-70.704],[24.588,-70.82],[24.757,-70.892],[25.187,-70.971],[25.65,-70.991],[25.974,-71.037],[26.499,-71.019],[26.754,-70.967],[26.918,-70.954],[27.207,-70.911],[27.509,-70.813],[27.698,-70.772],[28.386,-70.682],[28.912,-70.583],[29.464,-70.406],[30.003,-70.3],[30.834,-70.246],[31.063,-70.225],[31.379,-70.226],[32.16,-70.1],[32.457,-70.026],[32.621,-70.001],[32.81,-69.909],[32.912,-69.734],[32.989,-69.624],[32.976,-69.517],[32.903,-69.379],[32.738,-69.255],[32.568,-69.074],[32.642,-68.869],[32.776,-68.783],[33.122,-68.689],[33.466,-68.671],[33.853,-68.683],[34.193,-68.702],[34.219,-68.791],[34.074,-68.885],[33.885,-68.979],[33.772,-69.02],[33.814,-69.099],[34.059,-69.111],[34.596,-69.095],[34.75,-69.168],[35.131,-69.487],[35.225,-69.637],[35.357,-69.681],[35.568,-69.66],[36.018,-69.662],[36.331,-69.639],[36.586,-69.638],[36.719,-69.652],[36.856,-69.726],[37.115,-69.81],[37.374,-69.748],[37.56,-69.718],[37.787,-69.726],[38.144,-69.824],[38.499,-70.056],[38.886,-70.172],[38.912,-70.098],[38.859,-70.006],[39.019,-69.924],[39.211,-69.786],[39.487,-69.608],[39.705,-69.426],[39.762,-69.173],[39.864,-68.967],[40.042,-68.868],[40.216,-68.805],[40.484,-68.739],[40.817,-68.724],[41.133,-68.575],[41.356,-68.515],[41.825,-68.433],[42.409,-68.352],[42.82,-68.123],[42.961,-68.095],[43.171,-68.06],[43.554,-68.046],[44.178,-67.972],[44.373,-67.961],[44.7,-67.904],[44.99,-67.769],[45.197,-67.731],[45.569,-67.736],[45.888,-67.66],[46.154,-67.657],[46.399,-67.618],[46.436,-67.533],[46.32,-67.477],[46.317,-67.402],[46.454,-67.304],[46.56,-67.268],[46.884,-67.275],[47.154,-67.357],[47.352,-67.362],[47.403,-67.409],[47.231,-67.468],[47.117,-67.573],[47.314,-67.665],[47.49,-67.728],[47.703,-67.716],[47.959,-67.66],[48.21,-67.699],[48.322,-67.785],[48.322,-67.918],[48.375,-67.988],[48.551,-67.926],[48.648,-67.794],[48.62,-67.625],[48.63,-67.521],[49.053,-67.352],[49.219,-67.227],[48.923,-67.2],[48.714,-67.217],[48.598,-67.171],[48.465,-67.043],[48.83,-66.938],[49.247,-66.942],[49.489,-67.031],[50.006,-67.175],[50.293,-67.172],[50.553,-67.194],[50.606,-67.15],[50.509,-66.939],[50.521,-66.82],[50.306,-66.753],[50.244,-66.603],[50.332,-66.445],[50.588,-66.356],[50.937,-66.315],[51.688,-66.072],[51.885,-66.02],[52.378,-65.969],[52.955,-65.945],[53.672,-65.859],[54.948,-65.916],[55.29,-65.954],[55.504,-66.003],[55.71,-66.08],[55.974,-66.209],[56.362,-66.373],[56.859,-66.423],[57.0,-66.475],[57.185,-66.613],[56.987,-66.704],[56.824,-66.713],[56.51,-66.659],[56.294,-66.603],[56.146,-66.626],[56.292,-66.721],[56.453,-66.78],[56.48,-66.859],[56.391,-66.974],[55.803,-67.199],[56.155,-67.265],[56.366,-67.212],[56.562,-67.116],[56.76,-67.073],[56.892,-67.056],[57.361,-67.053],[57.627,-67.014],[57.828,-67.041],[58.027,-67.103],[58.318,-67.163],[58.737,-67.23],[59.251,-67.485],[59.65,-67.459],[59.868,-67.403],[60.482,-67.385],[61.012,-67.499],[61.309,-67.54],[62.174,-67.575],[62.688,-67.648],[63.018,-67.562],[63.238,-67.527],[63.699,-67.508],[63.931,-67.526],[64.574,-67.62],[65.708,-67.716],[66.488,-67.766],[67.175,-67.768],[67.502,-67.81],[68.099,-67.854],[68.328,-67.89],[68.899,-67.862],[69.167,-67.825],[69.416,-67.743],[69.559,-67.763],[69.656,-67.865],[69.603,-68.041],[69.705,-68.161],[69.789,-68.279],[69.907,-68.379],[69.982,-68.464],[69.928,-68.535],[69.762,-68.599],[69.534,-68.737],[69.547,-68.857],[69.646,-68.932],[69.531,-69.024],[69.615,-69.154],[69.629,-69.232],[69.549,-69.294],[69.372,-69.331],[69.065,-69.337],[68.906,-69.373],[68.88,-69.47],[68.959,-69.54],[69.136,-69.578],[69.188,-69.655],[69.162,-69.77],[69.083,-69.867],[68.92,-69.912],[68.744,-69.921],[68.415,-69.902],[68.178,-69.837],[68.027,-69.894],[67.917,-69.953],[67.575,-70.088],[67.417,-70.177],[67.268,-70.273],[67.659,-70.326],[67.941,-70.423],[68.559,-70.412],[68.757,-70.37],[69.021,-70.325],[69.162,-70.334],[69.25,-70.431],[69.197,-70.585],[69.188,-70.705],[68.873,-71.035],[68.768,-71.091],[68.624,-71.181],[68.448,-71.252],[68.311,-71.287],[68.037,-71.391],[67.873,-71.58],[67.694,-71.737],[67.432,-72.003],[67.281,-72.291],[67.215,-72.461],[67.113,-72.641],[66.892,-72.949],[66.746,-73.0],[66.498,-73.126],[66.569,-73.209],[66.765,-73.217],[67.003,-73.236],[67.322,-73.3],[67.749,-73.168],[67.971,-73.086],[68.016,-72.918],[67.971,-72.751],[68.107,-72.651],[68.42,-72.515],[69.157,-72.419],[69.309,-72.409],[69.555,-72.374],[69.77,-72.254],[69.962,-72.133],[70.294,-72.055],[70.573,-71.931],[70.616,-71.842],[70.732,-71.822],[71.079,-71.737],[71.168,-71.672],[71.277,-71.624],[71.349,-71.514],[71.379,-71.309],[71.465,-71.155],[71.634,-70.949],[71.771,-70.801],[71.905,-70.707],[72.263,-70.657],[72.418,-70.599],[72.622,-70.472],[72.76,-70.396],[72.744,-70.239],[72.822,-70.096],[73.041,-70.01],[73.325,-69.849],[73.676,-69.826],[73.942,-69.743],[74.227,-69.8],[74.571,-69.88],[75.148,-69.855],[75.424,-69.893],[75.636,-69.849],[75.821,-69.726],[75.891,-69.576],[76.112,-69.487],[76.36,-69.49],[76.77,-69.34],[77.192,-69.206],[77.541,-69.174],[77.818,-69.069],[78.015,-68.892],[78.229,-68.756],[78.489,-68.626],[78.564,-68.394],[78.726,-68.278],[79.035,-68.175],[79.288,-68.119],[80.363,-67.947],[81.187,-67.831],[82.017,-67.69],[82.273,-67.692],[82.607,-67.613],[83.158,-67.61],[83.304,-67.603],[83.494,-67.441],[83.904,-67.292],[84.161,-67.244],[84.485,-67.115],[84.748,-67.102],[85.117,-67.126],[85.429,-67.161],[85.711,-67.161],[86.118,-67.055],[86.75,-67.037],[86.947,-66.986],[87.085,-66.94],[87.98,-66.788],[88.314,-66.817],[88.789,-66.792],[89.077,-66.799],[89.352,-66.818],[89.698,-66.823],[90.293,-66.77],[90.547,-66.734],[91.022,-66.603],[91.546,-66.572],[91.777,-66.537],[92.073,-66.508],[92.312,-66.559],[92.486,-66.604],[92.592,-66.614],[92.731,-66.624],[93.075,-66.571],[93.358,-66.585],[93.722,-66.643],[93.964,-66.69],[94.089,-66.689],[94.313,-66.647],[94.587,-66.544],[94.84,-66.501],[95.084,-66.527],[95.248,-66.571],[95.541,-66.631],[95.991,-66.621],[96.424,-66.6],[96.789,-66.551],[97.101,-66.499],[97.389,-66.579],[97.72,-66.607],[98.258,-66.467],[98.462,-66.499],[98.603,-66.535],[98.72,-66.553],[98.859,-66.671],[99.37,-66.648],[99.824,-66.549],[100.212,-66.474],[100.591,-66.425],[100.889,-66.358],[101.327,-66.1],[101.321,-66.021],[101.381,-65.973],[101.474,-65.951],[102.174,-65.954],[102.392,-65.933],[102.674,-65.865],[103.167,-65.917],[103.639,-65.999],[103.764,-65.99],[103.951,-65.988],[104.289,-66.039],[104.667,-66.137],[105.0,-66.164],[106.387,-66.411],[107.171,-66.47],[107.566,-66.552],[107.667,-66.58],[107.785,-66.664],[107.992,-66.672],[108.158,-66.639],[108.376,-66.766],[108.91,-66.862],[109.463,-66.909],[109.824,-66.834],[110.437,-66.621],[110.622,-66.524],[110.587,-66.312],[110.907,-66.077],[111.453,-65.961],[112.13,-65.9],[112.548,-65.848],[113.099,-65.8],[113.368,-65.849],[113.502,-65.886],[113.71,-65.93],[113.955,-66.06],[114.337,-66.36],[114.619,-66.468],[114.87,-66.477],[115.082,-66.493],[115.31,-66.561],[115.635,-66.771],[115.442,-66.958],[115.274,-67.028],[114.571,-67.109],[114.26,-67.172],[113.991,-67.212],[113.912,-67.368],[114.027,-67.441],[114.319,-67.406],[114.658,-67.388],[114.926,-67.357],[115.172,-67.308],[115.384,-67.238],[115.885,-67.202],[116.215,-67.143],[116.509,-67.108],[116.714,-67.047],[116.924,-67.055],[117.132,-67.114],[117.298,-67.109],[117.745,-67.129],[117.952,-67.085],[118.139,-67.082],[118.326,-67.115],[118.519,-67.161],[118.714,-67.172],[118.965,-67.145],[119.318,-67.071],[119.768,-66.991],[120.187,-66.966],[120.289,-66.967],[120.375,-66.984],[119.954,-67.076],[119.281,-67.199],[118.922,-67.32],[119.133,-67.371],[120.4,-67.236],[120.979,-67.136],[121.488,-67.091],[121.613,-67.057],[122.033,-66.902],[122.183,-66.859],[122.633,-66.805],[123.222,-66.745],[123.667,-66.677],[123.969,-66.608],[124.196,-66.601],[124.371,-66.652],[124.598,-66.708],[124.822,-66.695],[125.095,-66.641],[125.286,-66.516],[125.398,-66.424],[125.603,-66.393],[125.866,-66.364],[126.077,-66.396],[126.424,-66.462],[126.665,-66.498],[126.874,-66.759],[127.365,-66.99],[127.541,-67.051],[127.968,-67.028],[128.431,-67.119],[128.628,-67.107],[128.816,-67.08],[128.982,-67.098],[129.237,-67.042],[129.5,-66.753],[129.741,-66.469],[129.976,-66.345],[130.12,-66.292],[130.301,-66.268],[130.579,-66.209],[130.952,-66.191],[131.232,-66.216],[131.831,-66.236],[132.32,-66.165],[132.874,-66.178],[133.148,-66.095],[133.444,-66.081],[133.843,-66.154],[133.958,-66.204],[134.179,-66.277],[134.232,-66.348],[134.29,-66.477],[134.398,-66.48],[134.77,-66.353],[134.971,-66.33],[135.352,-66.127],[135.555,-66.18],[136.009,-66.267],[136.194,-66.292],[136.553,-66.439],[136.74,-66.408],[136.889,-66.34],[137.336,-66.346],[137.754,-66.406],[137.926,-66.457],[138.14,-66.544],[138.271,-66.564],[138.376,-66.54],[139.242,-66.574],[139.613,-66.638],[139.9,-66.715],[140.902,-66.752],[141.286,-66.832],[141.517,-66.794],[141.973,-66.807],[142.159,-66.874],[142.327,-66.948],[142.688,-67.013],[142.888,-67.0],[143.169,-66.949],[143.448,-66.877],[143.73,-66.877],[143.863,-66.939],[143.911,-67.091],[144.118,-67.088],[144.348,-67.018],[144.551,-67.036],[144.621,-67.141],[144.515,-67.283],[144.26,-67.479],[144.154,-67.644],[143.942,-67.794],[143.977,-67.865],[144.189,-67.9],[144.404,-67.794],[144.879,-67.721],[145.128,-67.626],[145.556,-67.591],[145.975,-67.624],[146.276,-67.751],[146.828,-67.965],[146.852,-68.041],[146.897,-68.12],[146.878,-68.191],[146.798,-68.274],[147.094,-68.369],[147.354,-68.384],[147.569,-68.375],[148.456,-68.467],[148.881,-68.431],[149.263,-68.431],[149.717,-68.418],[150.065,-68.42],[150.342,-68.436],[150.672,-68.403],[150.936,-68.358],[151.068,-68.385],[151.121,-68.623],[151.139,-68.764],[151.289,-68.817],[151.448,-68.764],[151.562,-68.694],[152.265,-68.726],[152.545,-68.73],[152.814,-68.768],[153.082,-68.857],[153.34,-68.818],[153.496,-68.764],[153.705,-68.729],[153.767,-68.641],[153.792,-68.493],[153.785,-68.35],[153.908,-68.323],[154.032,-68.35],[154.2,-68.418],[154.576,-68.634],[154.866,-68.774],[154.987,-68.841],[155.164,-68.895],[155.52,-69.024],[156.011,-69.078],[156.489,-69.183],[157.046,-69.176],[157.481,-69.309],[157.776,-69.205],[157.933,-69.181],[158.158,-69.209],[158.433,-69.299],[158.647,-69.32],[159.386,-69.468],[159.784,-69.522],[159.931,-69.631],[160.126,-69.734],[160.126,-69.84],[160.21,-69.975],[160.652,-70.081],[160.827,-70.182],[161.037,-70.317],[161.424,-70.827],[161.625,-70.916],[161.916,-70.907],[162.19,-71.04],[162.278,-71.022],[162.287,-70.969],[162.04,-70.625],[162.022,-70.44],[162.216,-70.334],[162.675,-70.305],[163.026,-70.501],[163.349,-70.621],[163.566,-70.642],[163.998,-70.637],[164.403,-70.51],[164.716,-70.557],[165.209,-70.571],[165.854,-70.645],[166.132,-70.633],[166.627,-70.664],[167.229,-70.771],[167.569,-70.81],[167.64,-70.854],[167.799,-70.925],[167.878,-71.013],[167.966,-71.093],[168.173,-71.183],[168.383,-71.197],[168.798,-71.275],[169.664,-71.511],[169.977,-71.581],[170.162,-71.63],[170.251,-71.569],[170.277,-71.444],[170.436,-71.419],[170.603,-71.604],[170.78,-71.745],[170.859,-71.869],[170.675,-71.969],[170.409,-71.948],[170.224,-71.948],[170.03,-72.116],[169.953,-72.403],[170.127,-72.398],[170.259,-72.371],[170.286,-72.477],[170.206,-72.565],[170.048,-72.601],[169.775,-72.534],[169.44,-72.487],[169.072,-72.469],[168.719,-72.384],[168.576,-72.379],[168.428,-72.383],[168.622,-72.473],[168.82,-72.552],[169.269,-72.621],[169.829,-72.729],[169.845,-72.795],[169.712,-72.877],[169.545,-73.05],[169.033,-73.2],[168.736,-73.091],[168.381,-73.066],[168.204,-73.13],[167.853,-73.122],[167.156,-73.147],[166.883,-73.011],[166.453,-72.936],[166.467,-72.998],[166.834,-73.224],[167.226,-73.276],[167.616,-73.337],[167.709,-73.394],[167.534,-73.447],[167.296,-73.44],[166.996,-73.544],[166.429,-73.527],[166.159,-73.534],[166.001,-73.577],[165.86,-73.593],[165.971,-73.631],[166.106,-73.735],[165.913,-73.823],[165.734,-73.867],[165.549,-73.846],[165.347,-73.879],[165.25,-73.782],[165.245,-73.571],[165.129,-73.383],[165.005,-73.374],[164.813,-73.397],[164.75,-73.559],[164.888,-73.838],[164.98,-73.926],[164.906,-74.003],[164.776,-74.029],[165.037,-74.264],[165.263,-74.426],[165.4,-74.479],[165.409,-74.559],[165.303,-74.594],[165.001,-74.563],[164.853,-74.578],[164.689,-74.568],[164.411,-74.533],[164.174,-74.523],[163.936,-74.567],[163.735,-74.564],[163.557,-74.417],[163.398,-74.382],[163.266,-74.426],[163.167,-74.602],[162.961,-74.656],[162.752,-74.736],[162.604,-74.823],[162.534,-75.167],[162.41,-75.238],[162.226,-75.235],[162.088,-75.262],[161.91,-75.234],[161.68,-75.218],[160.911,-75.335],[161.033,-75.396],[161.227,-75.386],[161.904,-75.404],[162.19,-75.467],[162.239,-75.622],[162.352,-75.686],[162.578,-75.758],[162.754,-75.793],[162.816,-75.846],[162.745,-75.952],[162.648,-76.049],[162.437,-76.155],[162.498,-76.208],[162.728,-76.225],[162.825,-76.464],[162.675,-76.569],[162.745,-76.658],[162.763,-76.746],[162.61,-76.829],[162.489,-76.869],[162.45,-76.956],[162.679,-77.007],[162.85,-77.024],[163.087,-77.032],[163.25,-77.126],[163.458,-77.269],[163.608,-77.388],[163.619,-77.582],[163.766,-77.7],[164.045,-77.775],[164.036,-77.853],[164.232,-77.877],[164.421,-77.883],[164.491,-77.954],[164.43,-78.042],[164.108,-78.147],[163.978,-78.224],[164.297,-78.236],[164.628,-78.316],[165.051,-78.226],[165.274,-78.129],[165.418,-78.042],[165.524,-78.064],[165.534,-78.154],[165.663,-78.306],[166.209,-78.452],[166.51,-78.497],[166.801,-78.522],[167.058,-78.518],[167.13,-78.606],[167.049,-78.686],[166.85,-78.68],[166.525,-78.695],[166.287,-78.628],[166.117,-78.571],[164.635,-78.603],[164.301,-78.63],[163.902,-78.717],[163.503,-78.759],[162.895,-78.845],[162.639,-78.898],[161.975,-78.694],[161.757,-78.545],[161.669,-78.536],[161.51,-78.571],[161.502,-78.677],[161.813,-78.907],[161.951,-78.968],[161.951,-79.03],[161.864,-79.061],[161.737,-79.06],[161.546,-79.015],[161.191,-78.979],[160.874,-79.05],[160.483,-79.201],[160.567,-79.302],[160.67,-79.359],[160.646,-79.427],[160.209,-79.554],[160.068,-79.561],[159.976,-79.586],[160.084,-79.633],[160.323,-79.636],[160.346,-79.691],[160.265,-79.737],[159.872,-79.79],[159.897,-79.859],[160.111,-79.892],[160.387,-79.88],[160.558,-79.93],[160.559,-80.011],[160.382,-80.054],[160.179,-80.088],[158.767,-80.293],[158.56,-80.349],[158.574,-80.423],[159.065,-80.443],[160.542,-80.425],[160.637,-80.45],[160.603,-80.508],[160.521,-80.583],[160.601,-80.637],[160.823,-80.674],[160.83,-80.73],[160.72,-80.753],[160.503,-80.779],[160.26,-80.787],[160.276,-80.847],[160.607,-80.901],[160.717,-80.907],[160.728,-81.113],[160.717,-81.2],[160.54,-81.242],[160.479,-81.27],[160.47,-81.341],[160.908,-81.39],[161.582,-81.61],[161.73,-81.61],[161.996,-81.653],[162.425,-81.765],[162.577,-81.832],[162.821,-81.866],[162.854,-81.921],[163.004,-81.969],[163.602,-82.121],[163.68,-82.187],[162.427,-82.314],[161.167,-82.408],[161.283,-82.49],[162.644,-82.482],[163.012,-82.535],[163.175,-82.519],[163.269,-82.463],[164.001,-82.397],[164.747,-82.354],[164.98,-82.385],[165.982,-82.63],[166.446,-82.722],[166.742,-82.757],[166.957,-82.765],[167.116,-82.801],[167.271,-82.879],[167.233,-82.952],[167.297,-82.986],[167.404,-82.999],[167.602,-83.047],[167.828,-83.031],[168.092,-82.975],[168.276,-82.987],[168.607,-83.065],[168.482,-83.127],[168.408,-83.155],[168.32,-83.211],[168.24,-83.23],[167.973,-83.243],[167.825,-83.243],[167.674,-83.231],[167.658,-83.272],[167.843,-83.316],[168.11,-83.362],[169.838,-83.399],[170.332,-83.479],[170.818,-83.436],[171.036,-83.448],[171.221,-83.475],[171.289,-83.555],[171.537,-83.581],[171.917,-83.644],[172.45,-83.675],[172.874,-83.673],[173.397,-83.759],[173.662,-83.761],[173.822,-83.81],[175.011,-83.839],[175.187,-83.877],[175.323,-83.94],[175.606,-83.968],[175.911,-83.973],[177.581,-84.075],[178.209,-84.13],[178.353,-84.127],[178.496,-84.136],[178.944,-84.181],[179.403,-84.206],[179.62,-84.268],[180.0,-84.352],[180.0,-85.058],[180.0,-85.058],[180.0,-85.058]]]},"properties":{"id":"NE50-0351","region":"19","areaKm2":12167211.4,"massBalanceMwe":-0.351}},{"type":"Feature","id":"NE50-0352","geometry":{"type":"Polygon","coordinates":[[[-20.037,78.846],[-20.037,78.846],[-20.037,78.846],[-19.973,78.868],[-20.037,78.846]]]},"properties":{"id":"NE50-0352","region":"05","areaKm2":0.0,"massBalanceMwe":-0.401}},{"type":"Feature","id":"NE50-0353","geometry":{"type":"Polygon","coordinates":[[[-16.153,81.597],[-16.153,81.597],[-16.292,81.652],[-16.315,81.741],[-16.267,81.754],[-16.121,81.777],[-15.969,81.785],[-15.556,81.834],[-15.451,81.837],[-15.227,81.822],[-14.242,81.814],[-13.704,81.789],[-12.956,81.72],[-12.434,81.683],[-12.193,81.649],[-11.841,81.578],[-11.557,81.503],[-11.426,81.481],[-11.431,81.457],[-11.529,81.424],[-12.231,81.309],[-12.461,81.233],[-12.955,81.125],[-13.55,81.356],[-13.879,81.425],[-14.173,81.439],[-14.245,81.424],[-14.272,81.326],[-14.228,81.295],[-13.632,81.18],[-13.529,81.144],[-13.452,81.062],[-14.382,81.049],[-14.782,81.064],[-15.201,81.105],[-15.328,81.066],[-15.526,80.968],[-15.876,80.859],[-15.986,80.847],[-16.064,80.8],[-16.111,80.688],[-16.175,80.706],[-16.221,80.782],[-16.267,80.812],[-16.396,80.83],[-16.81,80.841],[-17.0,80.892],[-17.346,80.876],[-17.696,80.9],[-17.903,80.948],[-18.003,81.031],[-18.32,80.942],[-18.415,80.883],[-18.808,80.816],[-18.885,80.882],[-18.733,80.952],[-18.433,80.98],[-18.422,81.079],[-18.536,81.096],[-18.289,81.186],[-17.357,81.287],[-17.287,81.319],[-16.211,81.474],[-16.152,81.494],[-16.153,81.597]]]},"properties":{"id":"NE50-0353","region":"05","areaKm2":7094.4,"massBalanceMwe":-0.401}},{"type":"Feature","id":"NE50-0354","geometry":{"type":"Polygon","coordinates":[[[-17.089,80.486],[-17.089,80.486],[-16.695,80.485],[-16.563,80.507],[-16.429,80.484],[-15.937,80.428],[-15.933,80.395],[-16.168,80.329],[-16.489,80.252],[-16.868,80.198],[-17.011,80.19],[-17.191,80.204],[-17.357,80.201],[-17.652,80.181],[-17.952,80.273],[-17.91,80.309],[-17.745,80.353],[-17.672,80.409],[-17.571,80.442],[-17.089,80.486]]]},"properties":{"id":"NE50-0354","region":"05","areaKm2":884.2,"massBalanceMwe":-0.401}},{"type":"Feature","id":"NE50-0355","geometry":{"type":"Polygon","coordinates":[[[-20.397,79.749],[-20.397,79.749],[-20.312,79.779],[-20.182,79.862],[-20.181,79.858],[-20.139,79.803],[-20.069,79.774],[-19.985,79.756],[-19.839,79.747],[-19.518,79.755],[-19.392,79.75],[-19.353,79.734],[-19.284,79.683],[-19.296,79.635],[-19.354,79.567],[-19.399,79.488],[-19.408,79.464],[-19.801,79.432],[-19.984,79.454],[-20.327,79.444],[-20.454,79.331],[-20.537,79.316],[-20.599,79.345],[-20.724,79.348],[-21.274,79.287],[-21.284,79.139],[-21.196,79.089],[-21.086,79.061],[-20.12,78.963],[-20.076,78.977],[-20.051,79.065],[-20.096,79.157],[-20.021,79.228],[-19.829,79.248],[-19.756,79.219],[-19.872,79.114],[-19.885,79.069],[-19.839,78.953],[-19.887,78.911],[-19.973,78.868],[-20.037,78.846],[-20.052,78.853],[-20.505,78.898],[-20.657,78.829],[-21.038,78.822],[-21.2,78.802],[-21.274,78.732],[-21.378,78.708],[-21.566,78.753],[-21.863,78.722],[-21.899,78.64],[-21.853,78.578],[-21.758,78.553],[-21.625,78.567],[-21.507,78.544],[-21.407,78.491],[-21.363,78.412],[-21.384,78.361],[-21.409,78.319],[-21.543,78.259],[-21.864,78.237],[-21.931,78.125],[-22.153,78.021],[-22.215,77.955],[-22.293,77.718],[-22.248,77.621],[-21.964,77.626],[-21.822,77.602],[-21.698,77.615],[-21.663,77.558],[-21.889,77.463],[-22.04,77.337],[-22.1,77.19],[-22.102,76.998],[-22.164,76.892],[-22.359,76.917],[-22.438,76.835],[-22.541,76.791],[-22.688,76.767],[-22.702,76.657],[-22.58,76.618],[-22.521,76.545],[-22.588,76.481],[-22.555,76.372],[-22.483,76.342],[-22.264,76.317],[-22.229,76.28],[-22.142,76.238],[-22.118,76.167],[-22.155,76.122],[-22.369,76.025],[-22.43,75.959],[-22.527,75.923],[-22.653,75.947],[-22.792,75.928],[-22.863,75.89],[-22.907,75.813],[-22.847,75.679],[-22.54,75.681],[-22.452,75.705],[-22.448,75.635],[-22.569,75.553],[-22.737,75.472],[-22.778,75.439],[-22.794,75.358],[-22.735,75.319],[-22.56,75.306],[-22.473,75.253],[-22.534,75.206],[-22.769,75.174],[-22.805,75.12],[-22.802,75.013],[-22.855,74.999],[-22.87,74.957],[-22.785,74.877],[-22.642,74.837],[-22.458,74.747],[-22.359,74.619],[-22.216,74.541],[-22.291,74.48],[-22.586,74.396],[-22.738,74.525],[-22.911,74.579],[-22.985,74.649],[-23.095,74.656],[-23.261,74.567],[-23.368,74.654],[-23.451,74.663],[-23.517,74.641],[-23.532,74.585],[-23.488,74.537],[-23.186,74.441],[-23.1,74.38],[-23.1,74.31],[-23.15,74.275],[-23.348,74.29],[-23.472,74.432],[-23.54,74.465],[-23.635,74.434],[-23.664,74.398],[-23.744,74.37],[-23.827,74.422],[-23.926,74.435],[-24.026,74.394],[-24.078,74.399],[-24.125,74.473],[-24.228,74.498],[-24.271,74.54],[-24.336,74.538],[-24.389,74.504],[-24.496,74.494],[-24.65,74.437],[-24.796,74.44],[-24.916,74.474],[-25.09,74.489],[-25.311,74.534],[-25.46,74.526],[-25.528,74.478],[-25.599,74.472],[-25.66,74.534],[-25.787,74.551],[-25.94,74.513],[-25.992,74.425],[-25.914,74.242],[-25.809,74.251],[-25.661,74.331],[-25.534,74.323],[-25.426,74.246],[-25.318,74.211],[-25.149,74.233],[-25.064,74.275],[-24.94,74.189],[-24.661,74.096],[-24.622,74.017],[-24.545,73.97],[-24.254,73.881],[-24.331,73.834],[-24.65,73.958],[-24.915,73.94],[-25.268,74.011],[-25.336,73.975],[-25.419,73.97],[-25.569,74.033],[-25.612,74.019],[-25.735,74.104],[-25.859,74.119],[-25.936,74.086],[-26.062,73.991],[-26.346,73.914],[-26.46,73.905],[-26.515,73.955],[-26.635,74.019],[-26.275,74.028],[-26.136,74.095],[-26.117,74.155],[-26.07,74.195],[-26.004,74.216],[-26.014,74.286],[-26.226,74.351],[-26.329,74.346],[-26.41,74.313],[-26.436,74.247],[-26.469,74.221],[-26.534,74.229],[-26.525,74.3],[-26.55,74.332],[-26.628,74.341],[-26.718,74.243],[-26.872,74.203],[-26.931,74.11],[-26.95,74.01],[-27.012,74.005],[-26.986,74.111],[-27.042,74.145],[-27.136,74.16],[-27.325,74.135],[-27.503,74.161],[-27.597,74.12],[-27.863,74.136],[-27.962,74.111],[-28.004,73.968],[-27.943,73.937],[-27.856,73.93],[-27.789,73.876],[-27.856,73.779],[-27.915,73.729],[-27.979,73.729],[-28.009,73.758],[-27.984,73.812],[-28.073,73.928],[-28.191,73.963],[-28.87,74.007],[-29.053,73.968],[-29.149,73.904],[-29.162,73.807],[-29.127,73.768],[-29.079,73.744],[-28.984,73.734],[-28.909,73.764],[-28.827,73.771],[-28.725,73.753],[-28.66,73.724],[-28.651,73.663],[-28.592,73.629],[-28.507,73.627],[-28.469,73.577],[-28.482,73.501],[-28.45,73.402],[-28.339,73.327],[-28.261,73.252],[-28.212,73.171],[-28.159,73.146],[-28.085,73.242],[-28.096,73.3],[-27.885,73.402],[-27.67,73.435],[-27.459,73.42],[-27.282,73.3],[-27.405,73.232],[-27.524,73.226],[-27.704,73.257],[-27.748,73.142],[-27.695,73.098],[-27.626,73.073],[-27.598,72.988],[-27.775,72.957],[-27.775,72.921],[-27.688,72.877],[-27.477,72.84],[-27.375,72.757],[-27.366,72.741],[-27.538,72.659],[-27.558,72.571],[-27.38,72.414],[-27.32,72.415],[-27.29,72.437],[-27.278,72.483],[-27.309,72.544],[-27.214,72.594],[-27.022,72.583],[-26.849,72.608],[-26.705,72.653],[-26.575,72.64],[-26.494,72.565],[-26.352,72.535],[-26.177,72.546],[-26.225,72.471],[-26.619,72.434],[-26.674,72.405],[-26.741,72.306],[-26.736,72.253],[-26.664,72.177],[-26.663,72.093],[-26.698,72.078],[-26.74,72.078],[-26.793,72.144],[-26.791,72.306],[-26.863,72.342],[-26.969,72.345],[-27.009,72.327],[-27.044,72.279],[-27.082,72.269],[-27.363,72.281],[-27.433,72.153],[-27.487,72.108],[-27.5,72.048],[-27.479,71.993],[-27.586,71.977],[-27.954,72.08],[-28.113,72.062],[-28.26,72.07],[-28.503,72.159],[-28.564,72.208],[-28.798,72.256],[-28.885,72.218],[-29.141,72.161],[-29.192,72.083],[-29.16,72.03],[-29.165,71.911],[-29.123,71.83],[-29.062,71.807],[-28.902,71.785],[-28.892,71.73],[-28.823,71.7],[-28.721,71.695],[-28.67,71.652],[-28.73,71.608],[-28.836,71.575],[-29.074,71.529],[-29.1,71.503],[-29.124,71.382],[-29.151,71.336],[-29.253,71.29],[-29.389,71.288],[-29.439,71.229],[-29.389,71.179],[-29.37,71.126],[-29.376,71.081],[-29.269,71.012],[-28.887,71.049],[-28.684,71.024],[-28.582,70.935],[-28.432,70.901],[-28.382,70.871],[-28.377,70.805],[-28.455,70.77],[-28.595,70.782],[-28.787,70.73],[-28.861,70.744],[-29.115,70.741],[-29.175,70.652],[-29.138,70.614],[-29.083,70.599],[-29.061,70.561],[-29.24,70.485],[-29.307,70.413],[-29.349,70.437],[-29.306,70.496],[-29.341,70.6],[-29.426,70.623],[-29.611,70.579],[-29.677,70.485],[-29.74,70.466],[-29.901,70.534],[-29.972,70.598],[-30.043,70.61],[-30.095,70.602],[-30.112,70.53],[-30.106,70.299],[-30.063,70.207],[-29.992,70.183],[-29.934,70.23],[-29.818,70.272],[-29.758,70.261],[-29.737,70.195],[-29.646,70.173],[-29.576,70.202],[-29.528,70.305],[-29.451,70.324],[-29.425,70.256],[-29.349,70.206],[-29.071,70.166],[-28.994,70.104],[-29.17,70.087],[-29.238,70.064],[-29.268,69.97],[-29.201,69.926],[-28.734,69.855],[-28.651,69.917],[-28.594,69.904],[-28.526,69.857],[-28.43,69.87],[-28.328,69.982],[-28.268,69.947],[-28.253,69.915],[-28.067,69.873],[-27.97,69.871],[-27.82,69.944],[-27.704,69.897],[-27.604,69.88],[-27.344,69.918],[-27.208,69.977],[-27.105,69.974],[-27.063,69.913],[-27.001,69.871],[-26.921,69.854],[-26.9,69.937],[-26.957,69.982],[-27.027,70.007],[-27.08,70.069],[-27.047,70.092],[-26.83,70.14],[-26.758,70.115],[-26.713,70.05],[-26.636,70.033],[-26.498,70.04],[-26.423,70.008],[-26.368,70.029],[-26.352,70.051],[-26.161,70.064],[-25.929,70.106],[-25.871,70.17],[-25.8,70.216],[-25.725,70.256],[-25.598,70.287],[-25.356,70.198],[-25.259,70.217],[-25.081,70.196],[-25.026,70.154],[-25.032,70.109],[-24.975,70.046],[-24.926,70.06],[-24.898,70.134],[-24.95,70.181],[-24.921,70.218],[-24.84,70.243],[-23.864,70.085],[-23.337,70.044],[-23.087,70.047],[-22.997,69.998],[-23.076,69.985],[-23.242,69.996],[-23.351,69.98],[-23.47,69.931],[-23.832,69.957],[-23.913,69.933],[-23.978,69.943],[-24.066,70.005],[-24.151,70.028],[-24.203,70.077],[-24.269,70.085],[-24.365,70.033],[-24.384,69.962],[-24.431,69.928],[-24.552,69.904],[-24.662,69.826],[-24.788,69.811],[-24.836,69.778],[-25.036,69.733],[-25.134,69.731],[-25.202,69.796],[-25.321,69.824],[-25.587,69.823],[-25.626,69.748],[-25.601,69.667],[-25.646,69.624],[-25.837,69.7],[-25.874,69.741],[-25.899,69.811],[-26.1,69.822],[-26.17,69.797],[-26.15,69.727],[-26.201,69.674],[-26.44,69.639],[-26.507,69.562],[-26.499,69.489],[-26.423,69.485],[-26.338,69.426],[-26.24,69.334],[-26.207,69.247],[-26.245,69.182],[-26.303,69.182],[-26.341,69.257],[-26.441,69.285],[-26.509,69.274],[-26.575,69.195],[-26.517,69.113],[-26.473,69.087],[-26.472,69.007],[-26.528,68.94],[-26.519,68.87],[-26.427,68.857],[-26.372,68.93],[-26.371,68.985],[-26.334,69.068],[-26.282,69.066],[-26.217,68.989],[-26.135,68.987],[-26.095,69.113],[-26.029,69.162],[-26.01,69.255],[-26.021,69.314],[-26.003,69.36],[-25.941,69.343],[-25.941,69.272],[-25.899,69.201],[-25.791,69.176],[-25.736,69.112],[-25.758,69.036],[-25.806,69.001],[-25.85,69.062],[-25.935,69.047],[-25.944,68.943],[-26.017,68.867],[-26.264,68.875],[-26.332,68.81],[-26.661,68.766],[-26.819,68.762],[-26.881,68.725],[-27.033,68.687],[-27.08,68.703],[-27.197,68.824],[-27.224,68.909],[-27.172,68.952],[-27.104,68.925],[-26.892,68.908],[-26.797,68.905],[-26.753,68.921],[-26.716,68.945],[-26.705,69.059],[-26.761,69.118],[-26.828,69.155],[-26.936,69.185],[-27.117,69.143],[-27.516,69.158],[-27.772,69.139],[-27.83,69.15],[-27.891,69.14],[-27.934,69.079],[-27.959,69.08],[-27.975,69.155],[-28.102,69.197],[-28.288,69.123],[-28.39,69.142],[-28.42,69.232],[-28.521,69.26],[-28.645,69.222],[-28.751,69.244],[-28.811,69.319],[-29.023,69.379],[-29.074,69.326],[-28.997,69.258],[-29.056,69.205],[-29.125,69.274],[-29.194,69.307],[-29.262,69.278],[-29.318,69.287],[-29.392,69.354],[-29.408,69.449],[-29.508,69.514],[-29.579,69.522],[-29.634,69.454],[-29.549,69.368],[-29.587,69.275],[-29.776,69.347],[-29.859,69.303],[-29.904,69.189],[-29.869,69.043],[-29.914,68.98],[-30.111,68.897],[-30.168,68.909],[-30.234,68.89],[-30.402,68.786],[-30.427,68.753],[-30.424,68.676],[-30.392,68.655],[-30.256,68.627],[-30.144,68.547],[-30.048,68.569],[-29.981,68.56],[-29.923,68.514],[-29.931,68.439],[-30.145,68.362],[-30.267,68.339],[-30.324,68.283],[-30.305,68.22],[-30.331,68.202],[-30.411,68.268],[-30.508,68.304],[-30.473,68.354],[-30.363,68.374],[-30.338,68.463],[-30.427,68.531],[-30.659,68.61],[-30.756,68.6],[-30.803,68.571],[-30.817,68.495],[-30.76,68.342],[-30.789,68.234],[-30.759,68.179],[-30.811,68.152],[-30.887,68.175],[-30.934,68.218],[-30.939,68.281],[-31.003,68.304],[-31.084,68.269],[-31.165,68.258],[-31.334,68.287],[-31.393,68.338],[-31.456,68.352],[-31.501,68.314],[-31.563,68.307],[-31.819,68.32],[-31.887,68.346],[-31.888,68.427],[-31.718,68.462],[-31.654,68.516],[-31.602,68.504],[-31.573,68.443],[-31.511,68.431],[-31.484,68.445],[-31.468,68.465],[-31.459,68.559],[-31.497,68.623],[-31.554,68.661],[-31.651,68.684],[-31.699,68.645],[-31.887,68.676],[-31.973,68.675],[-32.059,68.602],[-32.062,68.525],[-32.089,68.48],[-32.261,68.56],[-32.399,68.712],[-32.458,68.802],[-32.493,68.98],[-32.591,68.995],[-32.663,68.941],[-32.672,68.857],[-32.629,68.777],[-32.597,68.522],[-32.668,68.457],[-32.747,68.496],[-32.823,68.491],[-32.85,68.459],[-32.898,68.295],[-32.893,68.25],[-32.872,68.22],[-32.824,68.204],[-32.735,68.255],[-32.633,68.242],[-32.481,68.319],[-32.422,68.286],[-32.456,68.227],[-32.39,68.148],[-32.229,68.118],[-32.164,68.036],[-32.199,67.992],[-32.239,67.96],[-32.329,67.927],[-32.579,67.872],[-32.773,67.782],[-32.906,67.747],[-33.208,67.78],[-33.244,67.75],[-33.243,67.695],[-33.33,67.632],[-33.484,67.569],[-33.561,67.463],[-33.593,67.355],[-33.696,67.301],[-33.86,67.293],[-33.917,67.21],[-33.88,67.13],[-33.923,67.073],[-33.994,67.057],[-34.047,67.013],[-34.095,66.855],[-34.17,66.769],[-34.386,66.795],[-34.481,66.75],[-34.517,66.716],[-34.551,66.632],[-34.556,66.547],[-34.626,66.527],[-34.691,66.601],[-34.721,66.676],[-34.661,66.749],[-34.653,66.795],[-34.715,66.823],[-34.792,66.807],[-34.875,66.756],[-34.905,66.707],[-34.907,66.649],[-34.929,66.601],[-34.963,66.557],[-35.036,66.506],[-35.268,66.453],[-35.291,66.396],[-35.39,66.399],[-35.597,66.532],[-35.578,66.59],[-35.589,66.629],[-35.704,66.67],[-35.768,66.735],[-35.848,66.757],[-35.961,66.731],[-36.084,66.81],[-36.155,66.815],[-36.212,66.767],[-36.273,66.782],[-36.252,66.841],[-36.331,66.915],[-36.488,66.962],[-36.631,66.978],[-36.847,66.956],[-36.864,66.899],[-36.985,66.818],[-37.017,66.761],[-37.005,66.703],[-37.049,66.679],[-37.161,66.713],[-37.185,66.763],[-37.245,66.779],[-37.313,66.746],[-37.521,66.758],[-37.606,66.745],[-37.635,66.71],[-37.65,66.64],[-37.615,66.541],[-37.661,66.502],[-37.726,66.597],[-37.803,66.609],[-37.84,66.515],[-37.996,66.516],[-38.068,66.553],[-38.204,66.567],[-38.262,66.549],[-38.31,66.452],[-38.215,66.357],[-38.154,66.321],[-38.138,66.191],[-38.237,66.092],[-38.47,66.033],[-38.481,66.001],[-38.52,66.01],[-38.49,65.975],[-38.501,65.94],[-38.454,65.843],[-38.484,65.778],[-38.624,65.796],[-38.768,65.746],[-38.824,65.68],[-38.933,65.639],[-39.104,65.702],[-39.17,65.754],[-39.309,65.804],[-39.513,65.713],[-39.576,65.723],[-39.675,65.71],[-39.799,65.645],[-40.074,65.606],[-40.15,65.572],[-40.149,65.556],[-40.174,65.556],[-40.192,65.523],[-40.145,65.509],[-40.139,65.433],[-39.98,65.357],[-39.989,65.24],[-40.101,65.182],[-40.199,65.096],[-40.285,65.082],[-40.36,65.114],[-40.647,65.169],[-40.894,65.128],[-41.047,65.139],[-41.134,65.088],[-41.135,64.905],[-41.079,64.845],[-40.962,64.786],[-40.676,64.684],[-40.625,64.601],[-40.621,64.499],[-40.708,64.428],[-41.02,64.355],[-41.312,64.398],[-41.429,64.461],[-41.541,64.446],[-41.57,64.341],[-41.543,64.297],[-41.581,64.298],[-41.535,64.285],[-41.469,64.177],[-40.956,64.073],[-40.879,64.124],[-40.797,64.131],[-40.72,64.107],[-40.695,64.047],[-40.766,63.998],[-40.754,63.912],[-40.648,63.841],[-40.707,63.747],[-40.849,63.734],[-41.197,63.798],[-41.473,63.899],[-41.568,63.868],[-41.606,63.839],[-41.766,63.86],[-41.823,63.846],[-41.845,63.754],[-41.788,63.691],[-41.709,63.669],[-41.635,63.698],[-41.415,63.691],[-41.384,63.63],[-41.553,63.56],[-41.801,63.589],[-41.924,63.587],[-41.967,63.562],[-42.019,63.48],[-41.97,63.383],[-41.924,63.352],[-41.948,63.297],[-42.05,63.318],[-42.15,63.295],[-42.217,63.231],[-42.221,63.107],[-42.111,62.992],[-42.089,62.896],[-42.132,62.865],[-42.208,62.878],[-42.265,62.971],[-42.397,62.981],[-42.641,62.896],[-42.778,62.774],[-42.867,62.8],[-42.854,62.88],[-42.875,62.955],[-42.96,62.995],[-43.041,62.961],[-43.048,62.875],[-43.119,62.838],[-43.225,62.85],[-43.249,62.765],[-43.186,62.677],[-43.096,62.633],[-42.776,62.594],[-42.833,62.556],[-43.194,62.574],[-43.213,62.506],[-42.997,62.414],[-42.828,62.4],[-42.731,62.375],[-42.631,62.32],[-42.433,62.305],[-42.378,62.285],[-42.367,62.165],[-42.462,62.059],[-42.464,61.964],[-42.381,61.952],[-42.341,61.86],[-42.394,61.798],[-42.478,61.773],[-42.628,61.79],[-42.757,61.83],[-42.815,61.755],[-42.72,61.701],[-42.582,61.678],[-42.527,61.651],[-42.56,61.608],[-42.768,61.588],[-43.01,61.622],[-43.033,61.526],[-42.968,61.502],[-42.763,61.492],[-42.612,61.427],[-42.628,61.385],[-42.684,61.361],[-42.911,61.372],[-43.158,61.358],[-43.168,61.295],[-43.08,61.291],[-43.033,61.255],[-43.041,61.204],[-43.114,61.157],[-43.256,61.152],[-43.307,61.094],[-43.207,61.065],[-43.151,61.077],[-42.951,61.003],[-42.914,60.952],[-43.116,60.938],[-43.146,60.952],[-43.33,60.953],[-43.386,60.967],[-43.45,60.95],[-43.497,60.891],[-43.463,60.8],[-43.329,60.765],[-43.281,60.691],[-43.296,60.632],[-43.377,60.602],[-43.606,60.678],[-43.674,60.734],[-43.764,60.725],[-43.822,60.655],[-44.096,60.649],[-44.156,60.568],[-43.873,60.421],[-43.632,60.451],[-43.559,60.4],[-43.589,60.338],[-43.5,60.292],[-43.347,60.276],[-43.374,60.181],[-43.851,60.229],[-43.934,60.296],[-43.974,60.407],[-44.022,60.42],[-44.216,60.413],[-44.262,60.443],[-44.449,60.621],[-44.497,60.702],[-44.518,60.785],[-44.561,60.833],[-44.682,60.828],[-44.85,60.958],[-44.812,61.013],[-44.699,61.019],[-44.654,61.126],[-44.7,61.295],[-44.734,61.409],[-44.927,61.44],[-45.013,61.523],[-45.122,61.537],[-45.347,61.502],[-45.427,61.473],[-45.506,61.477],[-45.56,61.511],[-45.747,61.51],[-45.913,61.447],[-46.019,61.378],[-46.288,61.158],[-46.498,61.089],[-46.885,61.044],[-47.26,61.078],[-47.576,61.079],[-47.653,61.141],[-47.669,61.217],[-47.725,61.308],[-47.835,61.412],[-47.847,61.539],[-47.768,61.615],[-47.785,61.713],[-47.931,61.727],[-48.039,61.788],[-48.037,61.924],[-48.133,62.002],[-48.523,62.017],[-48.743,62.169],[-49.081,62.35],[-49.217,62.466],[-49.3,62.587],[-49.391,62.629],[-49.513,62.629],[-49.551,62.663],[-49.787,62.562],[-49.855,62.502],[-49.962,62.476],[-50.084,62.49],[-50.092,62.577],[-49.853,62.604],[-49.799,62.684],[-49.722,62.733],[-49.588,62.769],[-49.516,62.875],[-49.459,63.022],[-49.469,63.066],[-49.333,63.212],[-49.36,63.252],[-49.253,63.327],[-49.25,63.401],[-49.419,63.494],[-49.575,63.505],[-49.669,63.565],[-50.03,63.559],[-50.177,63.571],[-50.247,63.521],[-50.343,63.513],[-50.447,63.543],[-50.481,63.606],[-50.466,63.64],[-50.447,63.669],[-50.175,63.705],[-49.918,63.734],[-49.816,63.708],[-49.753,63.73],[-49.734,63.795],[-49.533,63.937],[-49.439,64.242],[-49.369,64.242],[-49.208,64.281],[-49.155,64.31],[-49.137,64.404],[-49.175,64.439],[-49.309,64.479],[-49.349,64.51],[-49.379,64.551],[-49.413,64.677],[-49.533,64.815],[-49.599,64.856],[-49.856,64.96],[-49.852,65.036],[-49.805,65.062],[-49.74,65.144],[-49.819,65.255],[-50.179,65.339],[-50.209,65.417],[-50.142,65.505],[-50.159,65.618],[-50.208,65.653],[-50.553,65.753],[-50.686,65.831],[-50.807,65.854],[-51.594,65.891],[-51.652,65.925],[-51.694,65.979],[-51.634,66.047],[-51.513,66.106],[-51.295,66.149],[-51.07,66.133],[-50.721,66.08],[-50.505,66.084],[-50.446,66.13],[-50.317,66.142],[-50.276,66.132],[-50.226,66.087],[-50.203,66.022],[-50.114,65.995],[-49.995,66.042],[-49.738,66.09],[-49.681,66.153],[-49.672,66.217],[-49.608,66.282],[-49.499,66.351],[-49.467,66.532],[-49.504,66.656],[-49.588,66.735],[-49.724,66.799],[-49.802,66.934],[-49.789,66.984],[-49.827,67.021],[-49.931,66.972],[-50.102,67.102],[-50.099,67.161],[-50.011,67.183],[-49.906,67.242],[-49.797,67.347],[-49.771,67.455],[-49.809,67.516],[-49.848,67.838],[-50.114,67.969],[-50.314,68.114],[-50.463,68.199],[-50.808,68.347],[-50.644,68.432],[-50.444,68.604],[-50.364,68.688],[-50.286,68.808],[-50.274,68.89],[-49.983,68.924],[-49.916,69.011],[-49.921,69.115],[-49.954,69.152],[-50.059,69.225],[-50.088,69.284],[-50.153,69.326],[-50.243,69.354],[-50.255,69.423],[-50.154,69.487],[-50.103,69.579],[-50.074,69.686],[-50.101,69.801],[-50.231,69.971],[-50.221,70.01],[-50.301,70.202],[-50.342,70.25],[-50.426,70.436],[-50.413,70.503],[-50.511,70.654],[-50.56,70.763],[-50.768,70.912],[-50.826,71.033],[-50.931,71.141],[-51.112,71.188],[-51.186,71.264],[-51.175,71.341],[-51.246,71.398],[-51.299,71.408],[-51.366,71.477],[-51.382,71.594],[-51.465,71.639],[-51.578,71.58],[-51.652,71.608],[-51.623,71.663],[-51.637,71.732],[-51.698,71.781],[-51.847,71.781],[-52.063,71.697],[-52.251,71.7],[-52.616,71.757],[-52.661,71.818],[-52.618,71.872],[-52.603,71.926],[-52.643,71.963],[-52.617,71.989],[-52.481,72.009],[-52.356,72.065],[-52.269,72.162],[-52.31,72.217],[-52.433,72.167],[-52.529,72.197],[-52.636,72.185],[-52.833,72.078],[-53.03,72.002],[-53.176,71.915],[-53.244,71.953],[-53.247,71.983],[-53.242,72.011],[-53.195,72.041],[-53.139,72.051],[-53.147,72.103],[-53.219,72.102],[-53.445,72.151],[-53.517,72.231],[-53.55,72.395],[-53.584,72.428],[-53.681,72.452],[-53.728,72.51],[-53.729,72.581],[-53.799,72.658],[-53.955,72.687],[-54.25,72.783],[-54.547,72.84],[-54.625,72.88],[-54.685,72.94],[-54.75,73.058],[-54.948,73.09],[-55.009,73.127],[-55.011,73.208],[-55.06,73.244],[-55.072,73.303],[-55.06,73.386],[-55.12,73.464],[-55.256,73.478],[-55.347,73.511],[-55.419,73.602],[-55.478,73.616],[-55.486,73.658],[-55.417,73.693],[-55.459,73.793],[-55.705,73.939],[-55.774,73.955],[-56.022,74.167],[-56.08,74.245],[-56.105,74.353],[-56.083,74.542],[-56.152,74.618],[-56.606,74.686],[-56.706,74.652],[-56.801,74.672],[-56.871,74.695],[-56.933,74.733],[-56.986,74.787],[-57.072,74.84],[-57.191,74.894],[-57.365,74.945],[-57.813,75.04],[-57.967,75.105],[-58.109,75.205],[-58.18,75.247],[-58.253,75.279],[-58.269,75.283],[-58.269,75.283],[-58.154,75.43],[-57.937,75.452],[-57.8,75.542],[-57.785,75.56],[-57.788,75.604],[-57.926,75.62],[-58.135,75.596],[-58.164,75.605],[-58.203,75.652],[-58.41,75.744],[-58.545,75.778],[-58.626,75.78],[-58.779,75.752],[-58.817,75.726],[-58.881,75.73],[-59.082,75.765],[-59.264,75.819],[-59.445,75.859],[-59.717,75.896],[-60.173,75.993],[-60.875,76.097],[-61.188,76.158],[-61.375,76.18],[-61.621,76.186],[-62.097,76.242],[-62.496,76.26],[-62.743,76.252],[-62.823,76.262],[-63.006,76.319],[-63.291,76.352],[-63.439,76.339],[-63.622,76.278],[-63.843,76.217],[-63.96,76.209],[-64.135,76.264],[-64.223,76.303],[-64.307,76.317],[-64.387,76.304],[-64.543,76.253],[-64.692,76.216],[-64.912,76.173],[-65.088,76.152],[-65.313,76.146],[-65.37,76.131],[-65.457,76.13],[-65.574,76.144],[-65.683,76.173],[-65.785,76.215],[-65.876,76.238],[-65.954,76.242],[-66.134,76.22],[-66.362,76.155],[-66.466,76.139],[-66.553,76.146],[-66.66,76.166],[-66.874,76.218],[-66.993,76.213],[-67.079,76.195],[-67.055,76.152],[-66.854,76.05],[-66.675,75.977],[-66.826,75.969],[-68.149,76.067],[-68.317,76.091],[-68.467,76.127],[-68.43,76.256],[-68.409,76.336],[-68.266,76.426],[-68.11,76.495],[-67.734,76.583],[-67.269,76.523],[-67.138,76.53],[-67.087,76.613],[-67.089,76.709],[-67.053,76.784],[-66.973,76.813],[-66.988,76.89],[-67.081,76.871],[-67.337,76.86],[-67.578,76.821],[-67.892,76.734],[-68.143,76.777],[-68.234,76.782],[-68.351,76.751],[-68.422,76.79],[-68.497,76.765],[-68.56,76.772],[-68.651,76.828],[-68.745,76.777],[-68.95,76.775],[-69.068,76.785],[-69.189,76.828],[-69.258,76.882],[-69.271,76.942],[-69.341,76.979],[-69.456,76.998],[-69.651,77.099],[-69.784,77.118],[-69.862,77.099],[-70.218,76.932],[-70.356,76.904],[-70.458,76.902],[-70.539,76.905],[-70.578,76.97],[-70.629,76.999],[-70.906,77.019],[-70.962,77.056],[-70.954,77.086],[-70.721,77.082],[-70.548,77.148],[-70.295,77.179],[-68.892,77.132],[-68.564,77.031],[-68.476,77.058],[-67.574,77.09],[-67.504,77.11],[-67.326,77.065],[-67.083,77.034],[-66.869,76.917],[-66.777,76.9],[-66.606,76.917],[-66.441,76.891],[-66.224,76.924],[-65.938,77.023],[-65.829,77.019],[-65.615,77.044],[-65.528,77.147],[-65.464,77.193],[-65.351,77.239],[-65.196,77.39],[-65.142,77.456],[-65.155,77.508],[-65.127,77.566],[-65.133,77.602],[-65.227,77.642],[-65.282,77.646],[-65.366,77.628],[-65.402,77.573],[-65.459,77.558],[-65.494,77.619],[-65.56,77.629],[-65.613,77.598],[-65.678,77.599],[-65.737,77.647],[-66.111,77.742],[-66.231,77.677],[-66.316,77.679],[-66.375,77.738],[-66.481,77.774],[-67.368,77.717],[-67.52,77.729],[-67.657,77.669],[-67.714,77.627],[-67.831,77.593],[-67.938,77.618],[-68.037,77.618],[-68.131,77.596],[-68.242,77.641],[-68.287,77.709],[-68.422,77.806],[-68.507,77.776],[-68.574,77.729],[-68.68,77.751],[-68.75,77.742],[-68.806,77.694],[-68.826,77.634],[-68.805,77.577],[-68.972,77.533],[-69.129,77.529],[-69.28,77.544],[-69.375,77.614],[-69.252,77.627],[-69.056,77.61],[-69.003,77.624],[-69.004,77.729],[-69.072,77.759],[-69.247,77.78],[-69.527,77.855],[-69.683,77.933],[-69.825,77.939],[-69.875,77.83],[-69.948,77.779],[-69.992,77.838],[-70.118,77.889],[-70.329,77.926],[-70.509,77.939],[-70.656,77.866],[-70.839,77.86],[-70.885,77.905],[-70.889,77.942],[-70.924,77.996],[-71.025,77.944],[-71.048,77.894],[-71.136,77.867],[-71.211,77.928],[-71.379,77.93],[-71.786,77.996],[-71.919,77.969],[-72.043,77.99],[-72.207,78.034],[-72.347,78.114],[-72.342,78.176],[-72.278,78.201],[-72.021,78.277],[-71.886,78.292],[-71.579,78.299],[-71.549,78.313],[-71.0,78.314],[-70.25,78.292],[-69.876,78.257],[-69.331,78.268],[-68.993,78.326],[-68.367,78.402],[-66.953,78.541],[-66.89,78.566],[-66.879,78.642],[-66.949,78.712],[-66.89,78.781],[-66.519,78.84],[-66.05,78.853],[-65.981,78.872],[-65.83,79.053],[-65.807,79.111],[-65.817,79.177],[-65.56,79.276],[-65.42,79.34],[-65.288,79.437],[-65.117,79.589],[-64.989,79.737],[-64.905,79.881],[-64.867,79.932],[-64.599,79.939],[-64.459,79.924],[-64.315,79.872],[-63.375,79.905],[-62.4,79.896],[-62.101,79.952],[-61.09,79.888],[-60.732,79.936],[-60.447,79.997],[-60.065,79.977],[-59.951,80.045],[-59.856,80.066],[-59.147,80.12],[-59.044,80.143],[-58.983,80.258],[-59.091,80.304],[-59.314,80.332],[-59.543,80.407],[-60.129,80.523],[-60.703,80.663],[-60.937,80.749],[-61.175,80.9],[-61.297,80.93],[-61.378,80.877],[-61.403,80.836],[-61.6,80.788],[-61.656,80.758],[-61.761,80.755],[-61.913,80.781],[-62.066,80.775],[-62.211,80.744],[-62.341,80.767],[-62.484,80.932],[-62.631,80.955],[-62.752,80.918],[-62.828,80.932],[-62.876,80.983],[-62.841,81.031],[-62.758,81.063],[-62.634,81.082],[-62.462,81.082],[-62.164,81.045],[-61.846,81.043],[-61.668,81.012],[-61.542,81.018],[-61.367,81.076],[-60.705,81.111],[-60.469,81.182],[-60.357,81.196],[-60.252,81.263],[-60.151,81.285],[-60.018,81.285],[-59.574,81.335],[-59.097,81.351],[-58.789,81.338],[-58.653,81.278],[-58.504,81.27],[-58.181,81.293],[-57.668,81.28],[-57.547,81.27],[-57.477,81.214],[-57.318,81.204],[-57.084,81.234],[-56.923,81.228],[-56.841,81.249],[-56.509,81.184],[-56.414,81.233],[-56.265,81.228],[-55.878,81.118],[-55.102,81.147],[-54.801,81.12],[-54.546,81.124],[-54.073,81.154],[-53.71,81.217],[-53.455,81.143],[-53.291,81.122],[-53.112,81.145],[-53.055,81.209],[-53.094,81.278],[-53.128,81.297],[-53.116,81.398],[-53.054,81.456],[-52.963,81.494],[-52.868,81.465],[-52.903,81.362],[-52.864,81.305],[-52.832,81.29],[-52.112,81.196],[-51.25,81.239],[-51.027,81.28],[-50.866,81.283],[-50.744,81.239],[-50.638,81.231],[-50.556,81.249],[-49.592,81.264],[-49.443,81.289],[-49.334,81.403],[-49.361,81.51],[-49.553,81.636],[-49.578,81.703],[-49.648,81.73],[-49.865,81.743],[-50.319,81.808],[-50.353,81.857],[-50.308,81.859],[-49.974,81.845],[-49.938,81.83],[-49.446,81.876],[-48.994,81.655],[-48.867,81.558],[-48.332,81.397],[-48.108,81.348],[-47.978,81.343],[-47.904,81.361],[-47.823,81.425],[-47.717,81.415],[-47.327,81.438],[-46.807,81.509],[-46.708,81.476],[-46.571,81.515],[-46.392,81.598],[-46.259,81.557],[-46.193,81.475],[-45.951,81.451],[-45.297,81.52],[-45.15,81.553],[-45.059,81.616],[-45.027,81.695],[-44.929,81.745],[-44.724,81.679],[-44.565,81.738],[-44.485,81.729],[-44.521,81.641],[-44.396,81.581],[-44.322,81.595],[-44.252,81.675],[-44.298,81.746],[-44.248,81.787],[-44.16,81.803],[-44.072,81.791],[-44.008,81.731],[-43.854,81.67],[-43.73,81.655],[-43.614,81.668],[-43.535,81.768],[-43.61,81.807],[-43.632,81.862],[-43.649,81.973],[-43.606,82.047],[-43.675,82.136],[-43.619,82.211],[-43.473,82.246],[-43.352,82.247],[-43.168,82.145],[-43.129,82.088],[-43.02,82.085],[-42.872,82.138],[-42.411,82.162],[-42.369,82.253],[-42.414,82.287],[-42.925,82.331],[-43.16,82.333],[-43.312,82.302],[-43.442,82.311],[-43.535,82.373],[-43.725,82.438],[-44.243,82.531],[-44.353,82.587],[-44.451,82.607],[-44.504,82.653],[-44.627,82.671],[-44.931,82.666],[-45.04,82.71],[-43.284,82.72],[-42.72,82.698],[-42.319,82.658],[-42.169,82.628],[-41.928,82.534],[-41.821,82.47],[-41.73,82.441],[-41.599,82.426],[-41.511,82.378],[-41.406,82.391],[-41.402,82.453],[-41.476,82.493],[-41.508,82.561],[-41.52,82.637],[-41.428,82.667],[-41.279,82.611],[-40.971,82.547],[-41.03,82.447],[-41.257,82.444],[-41.341,82.368],[-41.279,82.319],[-40.997,82.302],[-40.668,82.353],[-40.297,82.251],[-40.33,82.162],[-40.254,82.11],[-40.202,82.1],[-40.114,82.094],[-39.88,82.144],[-39.827,82.189],[-39.813,82.258],[-39.71,82.27],[-39.388,82.177],[-39.199,82.085],[-38.957,82.104],[-38.729,82.2],[-38.653,82.2],[-38.528,82.154],[-38.367,82.127],[-37.967,82.124],[-37.803,82.075],[-37.51,82.048],[-37.403,82.023],[-37.309,81.991],[-37.241,81.925],[-37.123,81.879],[-36.694,81.892],[-36.714,81.812],[-36.899,81.789],[-36.943,81.679],[-36.89,81.658],[-36.675,81.624],[-36.361,81.616],[-36.205,81.638],[-36.094,81.702],[-36.021,81.699],[-36.002,81.633],[-35.869,81.571],[-35.747,81.564],[-35.491,81.59],[-35.361,81.66],[-35.177,81.721],[-34.865,81.757],[-34.721,81.699],[-34.798,81.645],[-34.774,81.542],[-34.637,81.47],[-34.365,81.436],[-33.753,81.454],[-33.694,81.413],[-33.637,81.413],[-33.599,81.489],[-33.377,81.466],[-33.281,81.419],[-33.118,81.401],[-33.032,81.487],[-32.863,81.547],[-32.615,81.589],[-32.25,81.618],[-32.15,81.61],[-32.078,81.542],[-32.133,81.523],[-32.139,81.462],[-32.116,81.428],[-32.089,81.401],[-31.975,81.362],[-31.808,81.374],[-31.72,81.438],[-31.729,81.521],[-31.673,81.564],[-31.483,81.437],[-31.101,81.338],[-30.919,81.323],[-30.799,81.36],[-30.718,81.356],[-30.658,81.322],[-30.098,81.32],[-28.616,81.395],[-28.111,81.389],[-28.712,81.286],[-29.191,81.247],[-29.228,81.233],[-29.268,81.171],[-29.233,81.091],[-29.109,81.057],[-28.929,81.075],[-28.842,81.123],[-28.701,81.144],[-28.605,81.129],[-28.532,81.101],[-28.46,81.028],[-28.433,80.904],[-28.403,80.887],[-28.36,80.878],[-28.279,80.895],[-28.261,80.932],[-28.201,80.981],[-28.15,80.879],[-28.052,80.862],[-27.934,80.866],[-27.861,80.788],[-27.785,80.755],[-27.52,80.704],[-27.116,80.586],[-27.031,80.505],[-26.662,80.468],[-26.486,80.481],[-26.358,80.542],[-26.246,80.544],[-26.187,80.5],[-26.014,80.485],[-25.796,80.417],[-25.811,80.344],[-25.994,80.31],[-26.016,80.21],[-25.217,80.193],[-24.565,80.113],[-24.33,80.027],[-24.282,79.965],[-24.139,79.876],[-24.112,79.799],[-24.035,79.724],[-23.439,79.533],[-23.329,79.458],[-23.247,79.447],[-23.134,79.469],[-22.997,79.453],[-22.095,79.466],[-21.753,79.533],[-21.495,79.54],[-20.53,79.653],[-20.397,79.749]],[[-21.967,78.429],[-21.967,78.429],[-21.904,78.475],[-21.932,78.544],[-22.229,78.567],[-22.464,78.528],[-22.632,78.566],[-22.843,78.697],[-23.004,78.702],[-23.048,78.636],[-23.25,78.596],[-23.253,78.494],[-23.201,78.456],[-23.045,78.441],[-22.778,78.441],[-22.541,78.476],[-22.405,78.462],[-22.169,78.39],[-22.079,78.396],[-21.967,78.429]],[[-22.807,78.012],[-22.807,78.012],[-22.745,78.063],[-22.763,78.185],[-22.919,78.19],[-23.058,78.219],[-23.171,78.271],[-23.254,78.24],[-23.28,78.182],[-23.374,78.086],[-23.345,78.014],[-23.028,77.959],[-22.887,77.981],[-22.807,78.012]],[[-22.999,76.606],[-22.999,76.606],[-22.965,76.715],[-23.021,76.799],[-23.101,77.003],[-23.279,77.133],[-23.445,77.189],[-23.835,77.285],[-23.96,77.268],[-24.032,77.177],[-24.099,77.158],[-24.175,77.158],[-24.242,77.18],[-24.328,77.285],[-24.376,77.313],[-24.376,77.358],[-24.339,77.404],[-24.397,77.472],[-24.464,77.476],[-24.526,77.459],[-24.56,77.377],[-24.504,77.331],[-24.538,77.26],[-24.62,77.176],[-24.818,77.121],[-24.886,77.148],[-24.913,77.189],[-25.001,77.234],[-25.116,77.165],[-25.155,77.112],[-25.242,77.069],[-25.318,77.069],[-25.387,77.021],[-25.428,76.912],[-25.383,76.852],[-25.315,76.877],[-25.261,76.866],[-25.241,76.823],[-25.153,76.774],[-25.155,76.728],[-25.274,76.704],[-25.337,76.723],[-25.687,76.72],[-25.692,76.635],[-25.643,76.604],[-25.296,76.557],[-25.337,76.506],[-25.468,76.479],[-25.555,76.429],[-25.595,76.368],[-25.701,76.331],[-25.848,76.308],[-25.79,76.199],[-25.674,76.191],[-25.202,76.245],[-25.111,76.19],[-25.055,76.097],[-25.007,75.932],[-24.973,75.893],[-24.876,75.885],[-24.759,75.964],[-24.52,75.996],[-24.392,75.993],[-24.224,76.029],[-24.086,76.091],[-24.024,76.046],[-23.854,76.057],[-23.782,76.093],[-23.75,76.164],[-23.61,76.32],[-23.332,76.448],[-22.999,76.606]],[[-23.853,78.222],[-23.853,78.222],[-23.859,78.158],[-23.812,78.079],[-23.695,78.017],[-23.581,78.012],[-23.539,78.04],[-23.508,78.078],[-23.541,78.218],[-23.631,78.279],[-23.742,78.296],[-23.853,78.222]],[[-27.831,72.639],[-27.831,72.639],[-27.948,72.598],[-27.886,72.416],[-27.651,72.453],[-27.708,72.625],[-27.831,72.639]],[[-29.275,73.605],[-29.275,73.605],[-29.255,73.715],[-29.285,73.756],[-29.331,73.782],[-29.427,73.776],[-29.505,73.723],[-29.683,73.675],[-29.733,73.636],[-29.701,73.532],[-29.633,73.531],[-29.564,73.551],[-29.336,73.575],[-29.275,73.605]],[[-29.321,71.798],[-29.321,71.798],[-29.273,71.883],[-29.329,71.963],[-29.407,72.002],[-29.503,71.997],[-29.682,72.026],[-29.745,72.003],[-29.726,71.896],[-29.596,71.873],[-29.397,71.798],[-29.321,71.798]],[[-30.706,68.947],[-30.706,68.947],[-30.622,69.102],[-30.662,69.154],[-30.805,69.17],[-30.868,69.121],[-30.988,69.132],[-31.031,69.114],[-31.055,69.078],[-31.044,69.023],[-30.985,68.987],[-30.961,68.921],[-30.961,68.837],[-30.932,68.793],[-30.866,68.778],[-30.817,68.796],[-30.761,68.847],[-30.706,68.947]],[[-32.943,68.38],[-32.943,68.38],[-32.891,68.475],[-32.97,68.635],[-33.053,68.657],[-33.145,68.656],[-33.229,68.588],[-33.206,68.52],[-33.235,68.461],[-33.272,68.45],[-33.315,68.442],[-33.422,68.494],[-33.511,68.512],[-33.6,68.488],[-33.624,68.391],[-33.56,68.368],[-33.441,68.414],[-33.383,68.388],[-33.38,68.305],[-33.338,68.256],[-33.204,68.212],[-33.15,68.174],[-33.104,68.194],[-33.131,68.256],[-32.943,68.38]],[[-33.422,67.825],[-33.422,67.825],[-33.412,67.886],[-33.524,67.933],[-33.7,67.95],[-33.837,67.845],[-33.82,67.748],[-33.768,67.716],[-33.703,67.703],[-33.611,67.728],[-33.573,67.778],[-33.422,67.825]],[[-42.352,63.125],[-42.352,63.125],[-42.336,63.23],[-42.351,63.271],[-42.396,63.305],[-42.48,63.316],[-42.581,63.258],[-42.637,63.203],[-42.681,63.125],[-42.67,63.006],[-42.605,62.967],[-42.485,63.002],[-42.412,63.054],[-42.352,63.125]],[[-58.583,80.552],[-58.583,80.552],[-58.567,80.641],[-58.636,80.702],[-58.97,80.653],[-59.02,80.632],[-59.011,80.55],[-58.962,80.528],[-58.774,80.492],[-58.65,80.49],[-58.583,80.552]],[[-59.246,80.629],[-59.246,80.629],[-59.205,80.715],[-59.239,80.805],[-59.307,80.841],[-59.389,80.841],[-59.454,80.862],[-59.497,80.913],[-59.771,80.895],[-59.884,80.934],[-59.941,81.004],[-60.039,81.032],[-60.1,81.022],[-60.139,80.985],[-60.096,80.873],[-59.963,80.806],[-59.555,80.649],[-59.371,80.611],[-59.3,80.615],[-59.246,80.629]]]},"properties":{"id":"NE50-0355","region":"05","areaKm2":1688039.0,"massBalanceMwe":-0.401}},{"type":"Feature","id":"NE50-0356","geometry":{"type":"Polygon","coordinates":[[[-18.036,79.711],[-18.036,79.711],[-18.662,79.72],[-18.771,79.736],[-18.917,79.864],[-18.902,79.907],[-18.889,79.957],[-18.547,80.011],[-17.983,80.055],[-17.471,80.029],[-17.401,79.94],[-17.612,79.826],[-18.036,79.711]]]},"properties":{"id":"NE50-0356","region":"05","areaKm2":850.3,"massBalanceMwe":-0.401}},{"type":"Feature","id":"NE50-0357","geometry":{"type":"Polygon","coordinates":[[[170.919,-43.31],[170.919,-43.31],[170.811,-43.324],[170.767,-43.332],[170.726,-43.346],[170.715,-43.33],[170.721,-43.302],[170.778,-43.291],[170.85,-43.283],[170.908,-43.244],[170.943,-43.189],[170.985,-43.195],[170.96,-43.283],[170.919,-43.31]]]},"properties":{"id":"NE50-0357","region":"18","areaKm2":126.4,"massBalanceMwe":-0.833}},{"type":"Feature","id":"NE50-0358","geometry":{"type":"Polygon","coordinates":[[[170.515,-43.503],[170.515,-43.503],[170.468,-43.519],[170.407,-43.558],[170.358,-43.615],[170.248,-43.626],[170.201,-43.613],[170.157,-43.549],[170.105,-43.525],[170.053,-43.489],[170.089,-43.478],[170.149,-43.481],[170.187,-43.461],[170.231,-43.45],[170.308,-43.483],[170.372,-43.5],[170.451,-43.47],[170.531,-43.437],[170.6,-43.42],[170.652,-43.426],[170.657,-43.453],[170.515,-43.503]]]},"properties":{"id":"NE50-0358","region":"18","areaKm2":456.9,"massBalanceMwe":-0.833}},{"type":"Feature","id":"NE50-0359","geometry":{"type":"Polygon","coordinates":[[[168.646,-44.47],[168.646,-44.47],[168.637,-44.492],[168.599,-44.487],[168.571,-44.47],[168.511,-44.484],[168.442,-44.498],[168.371,-44.484],[168.368,-44.465],[168.382,-44.426],[168.426,-44.426],[168.461,-44.448],[168.525,-44.448],[168.588,-44.423],[168.646,-44.423],[168.646,-44.47]]]},"properties":{"id":"NE50-0359","region":"18","areaKm2":124.6,"massBalanceMwe":-0.833}},{"type":"Feature","id":"NE50-0360","geometry":{"type":"Polygon","coordinates":[[[170.119,-43.692],[170.119,-43.692],[170.064,-43.745],[170.028,-43.758],[170.014,-43.736],[170.028,-43.698],[169.979,-43.681],[169.951,-43.662],[169.962,-43.651],[170.028,-43.662],[170.105,-43.665],[170.119,-43.692]]]},"properties":{"id":"NE50-0360","region":"18","areaKm2":75.4,"massBalanceMwe":-0.833}},{"type":"Feature","id":"NE50-0361","geometry":{"type":"Polygon","coordinates":[[[68.959,-49.627],[68.959,-49.627],[68.906,-49.662],[68.853,-49.649],[68.836,-49.605],[68.871,-49.556],[68.924,-49.539],[68.946,-49.57],[68.959,-49.627]]]},"properties":{"id":"NE50-0361","region":"19","areaKm2":82.5,"massBalanceMwe":-0.351}},{"type":"Feature","id":"NE50-0362","geometry":{"type":"Polygon","coordinates":[[[69.594,-49.517],[69.594,-49.517],[69.647,-49.543],[69.652,-49.601],[69.603,-49.601],[69.524,-49.565],[69.541,-49.521],[69.594,-49.517]]]},"properties":{"id":"NE50-0362","region":"19","areaKm2":62.6,"massBalanceMwe":-0.351}},{"type":"Feature","id":"NE50-0363","geometry":{"type":"Polygon","coordinates":[[[65.36,81.008],[65.36,81.008],[65.372,80.968],[65.437,80.931],[64.998,80.819],[64.548,80.755],[63.374,80.7],[63.188,80.698],[63.002,80.713],[62.76,80.763],[62.52,80.822],[62.593,80.853],[62.819,80.894],[63.116,80.967],[63.615,80.981],[63.856,80.981],[64.096,80.998],[64.166,81.036],[64.21,81.106],[64.256,81.144],[64.31,81.175],[64.575,81.199],[64.802,81.197],[65.028,81.169],[65.172,81.144],[65.31,81.096],[65.382,81.057],[65.36,81.008]]]},"properties":{"id":"NE50-0363","region":"09","areaKm2":1581.2,"massBalanceMwe":-1.097}},{"type":"Feature","id":"NE50-0364","geometry":{"type":"Polygon","coordinates":[[[59.255,80.343],[59.255,80.343],[58.398,80.319],[58.284,80.298],[58.286,80.248],[58.255,80.202],[58.163,80.197],[57.956,80.123],[57.8,80.104],[57.392,80.139],[57.332,80.158],[57.281,80.194],[57.214,80.328],[57.212,80.368],[57.186,80.396],[57.083,80.445],[57.011,80.468],[57.075,80.494],[57.522,80.475],[58.48,80.465],[58.972,80.416],[59.116,80.388],[59.255,80.343]]]},"properties":{"id":"NE50-0364","region":"09","areaKm2":951.1,"massBalanceMwe":-1.097}},{"type":"Feature","id":"NE50-0365","geometry":{"type":"Polygon","coordinates":[[[62.103,80.867],[62.103,80.867],[62.168,80.835],[62.228,80.794],[62.192,80.73],[62.115,80.684],[62.076,80.617],[61.769,80.601],[61.681,80.586],[61.598,80.535],[61.285,80.505],[61.051,80.419],[60.722,80.435],[60.278,80.494],[59.9,80.446],[59.65,80.431],[59.346,80.505],[59.304,80.522],[59.288,80.573],[59.306,80.618],[59.386,80.713],[59.495,80.766],[59.549,80.784],[59.592,80.817],[59.716,80.836],[60.095,80.849],[60.235,80.838],[60.278,80.801],[60.482,80.804],[60.82,80.827],[61.313,80.863],[61.597,80.893],[61.851,80.886],[62.103,80.867]]]},"properties":{"id":"NE50-0365","region":"09","areaKm2":1972.9,"massBalanceMwe":-1.097}},{"type":"Feature","id":"NE50-0366","geometry":{"type":"Polygon","coordinates":[[[55.353,80.318],[55.353,80.318],[55.435,80.302],[55.48,80.274],[55.195,80.227],[55.048,80.228],[54.98,80.256],[55.092,80.296],[55.24,80.325],[55.353,80.318]]]},"properties":{"id":"NE50-0366","region":"09","areaKm2":63.4,"massBalanceMwe":-1.097}},{"type":"Feature","id":"NE50-0367","geometry":{"type":"Polygon","coordinates":[[[59.313,81.305],[59.313,81.305],[59.097,81.292],[58.719,81.314],[58.61,81.337],[58.634,81.36],[58.881,81.392],[59.075,81.398],[59.281,81.366],[59.375,81.325],[59.313,81.305]]]},"properties":{"id":"NE50-0367","region":"09","areaKm2":102.5,"massBalanceMwe":-1.097}},{"type":"Feature","id":"NE50-0368","geometry":{"type":"Polygon","coordinates":[[[54.205,80.562],[54.205,80.562],[54.407,80.54],[54.437,80.499],[54.415,80.473],[54.276,80.421],[53.812,80.476],[53.85,80.504],[53.9,80.515],[53.902,80.542],[53.859,80.563],[53.877,80.605],[54.177,80.574],[54.205,80.562]]]},"properties":{"id":"NE50-0368","region":"09","areaKm2":144.3,"massBalanceMwe":-1.097}},{"type":"Feature","id":"NE50-0369","geometry":{"type":"Polygon","coordinates":[[[60.827,80.93],[60.827,80.93],[60.321,80.955],[60.058,80.985],[60.078,80.999],[60.148,81.017],[60.587,81.088],[61.457,81.104],[61.567,81.05],[61.472,81.011],[61.141,80.95],[60.827,80.93]]]},"properties":{"id":"NE50-0369","region":"09","areaKm2":337.4,"massBalanceMwe":-1.097}},{"type":"Feature","id":"NE50-0370","geometry":{"type":"Polygon","coordinates":[[[53.346,80.366],[53.346,80.366],[53.486,80.323],[53.852,80.268],[53.778,80.228],[53.653,80.223],[53.521,80.185],[52.856,80.173],[52.636,80.179],[52.607,80.191],[52.551,80.202],[52.344,80.213],[52.213,80.264],[52.27,80.276],[52.577,80.297],[52.681,80.318],[52.716,80.348],[52.854,80.402],[53.186,80.413],[53.329,80.402],[53.346,80.366]]]},"properties":{"id":"NE50-0370","region":"09","areaKm2":488.8,"massBalanceMwe":-1.097}},{"type":"Feature","id":"NE50-0371","geometry":{"type":"Polygon","coordinates":[[[56.945,80.366],[56.945,80.366],[57.079,80.351],[57.123,80.317],[57.119,80.194],[57.073,80.139],[57.08,80.095],[56.987,80.071],[56.201,80.076],[55.812,80.087],[55.724,80.105],[55.942,80.163],[56.012,80.204],[55.99,80.32],[56.024,80.341],[56.655,80.33],[56.707,80.363],[56.945,80.366]]]},"properties":{"id":"NE50-0371","region":"09","areaKm2":659.5,"massBalanceMwe":-1.097}},{"type":"Feature","id":"NE50-0372","geometry":{"type":"Polygon","coordinates":[[[59.545,80.119],[59.545,80.119],[59.802,80.083],[59.911,79.994],[59.689,79.956],[59.331,79.923],[59.203,79.933],[59.169,79.948],[59.1,79.964],[58.919,79.985],[58.946,80.042],[59.001,80.054],[59.545,80.119]]]},"properties":{"id":"NE50-0372","region":"09","areaKm2":270.9,"massBalanceMwe":-1.097}},{"type":"Feature","id":"NE50-0373","geometry":{"type":"Polygon","coordinates":[[[55.717,81.188],[55.717,81.188],[55.573,81.228],[55.466,81.311],[55.782,81.329],[56.157,81.303],[56.405,81.387],[56.719,81.423],[56.973,81.511],[57.092,81.541],[57.365,81.535],[57.456,81.543],[57.717,81.565],[57.81,81.546],[57.863,81.506],[58.017,81.484],[58.436,81.464],[58.564,81.418],[58.372,81.387],[57.859,81.368],[57.912,81.303],[58.015,81.255],[57.913,81.198],[57.77,81.17],[57.451,81.136],[57.159,81.178],[56.822,81.238],[56.669,81.198],[56.513,81.175],[56.364,81.179],[56.192,81.224],[55.717,81.188]]]},"properties":{"id":"NE50-0373","region":"09","areaKm2":1206.5,"massBalanceMwe":-1.097}},{"type":"Feature","id":"NE50-0374","geometry":{"type":"Polygon","coordinates":[[[56.316,80.633],[56.316,80.633],[55.883,80.628],[55.712,80.637],[55.541,80.703],[55.117,80.752],[54.668,80.739],[54.623,80.765],[54.533,80.783],[54.376,80.787],[54.067,80.814],[54.045,80.872],[54.241,80.902],[54.367,80.904],[54.417,80.987],[54.634,81.113],[54.719,81.116],[55.471,81.02],[56.17,81.029],[56.472,80.998],[56.91,80.913],[57.568,80.82],[57.694,80.792],[57.58,80.755],[56.815,80.664],[56.316,80.633]]]},"properties":{"id":"NE50-0374","region":"09","areaKm2":1944.1,"massBalanceMwe":-1.097}},{"type":"Feature","id":"NE50-0375","geometry":{"type":"Polygon","coordinates":[[[58.762,80.991],[58.762,80.991],[58.815,80.934],[58.903,80.898],[58.931,80.832],[58.86,80.779],[58.642,80.768],[58.286,80.765],[57.938,80.793],[57.75,80.889],[57.405,80.915],[57.211,81.017],[57.41,81.047],[57.656,81.032],[58.05,81.118],[58.102,81.114],[58.19,81.095],[58.508,81.062],[58.622,81.042],[58.762,80.991]]]},"properties":{"id":"NE50-0375","region":"09","areaKm2":730.3,"massBalanceMwe":-1.097}},{"type":"Feature","id":"NE50-0376","geometry":{"type":"Polygon","coordinates":[[[62.573,81.633],[62.573,81.633],[62.531,81.647],[62.515,81.659],[62.106,81.679],[62.284,81.707],[62.795,81.719],[63.71,81.687],[63.767,81.664],[63.782,81.65],[63.651,81.609],[63.529,81.597],[62.885,81.609],[62.573,81.633]]]},"properties":{"id":"NE50-0376","region":"09","areaKm2":234.1,"massBalanceMwe":-1.097}},{"type":"Feature","id":"NE50-0377","geometry":{"type":"Polygon","coordinates":[[[57.965,81.696],[57.965,81.696],[57.921,81.711],[57.909,81.722],[57.945,81.748],[57.985,81.797],[58.135,81.828],[59.262,81.854],[59.408,81.825],[59.357,81.781],[59.356,81.759],[58.295,81.715],[57.965,81.696]]]},"properties":{"id":"NE50-0377","region":"09","areaKm2":272.2,"massBalanceMwe":-1.097}}]}
