{"type":"FeatureCollection","features":[{"type":"Feature","id":"gdacs-FL-1104124","geometry":{"type":"MultiPolygon","coordinates":[[[[85.607,28.256],[85.612,28.258],[85.617,28.26],[85.62,28.262],[85.624,28.264],[85.627,28.265],[85.628,28.267],[85.633,28.272],[85.639,28.277],[85.642,28.281],[85.645,28.287],[85.65,28.292],[85.657,28.299],[85.662,28.305],[85.657,28.311],[85.653,28.316],[85.657,28.322],[85.662,28.326],[85.664,28.33],[85.665,28.336],[85.666,28.341],[85.667,28.346],[85.67,28.349],[85.677,28.35],[85.682,28.347],[85.686,28.349],[85.684,28.377],[85.675,28.392],[85.674,28.403],[85.665,28.41],[85.666,28.419],[85.657,28.425],[85.658,28.433],[85.654,28.44],[85.643,28.446],[85.631,28.447],[85.616,28.45],[85.614,28.459],[85.6,28.467],[85.588,28.481],[85.594,28.495],[85.589,28.504],[85.574,28.51],[85.575,28.522],[85.57,28.533],[85.56,28.543],[85.55,28.549],[85.543,28.555],[85.534,28.56],[85.524,28.564],[85.505,28.559],[85.504,28.568],[85.498,28.582],[85.496,28.593],[85.487,28.604],[85.483,28.616],[85.462,28.615],[85.466,28.626],[85.539,28.701],[85.598,28.843],[85.771,28.937],[85.91,28.898],[86.019,28.908],[86.06,28.959],[86.154,29.049],[86.118,29.149],[86.036,29.169],[85.945,29.171],[85.848,29.211],[85.791,29.201],[85.739,29.189],[85.688,29.172],[85.621,29.189],[85.601,29.24],[85.53,29.257],[85.456,29.247],[85.392,29.265],[85.325,29.305],[85.235,29.314],[85.14,29.295],[85.05,29.215],[84.96,29.174],[84.867,29.199],[84.828,29.099],[84.753,29.034],[84.745,28.946],[84.736,28.884],[84.647,28.873],[84.567,28.919],[84.527,28.848],[84.485,28.793],[84.464,28.753],[84.487,28.736],[84.533,28.745],[84.566,28.742],[84.611,28.735],[84.638,28.729],[84.658,28.7],[84.668,28.685],[84.69,28.678],[84.704,28.669],[84.702,28.648],[84.701,28.635],[84.72,28.627],[84.739,28.617],[84.763,28.613],[84.874,28.581],[84.902,28.594],[84.945,28.595],[84.969,28.587],[84.985,28.593],[84.986,28.608],[85.0,28.623],[85.014,28.638],[85.031,28.656],[85.052,28.67],[85.061,28.681],[85.082,28.672],[85.104,28.683],[85.127,28.68],[85.14,28.666],[85.151,28.651],[85.165,28.643],[85.182,28.644],[85.187,28.631],[85.197,28.624],[85.189,28.606],[85.179,28.59],[85.191,28.568],[85.188,28.563],[85.185,28.559],[85.188,28.553],[85.189,28.547],[85.186,28.54],[85.185,28.533],[85.175,28.532],[85.168,28.533],[85.165,28.526],[85.164,28.519],[85.16,28.513],[85.157,28.506],[85.157,28.499],[85.155,28.493],[85.149,28.488],[85.143,28.486],[85.137,28.486],[85.129,28.487],[85.123,28.487],[85.118,28.485],[85.114,28.48],[85.113,28.476],[85.111,28.471],[85.108,28.465],[85.104,28.46],[85.1,28.457],[85.102,28.45],[85.109,28.445],[85.115,28.442],[85.113,28.437],[85.113,28.433],[85.114,28.427],[85.116,28.419],[85.117,28.412],[85.12,28.401],[85.123,28.398],[85.126,28.395],[85.127,28.391],[85.122,28.387],[85.123,28.383],[85.122,28.378],[85.122,28.372],[85.118,28.37],[85.115,28.365],[85.114,28.358],[85.111,28.352],[85.108,28.346],[85.113,28.342],[85.116,28.34],[85.121,28.335],[85.126,28.337],[85.132,28.336],[85.135,28.333],[85.14,28.33],[85.147,28.331],[85.155,28.331],[85.162,28.331],[85.168,28.331],[85.171,28.328],[85.176,28.327],[85.18,28.325],[85.184,28.326],[85.191,28.331],[85.195,28.334],[85.198,28.338],[85.203,28.34],[85.206,28.338],[85.21,28.337],[85.214,28.333],[85.219,28.331],[85.225,28.327],[85.229,28.325],[85.231,28.322],[85.237,28.321],[85.241,28.318],[85.244,28.314],[85.246,28.307],[85.248,28.302],[85.252,28.299],[85.254,28.294],[85.256,28.294],[85.258,28.295],[85.261,28.296],[85.265,28.297],[85.269,28.298],[85.273,28.294],[85.274,28.292],[85.272,28.29],[85.282,28.288],[85.293,28.288],[85.296,28.29],[85.298,28.291],[85.301,28.29],[85.304,28.291],[85.307,28.291],[85.312,28.292],[85.318,28.294],[85.321,28.295],[85.322,28.296],[85.326,28.299],[85.333,28.3],[85.339,28.303],[85.344,28.302],[85.348,28.301],[85.348,28.299],[85.348,28.295],[85.347,28.291],[85.35,28.287],[85.354,28.287],[85.357,28.286],[85.362,28.286],[85.367,28.286],[85.372,28.284],[85.376,28.281],[85.378,28.279],[85.385,28.284],[85.389,28.287],[85.395,28.292],[85.397,28.297],[85.4,28.299],[85.404,28.302],[85.41,28.307],[85.413,28.311],[85.414,28.317],[85.413,28.324],[85.417,28.327],[85.422,28.329],[85.429,28.33],[85.433,28.332],[85.439,28.335],[85.448,28.335],[85.454,28.336],[85.459,28.337],[85.464,28.336],[85.472,28.334],[85.478,28.333],[85.483,28.333],[85.487,28.331],[85.49,28.331],[85.496,28.332],[85.502,28.334],[85.507,28.333],[85.511,28.331],[85.515,28.331],[85.52,28.329],[85.526,28.327],[85.532,28.324],[85.536,28.322],[85.541,28.319],[85.545,28.317],[85.549,28.314],[85.555,28.312],[85.559,28.31],[85.562,28.309],[85.567,28.309],[85.572,28.309],[85.578,28.308],[85.58,28.305],[85.585,28.307],[85.592,28.307],[85.598,28.305],[85.599,28.302],[85.596,28.297],[85.596,28.293],[85.598,28.289],[85.599,28.284],[85.599,28.279],[85.6,28.275],[85.602,28.267],[85.604,28.263],[85.606,28.261],[85.607,28.256]]],[[[85.472,27.162],[85.478,27.162],[85.479,27.163],[85.494,27.169],[85.495,27.171],[85.495,27.172],[85.495,27.173],[85.495,27.174],[85.492,27.172],[85.491,27.172],[85.489,27.173],[85.488,27.175],[85.487,27.176],[85.485,27.176],[85.483,27.176],[85.482,27.178],[85.482,27.18],[85.481,27.182],[85.482,27.183],[85.483,27.184],[85.485,27.183],[85.487,27.183],[85.488,27.184],[85.491,27.185],[85.492,27.186],[85.493,27.188],[85.491,27.189],[85.487,27.193],[85.487,27.195],[85.488,27.197],[85.488,27.198],[85.488,27.198],[85.49,27.198],[85.492,27.198],[85.498,27.196],[85.499,27.195],[85.505,27.196],[85.507,27.197],[85.509,27.198],[85.51,27.201],[85.506,27.203],[85.503,27.207],[85.502,27.208],[85.502,27.209],[85.502,27.21],[85.502,27.212],[85.502,27.214],[85.502,27.215],[85.504,27.223],[85.501,27.224],[85.496,27.221],[85.493,27.22],[85.489,27.22],[85.488,27.224],[85.49,27.227],[85.491,27.24],[85.492,27.251],[85.487,27.256],[85.485,27.267],[85.476,27.269],[85.466,27.277],[85.463,27.279],[85.456,27.28],[85.453,27.283],[85.449,27.284],[85.442,27.282],[85.439,27.284],[85.435,27.287],[85.435,27.288],[85.433,27.29],[85.432,27.293],[85.433,27.297],[85.429,27.302],[85.427,27.303],[85.425,27.309],[85.424,27.312],[85.422,27.317],[85.419,27.323],[85.423,27.328],[85.425,27.33],[85.427,27.331],[85.441,27.336],[85.448,27.343],[85.449,27.351],[85.452,27.352],[85.453,27.354],[85.457,27.355],[85.459,27.354],[85.462,27.355],[85.469,27.36],[85.47,27.362],[85.472,27.366],[85.472,27.37],[85.472,27.37],[85.472,27.37],[85.472,27.371],[85.473,27.373],[85.476,27.373],[85.479,27.377],[85.479,27.377],[85.478,27.378],[85.476,27.377],[85.474,27.377],[85.474,27.377],[85.473,27.378],[85.473,27.381],[85.473,27.383],[85.471,27.385],[85.47,27.388],[85.47,27.388],[85.469,27.389],[85.468,27.389],[85.466,27.388],[85.466,27.388],[85.465,27.387],[85.463,27.387],[85.462,27.388],[85.461,27.39],[85.46,27.393],[85.459,27.395],[85.459,27.395],[85.458,27.395],[85.457,27.395],[85.455,27.394],[85.452,27.39],[85.451,27.389],[85.45,27.388],[85.449,27.387],[85.448,27.387],[85.448,27.388],[85.448,27.39],[85.447,27.394],[85.445,27.398],[85.445,27.4],[85.442,27.402],[85.438,27.403],[85.435,27.403],[85.433,27.403],[85.433,27.404],[85.432,27.405],[85.433,27.407],[85.434,27.408],[85.433,27.409],[85.433,27.41],[85.432,27.41],[85.431,27.41],[85.43,27.41],[85.429,27.41],[85.428,27.409],[85.428,27.408],[85.427,27.406],[85.427,27.406],[85.426,27.405],[85.423,27.405],[85.421,27.404],[85.42,27.402],[85.419,27.403],[85.419,27.405],[85.419,27.408],[85.417,27.409],[85.415,27.408],[85.415,27.406],[85.414,27.404],[85.412,27.406],[85.411,27.407],[85.409,27.407],[85.409,27.406],[85.407,27.404],[85.407,27.403],[85.406,27.403],[85.405,27.404],[85.406,27.405],[85.404,27.406],[85.401,27.405],[85.398,27.404],[85.397,27.405],[85.397,27.406],[85.397,27.409],[85.397,27.409],[85.394,27.411],[85.394,27.411],[85.391,27.41],[85.389,27.408],[85.386,27.408],[85.384,27.408],[85.384,27.409],[85.385,27.411],[85.385,27.412],[85.384,27.414],[85.381,27.415],[85.379,27.416],[85.378,27.418],[85.376,27.418],[85.373,27.419],[85.37,27.42],[85.369,27.423],[85.369,27.424],[85.368,27.425],[85.364,27.425],[85.363,27.426],[85.361,27.427],[85.357,27.429],[85.355,27.428],[85.347,27.416],[85.342,27.409],[85.343,27.404],[85.337,27.399],[85.335,27.395],[85.334,27.393],[85.332,27.39],[85.332,27.385],[85.33,27.382],[85.328,27.372],[85.323,27.369],[85.321,27.367],[85.317,27.365],[85.313,27.361],[85.305,27.361],[85.299,27.36],[85.289,27.36],[85.281,27.357],[85.281,27.352],[85.278,27.334],[85.286,27.331],[85.288,27.321],[85.286,27.316],[85.29,27.304],[85.299,27.293],[85.307,27.29],[85.324,27.281],[85.336,27.278],[85.357,27.274],[85.368,27.27],[85.372,27.27],[85.386,27.264],[85.386,27.26],[85.386,27.252],[85.386,27.243],[85.387,27.239],[85.392,27.239],[85.394,27.238],[85.398,27.237],[85.399,27.238],[85.4,27.238],[85.4,27.237],[85.4,27.237],[85.4,27.236],[85.4,27.236],[85.4,27.235],[85.4,27.236],[85.399,27.236],[85.399,27.236],[85.399,27.235],[85.398,27.235],[85.398,27.234],[85.398,27.234],[85.398,27.233],[85.398,27.233],[85.398,27.233],[85.398,27.233],[85.397,27.233],[85.397,27.233],[85.397,27.232],[85.397,27.232],[85.396,27.232],[85.396,27.232],[85.395,27.232],[85.395,27.232],[85.394,27.232],[85.394,27.232],[85.394,27.231],[85.393,27.231],[85.393,27.23],[85.394,27.228],[85.396,27.223],[85.394,27.219],[85.393,27.212],[85.397,27.206],[85.399,27.197],[85.41,27.197],[85.416,27.192],[85.418,27.19],[85.422,27.191],[85.424,27.193],[85.43,27.191],[85.432,27.191],[85.434,27.189],[85.437,27.188],[85.438,27.187],[85.451,27.183],[85.45,27.181],[85.452,27.179],[85.453,27.178],[85.453,27.177],[85.453,27.174],[85.453,27.172],[85.453,27.169],[85.456,27.167],[85.46,27.166],[85.467,27.166],[85.472,27.162]]]]},"properties":{"id":"gdacs-FL-1104124","type":"flood","severity":"red","title":"Flood in Nepal","startedAt":"2026-08-26T01:00:00Z","updatedAt":"2026-09-02T03:22:12Z","sourceUrl":"https://www.gdacs.org/report.aspx?eventid=1104124&episodeid=1&eventtype=FL","source":"gdacs","centroid":[85.2996,28.8635],"country":"Nepal","iso3":"NPL","severityText":"Magnitude 0","affectedPopulation":955}},{"type":"Feature","id":"gdacs-FL-1104123","geometry":{"type":"Polygon","coordinates":[[[115.847,25.162],[115.87,25.126],[115.91,25.068],[115.885,25.035],[115.92,24.962],[115.868,24.956],[115.902,24.928],[115.927,24.923],[115.944,24.919],[115.954,24.92],[115.962,24.916],[115.966,24.917],[115.975,24.919],[115.981,24.903],[116.009,24.908],[116.035,24.88],[116.037,24.874],[116.043,24.872],[116.055,24.862],[116.067,24.857],[116.102,24.852],[116.131,24.85],[116.163,24.865],[116.203,24.859],[116.218,24.832],[116.238,24.833],[116.241,24.823],[116.243,24.798],[116.28,24.802],[116.328,24.829],[116.335,24.829],[116.345,24.849],[116.357,24.873],[116.38,24.881],[116.387,24.876],[116.389,24.86],[116.403,24.851],[116.41,24.84],[116.383,24.829],[116.37,24.811],[116.391,24.804],[116.409,24.775],[116.411,24.762],[116.413,24.745],[116.434,24.733],[116.473,24.72],[116.487,24.712],[116.498,24.676],[116.509,24.658],[116.508,24.643],[116.502,24.625],[116.526,24.608],[116.557,24.622],[116.571,24.636],[116.593,24.657],[116.617,24.647],[116.629,24.649],[116.645,24.655],[116.667,24.662],[116.7,24.662],[116.724,24.67],[116.749,24.657],[116.785,24.682],[116.807,24.663],[116.8,24.643],[116.791,24.622],[116.777,24.606],[116.756,24.563],[116.768,24.538],[116.784,24.515],[116.812,24.494],[116.815,24.49],[116.841,24.485],[116.854,24.461],[116.839,24.451],[116.841,24.433],[116.865,24.404],[116.886,24.39],[116.9,24.376],[116.9,24.389],[116.907,24.382],[116.919,24.383],[116.925,24.388],[116.927,24.403],[116.931,24.414],[116.936,24.421],[116.943,24.423],[116.941,24.44],[116.94,24.451],[116.935,24.461],[116.928,24.471],[116.923,24.481],[116.923,24.488],[116.913,24.499],[116.914,24.512],[116.908,24.527],[116.92,24.526],[116.927,24.516],[116.933,24.525],[116.927,24.537],[116.939,24.549],[116.96,24.549],[116.983,24.55],[117.001,24.549],[117.013,24.556],[117.017,24.567],[117.016,24.583],[117.015,24.6],[117.022,24.602],[117.019,24.619],[117.012,24.629],[117.023,24.637],[117.03,24.635],[117.038,24.635],[117.034,24.646],[117.04,24.649],[117.038,24.663],[117.03,24.672],[117.033,24.684],[117.035,24.695],[117.025,24.697],[117.023,24.705],[117.021,24.707],[117.014,24.711],[117.011,24.719],[117.013,24.726],[117.013,24.73],[117.013,24.739],[117.021,24.747],[117.015,24.758],[117.012,24.768],[117.018,24.774],[117.028,24.78],[117.03,24.791],[117.042,24.796],[117.048,24.805],[117.045,24.81],[117.047,24.825],[117.054,24.834],[117.063,24.832],[117.065,24.824],[117.069,24.819],[117.069,24.812],[117.069,24.805],[117.066,24.794],[117.073,24.784],[117.086,24.785],[117.091,24.79],[117.099,24.789],[117.11,24.782],[117.116,24.777],[117.125,24.778],[117.137,24.786],[117.144,24.786],[117.138,24.795],[117.144,24.801],[117.15,24.817],[117.16,24.825],[117.164,24.833],[117.169,24.841],[117.164,24.849],[117.167,24.855],[117.163,24.859],[117.163,24.865],[117.162,24.873],[117.177,24.877],[117.188,24.884],[117.194,24.895],[117.192,24.903],[117.183,24.911],[117.18,24.92],[117.178,24.925],[117.191,24.926],[117.205,24.924],[117.211,24.917],[117.215,24.912],[117.222,24.912],[117.229,24.921],[117.233,24.932],[117.24,24.94],[117.248,24.949],[117.248,24.957],[117.231,24.959],[117.233,24.968],[117.245,24.97],[117.253,24.971],[117.257,24.978],[117.269,24.984],[117.279,24.993],[117.287,24.987],[117.281,24.976],[117.29,24.979],[117.3,24.975],[117.309,24.971],[117.341,24.981],[117.411,24.981],[117.483,24.959],[117.487,25.009],[117.486,25.026],[117.507,25.053],[117.507,25.062],[117.505,25.075],[117.505,25.087],[117.502,25.102],[117.499,25.112],[117.483,25.12],[117.471,25.124],[117.478,25.137],[117.479,25.148],[117.484,25.159],[117.482,25.169],[117.488,25.168],[117.494,25.176],[117.51,25.179],[117.52,25.182],[117.525,25.192],[117.534,25.201],[117.545,25.197],[117.54,25.209],[117.545,25.212],[117.553,25.215],[117.561,25.224],[117.571,25.234],[117.591,25.23],[117.594,25.225],[117.6,25.228],[117.609,25.225],[117.612,25.232],[117.615,25.236],[117.617,25.245],[117.614,25.253],[117.605,25.26],[117.598,25.264],[117.601,25.271],[117.603,25.282],[117.598,25.293],[117.604,25.303],[117.614,25.302],[117.621,25.306],[117.629,25.313],[117.638,25.316],[117.649,25.321],[117.655,25.338],[117.66,25.344],[117.674,25.348],[117.679,25.354],[117.675,25.362],[117.684,25.361],[117.685,25.367],[117.687,25.377],[117.684,25.385],[117.684,25.396],[117.679,25.401],[117.682,25.41],[117.692,25.424],[117.698,25.433],[117.692,25.432],[117.686,25.442],[117.688,25.453],[117.698,25.46],[117.7,25.465],[117.701,25.472],[117.703,25.476],[117.714,25.483],[117.713,25.486],[117.71,25.497],[117.712,25.508],[117.709,25.514],[117.7,25.518],[117.687,25.515],[117.678,25.522],[117.683,25.532],[117.688,25.547],[117.701,25.563],[117.707,25.561],[117.715,25.553],[117.721,25.549],[117.725,25.558],[117.73,25.562],[117.736,25.569],[117.739,25.578],[117.742,25.587],[117.743,25.597],[117.738,25.598],[117.733,25.597],[117.725,25.598],[117.713,25.597],[117.705,25.6],[117.702,25.61],[117.696,25.621],[117.687,25.629],[117.679,25.635],[117.672,25.636],[117.665,25.641],[117.656,25.644],[117.656,25.653],[117.657,25.657],[117.658,25.665],[117.647,25.676],[117.64,25.675],[117.632,25.672],[117.625,25.667],[117.62,25.662],[117.613,25.656],[117.602,25.654],[117.591,25.653],[117.588,25.66],[117.583,25.667],[117.583,25.673],[117.588,25.682],[117.579,25.689],[117.573,25.7],[117.565,25.697],[117.556,25.699],[117.552,25.704],[117.542,25.707],[117.537,25.72],[117.536,25.726],[117.525,25.724],[117.515,25.721],[117.509,25.716],[117.501,25.706],[117.497,25.71],[117.492,25.713],[117.491,25.722],[117.493,25.73],[117.498,25.735],[117.49,25.735],[117.482,25.743],[117.472,25.744],[117.468,25.74],[117.454,25.736],[117.462,25.735],[117.467,25.732],[117.47,25.73],[117.465,25.722],[117.455,25.716],[117.455,25.709],[117.444,25.697],[117.438,25.682],[117.438,25.674],[117.427,25.666],[117.412,25.665],[117.395,25.66],[117.386,25.663],[117.399,25.671],[117.393,25.68],[117.398,25.688],[117.395,25.701],[117.397,25.701],[117.397,25.708],[117.393,25.713],[117.394,25.724],[117.391,25.74],[117.388,25.73],[117.383,25.727],[117.377,25.738],[117.373,25.744],[117.372,25.751],[117.377,25.766],[117.374,25.779],[117.367,25.787],[117.352,25.788],[117.341,25.786],[117.336,25.776],[117.338,25.764],[117.339,25.755],[117.326,25.756],[117.314,25.75],[117.309,25.743],[117.296,25.741],[117.287,25.746],[117.283,25.743],[117.275,25.736],[117.264,25.735],[117.264,25.724],[117.256,25.718],[117.255,25.706],[117.244,25.697],[117.24,25.692],[117.247,25.689],[117.256,25.688],[117.275,25.685],[117.284,25.676],[117.285,25.67],[117.275,25.668],[117.262,25.663],[117.254,25.655],[117.242,25.654],[117.237,25.64],[117.235,25.63],[117.232,25.627],[117.235,25.617],[117.23,25.61],[117.219,25.61],[117.219,25.594],[117.209,25.593],[117.201,25.582],[117.194,25.574],[117.207,25.571],[117.197,25.564],[117.186,25.566],[117.182,25.573],[117.172,25.58],[117.167,25.568],[117.166,25.566],[117.161,25.573],[117.162,25.588],[117.155,25.601],[117.157,25.609],[117.154,25.618],[117.146,25.619],[117.14,25.622],[117.135,25.63],[117.125,25.639],[117.12,25.646],[117.121,25.651],[117.115,25.657],[117.107,25.658],[117.107,25.663],[117.098,25.667],[117.093,25.663],[117.077,25.655],[117.072,25.66],[117.067,25.669],[117.07,25.674],[117.075,25.67],[117.075,25.677],[117.073,25.683],[117.067,25.686],[117.064,25.687],[117.056,25.685],[117.054,25.69],[117.062,25.694],[117.064,25.708],[117.056,25.716],[117.055,25.722],[117.054,25.728],[117.053,25.721],[117.055,25.718],[117.042,25.725],[117.053,25.73],[117.052,25.733],[117.061,25.735],[117.058,25.744],[117.052,25.756],[117.059,25.762],[117.052,25.77],[117.054,25.779],[117.06,25.788],[117.052,25.793],[117.048,25.796],[117.047,25.801],[117.037,25.807],[117.036,25.81],[117.034,25.816],[117.028,25.821],[117.022,25.822],[117.021,25.827],[117.022,25.838],[117.016,25.853],[117.004,25.864],[116.994,25.868],[116.988,25.864],[116.994,25.863],[116.993,25.855],[116.98,25.855],[116.97,25.851],[116.96,25.846],[116.951,25.841],[116.943,25.846],[116.93,25.854],[116.916,25.855],[116.908,25.852],[116.892,25.842],[116.886,25.838],[116.889,25.838],[116.883,25.826],[116.873,25.82],[116.867,25.819],[116.868,25.806],[116.863,25.799],[116.851,25.797],[116.845,25.795],[116.844,25.794],[116.841,25.79],[116.838,25.789],[116.832,25.786],[116.818,25.785],[116.811,25.787],[116.801,25.789],[116.799,25.794],[116.791,25.803],[116.776,25.817],[116.777,25.831],[116.784,25.847],[116.778,25.859],[116.787,25.856],[116.775,25.86],[116.77,25.861],[116.765,25.858],[116.76,25.848],[116.748,25.852],[116.741,25.862],[116.737,25.869],[116.739,25.88],[116.745,25.896],[116.739,25.899],[116.731,25.901],[116.729,25.903],[116.723,25.906],[116.713,25.905],[116.711,25.911],[116.708,25.917],[116.703,25.92],[116.698,25.924],[116.69,25.931],[116.683,25.931],[116.67,25.935],[116.666,25.945],[116.648,25.943],[116.646,25.957],[116.65,25.968],[116.644,25.976],[116.641,25.983],[116.645,25.987],[116.645,25.994],[116.647,26.002],[116.641,26.002],[116.639,26.006],[116.641,26.012],[116.636,26.015],[116.623,26.01],[116.624,26.001],[116.624,25.995],[116.617,25.991],[116.613,25.984],[116.604,25.988],[116.594,25.984],[116.589,25.986],[116.583,25.985],[116.583,25.982],[116.578,25.976],[116.579,25.981],[116.577,25.977],[116.569,25.976],[116.567,25.984],[116.565,25.99],[116.557,25.994],[116.55,25.995],[116.545,25.996],[116.524,26.002],[116.51,25.988],[116.503,25.993],[116.5,25.987],[116.492,25.984],[116.49,25.975],[116.475,25.977],[116.477,25.989],[116.474,25.998],[116.475,26.012],[116.467,26.018],[116.461,26.023],[116.456,26.021],[116.444,26.017],[116.428,26.022],[116.41,26.024],[116.398,26.033],[116.367,26.015],[116.363,25.965],[116.32,25.957],[116.299,25.933],[116.268,25.918],[116.244,25.906],[116.219,25.912],[116.171,25.894],[116.143,25.876],[116.124,25.854],[116.135,25.826],[116.158,25.8],[116.177,25.779],[116.163,25.75],[116.152,25.768],[116.125,25.762],[116.113,25.736],[116.102,25.704],[116.076,25.701],[116.06,25.693],[116.052,25.684],[116.057,25.67],[116.062,25.651],[116.053,25.641],[116.037,25.627],[116.049,25.596],[116.056,25.559],[116.03,25.523],[116.006,25.474],[116.002,25.418],[116.004,25.324],[115.899,25.234],[115.847,25.162]]]},"properties":{"id":"gdacs-FL-1104123","type":"flood","severity":"orange","title":"Flood in China","startedAt":"2026-08-22T01:00:00Z","updatedAt":"2026-08-27T09:04:09Z","sourceUrl":"https://www.gdacs.org/report.aspx?eventid=1104123&episodeid=4&eventtype=FL","source":"gdacs","centroid":[116.7396,25.2931],"country":"China","iso3":"CHN","severityText":"Magnitude 0"}},{"type":"Feature","id":"gdacs-FL-1104121","geometry":{"type":"MultiPolygon","coordinates":[[[[80.434,24.548],[80.434,24.548],[80.437,24.548],[80.437,24.548],[80.438,24.551],[80.438,24.554],[80.438,24.555],[80.439,24.556],[80.44,24.557],[80.44,24.557],[80.44,24.559],[80.439,24.56],[80.439,24.561],[80.438,24.561],[80.438,24.561],[80.435,24.562],[80.435,24.563],[80.435,24.563],[80.434,24.562],[80.433,24.563],[80.432,24.563],[80.432,24.562],[80.432,24.562],[80.434,24.562],[80.434,24.562],[80.434,24.561],[80.433,24.561],[80.433,24.561],[80.434,24.56],[80.434,24.56],[80.434,24.559],[80.433,24.558],[80.433,24.558],[80.433,24.557],[80.433,24.556],[80.433,24.555],[80.431,24.554],[80.431,24.553],[80.432,24.552],[80.432,24.551],[80.432,24.551],[80.433,24.549],[80.432,24.548],[80.433,24.548],[80.434,24.548]]],[[[80.404,24.494],[80.405,24.495],[80.405,24.496],[80.407,24.497],[80.409,24.497],[80.418,24.502],[80.425,24.501],[80.424,24.505],[80.414,24.506],[80.412,24.507],[80.413,24.51],[80.412,24.51],[80.413,24.514],[80.415,24.515],[80.415,24.515],[80.415,24.515],[80.415,24.516],[80.415,24.517],[80.414,24.518],[80.415,24.518],[80.415,24.519],[80.415,24.52],[80.415,24.521],[80.415,24.522],[80.415,24.522],[80.416,24.523],[80.415,24.523],[80.416,24.523],[80.416,24.523],[80.417,24.523],[80.417,24.524],[80.416,24.524],[80.417,24.524],[80.416,24.525],[80.417,24.526],[80.416,24.527],[80.414,24.528],[80.412,24.528],[80.412,24.529],[80.411,24.529],[80.41,24.528],[80.403,24.53],[80.403,24.529],[80.402,24.529],[80.401,24.527],[80.4,24.526],[80.4,24.527],[80.399,24.526],[80.399,24.527],[80.398,24.527],[80.397,24.528],[80.396,24.528],[80.395,24.528],[80.395,24.528],[80.394,24.529],[80.394,24.529],[80.394,24.529],[80.394,24.529],[80.393,24.529],[80.392,24.53],[80.392,24.53],[80.391,24.53],[80.391,24.529],[80.392,24.528],[80.391,24.527],[80.391,24.527],[80.392,24.526],[80.394,24.526],[80.394,24.525],[80.395,24.525],[80.396,24.525],[80.396,24.525],[80.397,24.524],[80.397,24.523],[80.396,24.523],[80.396,24.523],[80.396,24.523],[80.395,24.523],[80.395,24.522],[80.395,24.521],[80.395,24.52],[80.395,24.519],[80.395,24.518],[80.395,24.518],[80.395,24.517],[80.394,24.517],[80.395,24.517],[80.395,24.516],[80.395,24.516],[80.395,24.515],[80.396,24.515],[80.396,24.515],[80.396,24.514],[80.396,24.513],[80.397,24.512],[80.399,24.511],[80.399,24.511],[80.4,24.512],[80.399,24.504],[80.399,24.504],[80.4,24.503],[80.4,24.502],[80.4,24.5],[80.402,24.502],[80.403,24.502],[80.405,24.502],[80.405,24.5],[80.404,24.497],[80.404,24.495],[80.404,24.494]]],[[[80.349,24.384],[80.351,24.385],[80.354,24.39],[80.356,24.392],[80.358,24.392],[80.361,24.391],[80.365,24.391],[80.376,24.392],[80.376,24.395],[80.378,24.395],[80.379,24.395],[80.38,24.395],[80.382,24.395],[80.382,24.395],[80.383,24.397],[80.385,24.398],[80.387,24.399],[80.387,24.401],[80.386,24.402],[80.387,24.405],[80.387,24.406],[80.385,24.406],[80.385,24.406],[80.384,24.408],[80.383,24.408],[80.382,24.408],[80.382,24.409],[80.38,24.41],[80.379,24.411],[80.379,24.421],[80.371,24.42],[80.36,24.42],[80.357,24.42],[80.356,24.42],[80.355,24.419],[80.353,24.42],[80.353,24.419],[80.338,24.424],[80.339,24.411],[80.34,24.41],[80.34,24.408],[80.342,24.406],[80.346,24.401],[80.347,24.4],[80.348,24.401],[80.349,24.401],[80.349,24.4],[80.35,24.4],[80.351,24.399],[80.351,24.4],[80.352,24.399],[80.353,24.4],[80.354,24.4],[80.354,24.399],[80.354,24.399],[80.355,24.395],[80.354,24.394],[80.353,24.393],[80.351,24.393],[80.347,24.393],[80.345,24.393],[80.343,24.391],[80.344,24.389],[80.345,24.388],[80.344,24.387],[80.344,24.386],[80.347,24.387],[80.348,24.385],[80.349,24.384]]],[[[80.103,24.369],[80.105,24.37],[80.109,24.373],[80.11,24.373],[80.111,24.375],[80.114,24.375],[80.114,24.378],[80.114,24.381],[80.113,24.382],[80.112,24.383],[80.112,24.384],[80.112,24.384],[80.111,24.383],[80.11,24.384],[80.109,24.384],[80.109,24.384],[80.109,24.384],[80.109,24.384],[80.109,24.385],[80.108,24.385],[80.108,24.385],[80.109,24.385],[80.108,24.386],[80.108,24.386],[80.107,24.386],[80.106,24.386],[80.105,24.386],[80.105,24.386],[80.104,24.386],[80.104,24.387],[80.104,24.387],[80.103,24.387],[80.1,24.387],[80.1,24.386],[80.1,24.386],[80.1,24.385],[80.101,24.382],[80.101,24.381],[80.101,24.381],[80.102,24.379],[80.103,24.374],[80.103,24.369]]],[[[80.603,24.203],[80.622,24.213],[80.639,24.207],[80.651,24.209],[80.65,24.223],[80.662,24.229],[80.669,24.223],[80.68,24.22],[80.691,24.221],[80.674,24.23],[80.687,24.232],[80.707,24.238],[80.704,24.246],[80.689,24.255],[80.699,24.259],[80.688,24.266],[80.696,24.272],[80.705,24.271],[80.715,24.269],[80.724,24.281],[80.719,24.297],[80.703,24.302],[80.688,24.294],[80.685,24.302],[80.705,24.306],[80.724,24.308],[80.737,24.31],[80.747,24.308],[80.764,24.31],[80.776,24.309],[80.79,24.311],[80.798,24.322],[80.812,24.338],[80.818,24.346],[80.83,24.353],[80.847,24.363],[80.863,24.362],[80.866,24.367],[80.855,24.376],[80.854,24.385],[80.865,24.401],[80.88,24.384],[80.895,24.378],[80.928,24.355],[80.933,24.356],[80.945,24.345],[80.952,24.34],[80.955,24.338],[80.96,24.336],[80.97,24.339],[80.98,24.344],[80.987,24.356],[81.024,24.361],[81.034,24.381],[81.05,24.401],[81.065,24.413],[81.059,24.43],[81.049,24.44],[81.05,24.448],[81.046,24.455],[81.047,24.47],[81.061,24.476],[81.066,24.49],[81.062,24.501],[81.068,24.505],[81.084,24.513],[81.091,24.514],[81.103,24.518],[81.126,24.51],[81.142,24.514],[81.148,24.517],[81.157,24.523],[81.157,24.538],[81.158,24.557],[81.159,24.564],[81.164,24.565],[81.159,24.583],[81.162,24.597],[81.166,24.616],[81.164,24.634],[81.166,24.644],[81.165,24.652],[81.172,24.668],[81.176,24.689],[81.181,24.694],[81.155,24.71],[81.141,24.725],[81.125,24.739],[81.118,24.75],[81.094,24.768],[81.089,24.782],[81.091,24.788],[81.086,24.789],[81.077,24.785],[81.069,24.778],[81.059,24.781],[81.049,24.8],[81.067,24.803],[81.068,24.812],[81.065,24.824],[81.083,24.831],[81.097,24.84],[81.105,24.857],[81.11,24.876],[81.119,24.895],[81.112,24.909],[81.09,24.931],[81.082,24.949],[81.053,24.95],[81.026,24.945],[81.013,24.949],[81.028,24.933],[81.01,24.936],[80.995,24.928],[80.985,24.933],[80.962,24.926],[80.959,24.939],[80.948,24.966],[80.91,24.952],[80.898,24.942],[80.873,24.936],[80.846,24.931],[80.827,24.919],[80.808,24.939],[80.792,24.965],[80.819,24.967],[80.835,24.983],[80.855,25.001],[80.832,25.033],[80.854,25.047],[80.878,25.072],[80.879,25.098],[80.868,25.115],[80.887,25.135],[80.898,25.142],[80.898,25.168],[80.881,25.187],[80.868,25.176],[80.845,25.185],[80.838,25.179],[80.849,25.163],[80.84,25.146],[80.837,25.134],[80.84,25.117],[80.839,25.107],[80.832,25.103],[80.828,25.112],[80.819,25.125],[80.809,25.137],[80.795,25.131],[80.783,25.134],[80.777,25.138],[80.757,25.133],[80.738,25.132],[80.734,25.136],[80.732,25.141],[80.722,25.135],[80.709,25.13],[80.714,25.12],[80.73,25.112],[80.736,25.094],[80.757,25.089],[80.772,25.078],[80.787,25.063],[80.765,25.054],[80.743,25.054],[80.727,25.063],[80.68,25.049],[80.68,25.065],[80.678,25.078],[80.658,25.076],[80.648,25.087],[80.641,25.09],[80.634,25.09],[80.626,25.087],[80.623,25.089],[80.615,25.093],[80.609,25.099],[80.621,25.11],[80.632,25.113],[80.633,25.129],[80.617,25.129],[80.613,25.142],[80.602,25.15],[80.6,25.126],[80.601,25.115],[80.594,25.104],[80.596,25.098],[80.597,25.09],[80.597,25.08],[80.603,25.085],[80.609,25.079],[80.608,25.067],[80.6,25.073],[80.596,25.078],[80.57,25.085],[80.565,25.073],[80.549,25.064],[80.537,25.047],[80.53,25.04],[80.548,25.029],[80.544,25.014],[80.536,25.001],[80.515,25.004],[80.497,24.999],[80.483,24.988],[80.477,24.976],[80.489,24.938],[80.492,24.915],[80.489,24.901],[80.484,24.891],[80.479,24.872],[80.478,24.849],[80.481,24.85],[80.498,24.859],[80.487,24.884],[80.503,24.895],[80.507,24.904],[80.514,24.912],[80.538,24.903],[80.557,24.902],[80.58,24.899],[80.601,24.884],[80.62,24.875],[80.632,24.875],[80.622,24.859],[80.594,24.838],[80.594,24.832],[80.591,24.827],[80.576,24.811],[80.554,24.812],[80.535,24.814],[80.522,24.808],[80.525,24.799],[80.517,24.796],[80.51,24.781],[80.49,24.777],[80.481,24.762],[80.468,24.767],[80.43,24.75],[80.416,24.776],[80.4,24.754],[80.398,24.736],[80.405,24.727],[80.4,24.71],[80.377,24.701],[80.366,24.692],[80.352,24.698],[80.35,24.684],[80.384,24.678],[80.396,24.661],[80.413,24.648],[80.421,24.636],[80.422,24.627],[80.416,24.613],[80.424,24.612],[80.432,24.611],[80.438,24.611],[80.446,24.609],[80.451,24.612],[80.46,24.613],[80.469,24.613],[80.463,24.607],[80.465,24.601],[80.463,24.597],[80.462,24.59],[80.457,24.575],[80.461,24.553],[80.455,24.53],[80.466,24.521],[80.439,24.51],[80.428,24.485],[80.433,24.477],[80.425,24.452],[80.431,24.441],[80.442,24.437],[80.46,24.435],[80.457,24.422],[80.469,24.42],[80.472,24.413],[80.467,24.4],[80.466,24.39],[80.474,24.376],[80.49,24.371],[80.505,24.365],[80.51,24.351],[80.531,24.343],[80.534,24.333],[80.538,24.322],[80.547,24.317],[80.555,24.307],[80.57,24.305],[80.564,24.29],[80.564,24.271],[80.582,24.259],[80.559,24.265],[80.55,24.264],[80.565,24.25],[80.584,24.239],[80.592,24.217],[80.603,24.203]]]]},"properties":{"id":"gdacs-FL-1104121","type":"flood","severity":"orange","title":"Flood in India","startedAt":"2026-08-09T01:00:00Z","updatedAt":"2026-08-31T08:14:45Z","sourceUrl":"https://www.gdacs.org/report.aspx?eventid=1104121&episodeid=10&eventtype=FL","source":"gdacs","centroid":[80.4355,24.5551],"country":"India","iso3":"IND","severityText":"Magnitude 0","affectedPopulation":0}},{"type":"Feature","id":"gdacs-FL-1104081","geometry":{"type":"MultiPolygon","coordinates":[[[[109.575,17.957],[109.617,17.962],[109.731,17.985],[109.739,17.986],[109.776,17.995],[109.81,18.011],[110.258,18.268],[110.606,18.492],[110.633,18.512],[110.658,18.536],[110.677,18.564],[111.396,19.781],[111.451,19.865],[111.663,20.156],[111.097,20.222],[110.601,20.288],[110.531,20.264],[110.251,20.155],[110.09,20.141],[109.863,20.12],[109.606,20.095],[109.044,19.996],[109.025,19.982],[109.019,19.978],[109.014,19.973],[108.495,19.494],[108.49,19.489],[108.485,19.484],[108.48,19.479],[108.475,19.473],[108.469,19.465],[108.464,19.458],[108.46,19.451],[108.455,19.443],[108.45,19.434],[108.446,19.425],[108.443,19.416],[108.44,19.407],[108.438,19.401],[108.394,19.238],[108.391,19.228],[108.39,19.218],[108.389,19.207],[108.388,19.2],[108.388,19.193],[108.388,19.183],[108.411,18.831],[108.412,18.821],[108.413,18.81],[108.467,18.483],[108.469,18.477],[108.47,18.47],[108.473,18.46],[108.476,18.453],[108.478,18.447],[108.482,18.437],[108.486,18.431],[108.491,18.421],[108.494,18.415],[108.498,18.409],[108.502,18.404],[108.507,18.398],[108.513,18.39],[108.518,18.384],[108.526,18.377],[108.531,18.372],[108.536,18.365],[108.565,18.34],[108.829,18.159],[108.863,18.14],[109.037,18.062],[109.086,18.046],[109.532,17.961],[109.575,17.957]]],[[[112.216,15.682],[112.223,15.682],[112.23,15.684],[112.29,15.72],[112.291,15.722],[112.293,15.724],[112.293,15.726],[112.292,15.729],[112.292,15.732],[112.285,15.751],[112.283,15.754],[112.28,15.756],[112.277,15.758],[112.273,15.758],[112.269,15.759],[112.265,15.758],[112.207,15.746],[112.203,15.744],[112.2,15.743],[112.198,15.741],[112.196,15.739],[112.195,15.735],[112.191,15.714],[112.191,15.71],[112.191,15.702],[112.193,15.695],[112.196,15.689],[112.203,15.685],[112.208,15.683],[112.216,15.682]]],[[[111.197,15.574],[111.21,15.574],[111.218,15.574],[111.225,15.575],[111.232,15.576],[111.241,15.577],[111.251,15.579],[112.539,15.821],[112.547,15.823],[112.583,15.832],[112.59,15.834],[112.597,15.836],[112.605,15.839],[112.614,15.842],[112.634,15.851],[112.64,15.854],[112.649,15.859],[112.658,15.864],[112.666,15.87],[112.674,15.876],[112.733,15.923],[112.742,15.93],[112.749,15.937],[112.756,15.946],[112.763,15.954],[112.77,15.964],[112.776,15.973],[112.782,15.983],[112.786,15.992],[112.791,16.002],[112.795,16.013],[112.797,16.019],[112.799,16.026],[112.948,16.616],[112.95,16.627],[112.951,16.635],[112.952,16.642],[112.953,16.651],[112.953,16.658],[112.953,16.665],[112.953,16.673],[112.953,16.68],[112.952,16.689],[112.951,16.695],[112.949,16.704],[112.947,16.712],[112.945,16.72],[112.943,16.727],[112.94,16.735],[112.937,16.741],[112.933,16.749],[112.931,16.754],[112.927,16.76],[112.924,16.766],[112.921,16.771],[112.912,16.783],[112.905,16.793],[112.9,16.799],[112.896,16.804],[112.891,16.809],[112.887,16.813],[112.882,16.818],[112.873,16.826],[112.863,16.834],[112.469,17.107],[112.456,17.117],[112.446,17.124],[112.44,17.128],[112.416,17.142],[112.38,17.163],[112.371,17.168],[112.363,17.172],[112.355,17.175],[112.346,17.178],[112.322,17.186],[112.315,17.188],[112.308,17.189],[112.291,17.193],[112.283,17.195],[111.592,17.308],[111.582,17.311],[111.57,17.314],[111.56,17.315],[111.549,17.317],[111.54,17.317],[111.53,17.318],[111.519,17.318],[111.511,17.317],[111.502,17.316],[111.495,17.316],[111.479,17.313],[111.47,17.311],[111.459,17.308],[111.427,17.3],[111.419,17.297],[111.385,17.285],[111.377,17.282],[111.368,17.277],[111.352,17.27],[111.343,17.265],[111.334,17.259],[111.324,17.252],[111.315,17.245],[111.307,17.237],[111.296,17.226],[111.288,17.218],[111.281,17.209],[111.274,17.2],[111.268,17.19],[111.262,17.18],[111.257,17.17],[111.253,17.16],[111.249,17.149],[111.246,17.139],[111.244,17.13],[111.242,17.121],[111.241,17.111],[111.24,17.103],[110.988,15.835],[110.986,15.826],[110.984,15.818],[110.983,15.81],[110.982,15.8],[110.981,15.79],[110.981,15.782],[110.981,15.772],[110.982,15.761],[110.983,15.751],[110.985,15.74],[110.988,15.73],[110.991,15.72],[110.995,15.71],[110.999,15.7],[111.004,15.689],[111.009,15.681],[111.015,15.671],[111.021,15.663],[111.027,15.655],[111.034,15.646],[111.044,15.637],[111.051,15.63],[111.058,15.623],[111.067,15.616],[111.076,15.611],[111.084,15.605],[111.094,15.6],[111.105,15.594],[111.116,15.589],[111.125,15.586],[111.135,15.583],[111.145,15.58],[111.156,15.577],[111.166,15.576],[111.176,15.575],[111.186,15.574],[111.197,15.574]]],[[[114.069,15.36],[114.178,15.375],[114.185,15.377],[114.274,15.419],[114.277,15.422],[114.279,15.424],[114.348,15.54],[114.35,15.543],[114.355,15.544],[114.571,15.543],[114.576,15.544],[114.655,15.592],[114.74,15.68],[114.744,15.684],[114.966,16.021],[114.993,16.13],[114.994,16.133],[114.993,16.136],[114.904,16.275],[114.832,16.334],[114.83,16.335],[114.825,16.336],[114.821,16.335],[114.67,16.296],[114.512,16.195],[114.217,16.143],[113.977,16.03],[113.83,15.866],[113.784,15.703],[113.78,15.698],[113.773,15.694],[113.617,15.638],[113.538,15.58],[113.537,15.578],[113.536,15.575],[113.537,15.571],[113.539,15.568],[113.606,15.495],[113.61,15.491],[113.615,15.488],[113.876,15.363],[113.881,15.361],[113.887,15.361],[114.069,15.36]]],[[[117.826,14.902],[117.834,14.902],[117.844,14.903],[117.854,14.904],[117.864,14.905],[117.874,14.908],[117.884,14.91],[117.895,14.914],[117.904,14.917],[117.913,14.921],[117.925,14.927],[117.931,14.93],[117.938,14.934],[117.946,14.94],[117.965,14.953],[117.973,14.96],[117.982,14.968],[117.995,14.98],[118.002,14.989],[118.009,14.998],[118.016,15.007],[118.022,15.016],[118.026,15.023],[118.028,15.027],[118.035,15.042],[118.04,15.052],[118.042,15.057],[118.044,15.064],[118.046,15.071],[118.048,15.078],[118.049,15.083],[118.05,15.09],[118.053,15.107],[118.054,15.117],[118.055,15.127],[118.055,15.138],[118.055,15.149],[118.053,15.16],[118.052,15.171],[118.05,15.181],[118.047,15.19],[118.045,15.197],[118.042,15.208],[118.038,15.218],[118.033,15.228],[118.03,15.233],[118.027,15.239],[118.024,15.244],[118.02,15.25],[118.014,15.259],[118.001,15.275],[117.996,15.281],[117.991,15.286],[117.986,15.291],[117.981,15.296],[117.964,15.311],[117.954,15.319],[117.863,15.385],[117.855,15.391],[117.848,15.395],[117.839,15.4],[117.83,15.405],[117.82,15.409],[117.811,15.412],[117.801,15.415],[117.792,15.418],[117.779,15.421],[117.766,15.423],[117.754,15.424],[117.742,15.425],[117.724,15.424],[117.711,15.424],[117.7,15.422],[117.68,15.419],[117.669,15.416],[117.656,15.413],[117.645,15.409],[117.635,15.404],[117.625,15.4],[117.615,15.395],[117.6,15.385],[117.59,15.379],[117.581,15.372],[117.572,15.364],[117.563,15.355],[117.555,15.347],[117.548,15.338],[117.544,15.333],[117.54,15.328],[117.534,15.319],[117.532,15.314],[117.528,15.307],[117.521,15.293],[117.517,15.283],[117.513,15.272],[117.511,15.267],[117.509,15.26],[117.508,15.255],[117.507,15.248],[117.506,15.242],[117.505,15.235],[117.504,15.224],[117.503,15.217],[117.503,15.212],[117.503,15.203],[117.504,15.195],[117.512,15.104],[117.513,15.095],[117.515,15.085],[117.517,15.077],[117.519,15.069],[117.521,15.061],[117.525,15.052],[117.528,15.044],[117.531,15.036],[117.535,15.029],[117.54,15.02],[117.546,15.012],[117.552,15.003],[117.559,14.994],[117.566,14.986],[117.574,14.979],[117.596,14.959],[117.603,14.952],[117.61,14.947],[117.618,14.941],[117.627,14.936],[117.637,14.93],[117.646,14.926],[117.655,14.922],[117.664,14.918],[117.675,14.914],[117.685,14.912],[117.695,14.909],[117.705,14.908],[117.713,14.906],[117.724,14.906],[117.818,14.902],[117.826,14.902]]],[[[114.079,10.707],[114.089,10.707],[114.099,10.708],[114.109,10.71],[114.119,10.711],[114.128,10.714],[114.138,10.717],[114.148,10.72],[114.276,10.896],[114.267,10.898],[114.257,10.902],[114.247,10.906],[114.238,10.91],[114.229,10.914],[114.22,10.919],[114.211,10.924],[114.203,10.929],[114.195,10.936],[114.188,10.941],[114.179,10.948],[114.173,10.954],[114.166,10.961],[114.159,10.969],[114.153,10.977],[114.146,10.985],[114.141,10.993],[114.136,11.001],[114.132,11.008],[114.128,11.016],[114.124,11.024],[114.12,11.033],[114.117,11.041],[114.114,11.051],[114.111,11.062],[114.108,11.074],[114.106,11.086],[114.105,11.096],[114.104,11.108],[114.104,11.12],[114.104,11.131],[114.105,11.143],[114.1,11.144],[114.097,11.144],[114.086,11.144],[114.076,11.144],[114.065,11.143],[114.055,11.141],[114.044,11.139],[114.033,11.136],[114.022,11.132],[114.013,11.129],[114.002,11.124],[113.993,11.12],[113.985,11.115],[113.975,11.109],[113.967,11.103],[113.958,11.096],[113.95,11.088],[113.943,11.081],[113.935,11.073],[113.928,11.064],[113.922,11.055],[113.916,11.045],[113.911,11.037],[113.906,11.028],[113.898,11.01],[113.894,10.998],[113.885,10.978],[113.883,10.971],[113.88,10.962],[113.877,10.951],[113.875,10.94],[113.873,10.929],[113.872,10.918],[113.872,10.907],[113.872,10.897],[113.873,10.887],[113.874,10.877],[113.876,10.868],[113.878,10.858],[113.881,10.849],[113.883,10.841],[113.887,10.832],[113.891,10.823],[113.895,10.814],[113.9,10.805],[113.905,10.797],[113.911,10.789],[113.917,10.781],[113.922,10.775],[113.929,10.768],[113.936,10.761],[113.944,10.754],[113.952,10.748],[113.96,10.742],[113.968,10.737],[113.977,10.732],[113.985,10.727],[113.993,10.724],[114.002,10.72],[114.012,10.717],[114.02,10.714],[114.03,10.712],[114.039,10.71],[114.049,10.708],[114.059,10.707],[114.069,10.707],[114.079,10.707]]],[[[114.596,10.211],[114.604,10.212],[114.613,10.213],[114.62,10.214],[114.628,10.215],[114.636,10.217],[114.643,10.219],[114.651,10.221],[114.659,10.224],[114.666,10.227],[114.674,10.23],[114.681,10.234],[114.689,10.238],[114.696,10.242],[114.702,10.246],[114.709,10.251],[114.716,10.256],[114.722,10.262],[114.729,10.268],[114.734,10.273],[114.739,10.279],[114.744,10.284],[114.749,10.291],[114.754,10.298],[114.759,10.305],[114.763,10.312],[114.767,10.318],[114.77,10.325],[114.774,10.333],[114.777,10.34],[114.779,10.348],[114.782,10.356],[114.784,10.364],[114.786,10.372],[114.787,10.38],[114.788,10.387],[114.789,10.396],[114.79,10.404],[114.79,10.411],[114.79,10.419],[114.789,10.428],[114.788,10.435],[114.787,10.443],[114.785,10.451],[114.784,10.459],[114.781,10.467],[114.779,10.476],[114.776,10.482],[114.773,10.49],[114.769,10.498],[114.765,10.505],[114.762,10.511],[114.757,10.518],[114.753,10.525],[114.748,10.532],[114.742,10.539],[114.738,10.544],[114.732,10.55],[114.727,10.555],[114.72,10.56],[114.714,10.566],[114.707,10.571],[114.7,10.576],[114.693,10.58],[114.686,10.584],[114.596,10.211]]],[[[114.156,9.987],[114.328,10.053],[114.286,10.35],[114.164,10.398],[114.156,10.395],[114.148,10.392],[114.14,10.389],[114.133,10.386],[114.121,10.38],[114.115,10.376],[114.109,10.372],[114.103,10.368],[114.098,10.364],[114.088,10.356],[114.079,10.347],[114.07,10.338],[114.066,10.332],[114.061,10.327],[114.054,10.316],[114.047,10.306],[114.041,10.295],[114.038,10.288],[114.035,10.282],[114.031,10.27],[114.029,10.263],[114.027,10.257],[114.026,10.251],[114.024,10.244],[114.023,10.239],[114.022,10.232],[114.021,10.225],[114.021,10.219],[114.061,10.087],[114.069,10.079],[114.073,10.07],[114.077,10.063],[114.081,10.056],[114.086,10.049],[114.09,10.043],[114.094,10.038],[114.099,10.032],[114.104,10.027],[114.11,10.021],[114.115,10.016],[114.121,10.011],[114.128,10.005],[114.135,10.0],[114.142,9.996],[114.148,9.992],[114.155,9.988],[114.156,9.987]]]]},"properties":{"id":"gdacs-FL-1104081","type":"flood","severity":"orange","title":"Flood in China","startedAt":"2026-07-31T01:00:00Z","updatedAt":"2026-09-02T05:27:17Z","sourceUrl":"https://www.gdacs.org/report.aspx?eventid=1104081&episodeid=13&eventtype=FL","source":"gdacs","centroid":[109.8319,19.1893],"country":"China","iso3":"CHN","severityText":"Magnitude 0","affectedPopulation":0}},{"type":"Feature","id":"gdacs-DR-1018431","geometry":{"type":"Point","coordinates":[47.727,-17.69]},"properties":{"id":"gdacs-DR-1018431","type":"drought","severity":"orange","title":"Drought in Madagascar","startedAt":"2025-11-21T00:00:00Z","updatedAt":"2026-09-02T05:57:12Z","sourceUrl":"https://www.gdacs.org/report.aspx?eventid=1018431&episodeid=13&eventtype=DR","source":"gdacs","centroid":[47.727,-17.69],"country":"Madagascar","iso3":"MDG","severityText":"Medium impact for agricultural drought in 266459 km2","affectedPopulation":0}},{"type":"Feature","id":"gdacs-DR-1027449","geometry":{"type":"Point","coordinates":[-89.169,15.196]},"properties":{"id":"gdacs-DR-1027449","type":"drought","severity":"orange","title":"Drought in The Bahamas, Belize, Cuba, Guatemala, Honduras, Mexico, Nicaragua, El Salvador","startedAt":"2026-04-21T00:00:00Z","updatedAt":"2026-09-02T05:57:43Z","sourceUrl":"https://www.gdacs.org/report.aspx?eventid=1027449&episodeid=7&eventtype=DR","source":"gdacs","centroid":[-89.169,15.196],"country":"The Bahamas, Belize, Cuba, Guatemala, Honduras, Mexico, Nicaragua, El Salvador","iso3":"BHS","severityText":"Medium impact for agricultural drought in 596197 km2","affectedPopulation":0}},{"type":"Feature","id":"gdacs-TC-1001305","geometry":{"type":"Polygon","coordinates":[[[117.9,22.9],[117.9,22.9],[117.9,22.9],[117.9,22.9],[117.9,22.9],[117.9,22.9],[117.9,22.9],[117.9,22.9],[117.9,22.9],[117.9,22.9],[117.9,22.9],[117.9,22.9],[117.9,22.9],[117.9,22.9],[117.9,22.9],[117.9,22.9],[117.9,22.9],[117.9,22.9],[117.9,22.9],[117.9,22.9],[117.9,22.9],[117.9,22.9],[117.9,22.9],[117.9,22.9],[117.9,22.9],[117.9,22.9],[117.9,22.9],[117.9,22.9],[117.9,22.9],[117.9,22.9],[117.9,22.9],[117.9,22.9],[117.9,22.9],[117.9,22.9],[117.9,22.9],[117.9,22.9],[117.9,22.9],[117.9,22.9],[117.9,22.9],[117.9,22.9],[117.9,22.9],[117.9,22.9],[117.9,22.9],[117.9,22.9],[117.9,22.9],[117.9,22.9],[117.9,22.9],[117.9,22.9],[117.9,22.9],[117.9,22.9],[117.9,22.9],[117.9,22.9],[117.9,22.9],[117.9,22.9],[117.9,22.9],[117.9,22.9],[117.9,22.9],[117.9,22.9],[117.9,22.9],[117.9,22.9],[117.9,22.9],[117.9,22.9],[117.9,22.9],[117.9,22.9],[117.9,22.9],[117.9,22.9],[117.9,22.9],[117.9,22.9],[117.9,22.9],[117.9,22.9],[117.9,22.9],[117.9,22.9],[117.9,22.9],[117.9,22.9],[117.9,22.9],[117.9,22.9],[117.9,22.9],[117.9,22.9],[117.9,22.9],[117.9,22.9],[117.9,22.9],[117.9,22.9],[117.9,22.9],[117.9,22.9],[117.9,22.9],[117.9,22.9],[117.9,22.9],[117.9,22.9],[117.9,22.9],[117.9,22.9],[117.9,22.9],[117.9,22.9],[117.9,22.9],[117.9,22.9],[117.9,22.9],[117.9,22.9],[117.9,22.9],[117.9,22.9],[117.9,22.9],[117.9,22.9],[117.9,22.9],[117.9,22.9],[117.9,22.9],[117.9,22.9],[117.9,22.9],[117.9,22.9],[117.9,22.9],[117.9,22.9],[117.9,22.9],[117.9,22.9],[117.9,22.9],[117.9,22.9],[117.9,22.9],[117.9,22.9],[117.9,22.9],[117.9,22.9],[117.9,22.9],[117.9,22.9],[117.9,22.9],[117.9,22.9],[117.9,22.9],[117.9,22.9],[117.9,22.9],[117.9,22.9],[117.9,22.9],[117.9,22.9],[117.9,22.9],[117.9,22.9],[117.9,22.9],[117.9,22.9],[117.9,22.9],[117.9,22.9],[117.9,22.9],[117.9,22.9],[117.9,22.9],[117.9,22.9],[117.9,22.9],[117.9,22.9],[117.9,22.9],[117.9,22.9],[117.9,22.9],[117.9,22.9],[117.9,22.9],[117.9,22.9],[117.9,22.9],[117.9,22.9],[117.9,22.9],[117.9,22.9],[117.9,22.9],[117.9,22.9],[117.9,22.9],[117.9,22.9],[117.9,22.9],[117.9,22.9],[117.9,22.9],[117.9,22.9],[117.9,22.9],[117.9,22.9],[117.9,22.9],[117.9,22.9],[117.9,22.9],[117.9,22.9],[117.9,22.9],[117.9,22.9],[117.9,22.9],[117.9,22.9],[117.9,22.9],[117.9,22.9],[117.9,22.9],[117.9,22.9],[117.9,22.9],[117.9,22.9],[117.9,22.9],[117.9,22.9],[117.9,22.9],[117.9,22.9],[117.9,22.9],[117.9,22.9],[117.9,22.9],[117.9,22.9],[117.9,22.9],[117.9,22.9],[117.9,22.9],[117.9,22.9],[117.9,22.9],[117.9,22.9],[117.9,22.9],[117.9,22.9],[117.9,22.9],[117.9,22.9],[117.9,22.9],[117.9,22.9],[117.9,22.9],[117.9,22.9],[117.9,22.9],[117.9,22.9],[117.9,22.9],[117.9,22.9],[117.9,22.9],[117.9,22.9],[117.9,22.9],[117.9,22.9],[117.9,22.9],[117.9,22.9],[117.9,22.9],[117.9,22.9],[117.9,22.9],[117.9,22.9],[117.9,22.9],[117.9,22.9],[117.9,22.9],[117.9,22.9],[117.9,22.9],[117.9,22.9],[117.9,22.9],[117.9,22.9],[117.9,22.9],[117.9,22.9],[117.9,22.9],[117.9,22.9],[117.9,22.9],[117.9,22.9],[117.9,22.9],[117.9,22.9],[117.9,22.9],[117.9,22.9],[117.9,22.9],[117.9,22.9],[117.9,22.9],[117.9,22.9],[117.9,22.9],[117.9,22.9],[117.9,22.9],[117.9,22.9],[117.9,22.9],[117.9,22.9],[117.9,22.9],[117.9,22.9],[117.9,22.9],[117.9,22.9],[117.9,22.9],[117.9,22.9],[117.9,22.9],[117.9,22.9],[117.9,22.9],[117.9,22.9],[117.9,22.9],[117.9,22.9],[117.9,22.9],[117.9,22.9],[117.9,22.9],[117.9,22.9],[117.9,22.9],[117.9,22.9],[117.9,22.9],[117.9,22.9],[117.9,22.9],[117.9,22.9],[117.9,22.9],[117.9,22.9],[117.9,22.9],[117.9,22.9],[117.9,22.9],[117.9,22.9],[117.9,22.9],[117.9,22.9],[117.9,22.9],[117.9,22.9],[117.9,22.9],[117.9,22.9],[117.9,22.9],[117.9,22.9],[117.9,22.9],[117.9,22.9],[117.9,22.9],[117.9,22.9],[117.9,22.9],[117.9,22.9],[117.9,22.9],[117.9,22.9],[117.9,22.9],[117.9,22.9],[117.9,22.9],[117.9,22.9],[117.9,22.9],[117.9,22.9],[117.9,22.9],[117.9,22.9],[117.9,22.9],[117.9,22.9],[117.9,22.9],[117.9,22.9],[117.9,22.9],[117.9,22.9],[117.9,22.9],[117.9,22.9],[117.9,22.9],[117.9,22.9],[117.9,22.9],[117.9,22.9],[117.9,22.9],[117.9,22.9],[117.9,22.9],[117.9,22.9],[117.9,22.9],[117.9,22.9],[117.9,22.9],[117.9,22.9],[117.9,22.9],[117.9,22.9],[117.9,22.9],[117.9,22.9],[117.9,22.9],[117.9,22.9],[117.9,22.9],[117.9,22.9],[117.9,22.9],[117.9,22.9],[117.9,22.9],[117.9,22.9],[117.9,22.9],[117.9,22.9],[117.9,22.9],[117.9,22.9],[117.9,22.9],[117.9,22.9],[117.9,22.9],[117.9,22.9],[117.9,22.9],[117.9,22.9],[117.9,22.9],[117.9,22.9],[117.9,22.9],[117.9,22.9],[117.9,22.9],[117.9,22.9],[117.9,22.9],[117.9,22.9],[117.9,22.9],[117.9,22.9],[117.9,22.9],[117.9,22.9],[117.9,22.9],[117.9,22.9],[117.9,22.9],[117.9,22.9],[117.9,22.9],[117.9,22.9],[117.9,22.9],[117.9,22.9],[117.9,22.9],[117.9,22.9],[117.9,22.9],[117.9,22.9],[117.9,22.9],[117.9,22.9],[117.9,22.9],[117.9,22.9],[117.9,22.9],[117.9,22.9],[117.9,22.9],[117.9,22.9],[117.9,22.9],[117.9,22.9],[117.9,22.9]]]},"properties":{"id":"gdacs-TC-1001305","type":"cyclone","severity":"orange","title":"Tropical Cyclone SAUDEL-26","startedAt":"2026-08-18T12:00:00Z","updatedAt":"2026-09-02T14:00:11Z","sourceUrl":"https://www.gdacs.org/report.aspx?eventid=1001305&episodeid=45&eventtype=TC","source":"gdacs","centroid":[117.9,22.9],"country":"Japan, China, Northern Mariana Islands","iso3":"CHN","severityText":"Tropical Depression (maximum wind speed of 213 km/h)","affectedPopulation":13050328}},{"type":"Feature","id":"gdacs-TC-1001297","geometry":{"type":"Polygon","coordinates":[[[171.7,13.05],[171.709,13.05],[171.718,13.051],[171.727,13.051],[171.745,13.054],[171.753,13.056],[171.762,13.057],[171.771,13.06],[171.788,13.065],[171.796,13.068],[171.804,13.072],[171.821,13.079],[171.828,13.084],[171.836,13.088],[171.844,13.093],[171.858,13.103],[171.865,13.108],[171.872,13.114],[171.885,13.126],[171.891,13.133],[171.897,13.139],[171.902,13.146],[171.913,13.16],[171.918,13.168],[171.923,13.175],[171.931,13.19],[171.935,13.198],[171.938,13.206],[171.941,13.214],[171.947,13.231],[171.949,13.239],[171.951,13.248],[171.954,13.265],[171.956,13.274],[171.956,13.283],[171.957,13.291],[171.957,13.309],[171.956,13.317],[171.956,13.326],[171.954,13.335],[171.951,13.352],[171.949,13.361],[171.947,13.369],[171.941,13.386],[171.938,13.394],[171.935,13.402],[171.931,13.41],[171.923,13.425],[171.918,13.432],[171.913,13.44],[171.902,13.454],[171.897,13.461],[171.891,13.467],[171.885,13.474],[171.872,13.486],[171.865,13.492],[171.858,13.497],[171.844,13.507],[171.836,13.512],[171.828,13.517],[171.821,13.521],[171.804,13.528],[171.796,13.532],[171.788,13.535],[171.771,13.54],[171.762,13.543],[171.753,13.544],[171.745,13.546],[171.727,13.549],[170.76,13.645],[170.029,13.92],[169.365,14.429],[169.34,14.446],[169.328,14.454],[169.315,14.461],[168.011,15.49],[168.0,15.5],[167.221,16.219],[167.205,16.233],[167.173,16.259],[166.181,16.991],[166.16,17.007],[165.372,17.501],[164.518,18.203],[164.492,18.223],[164.465,18.242],[164.41,18.278],[164.381,18.294],[164.351,18.31],[164.291,18.338],[164.26,18.35],[164.229,18.362],[164.197,18.372],[162.229,19.073],[162.2,19.084],[161.372,19.36],[159.621,20.475],[159.596,20.491],[159.57,20.507],[159.543,20.522],[158.791,20.899],[158.195,21.348],[157.625,22.305],[157.569,22.395],[157.538,22.439],[157.506,22.482],[157.472,22.524],[157.4,22.604],[157.361,22.643],[157.321,22.68],[157.28,22.715],[157.194,22.783],[157.149,22.814],[157.103,22.844],[157.007,22.9],[156.958,22.925],[156.908,22.949],[156.857,22.971],[155.507,23.492],[155.454,23.511],[155.401,23.527],[153.899,23.982],[152.981,24.213],[152.635,24.672],[152.593,24.727],[152.503,24.833],[152.455,24.883],[152.406,24.932],[152.3,25.025],[152.245,25.069],[152.189,25.111],[152.13,25.152],[152.009,25.227],[151.946,25.261],[151.883,25.294],[151.751,25.352],[151.684,25.378],[151.616,25.402],[151.547,25.424],[151.406,25.461],[151.335,25.476],[151.263,25.489],[151.191,25.499],[151.046,25.513],[150.973,25.517],[150.9,25.518],[150.754,25.513],[149.601,25.435],[148.972,25.632],[147.791,26.178],[147.699,26.219],[147.651,26.237],[147.603,26.253],[147.506,26.282],[147.456,26.294],[147.406,26.305],[147.356,26.314],[147.254,26.327],[147.203,26.331],[147.151,26.333],[145.754,26.334],[144.303,26.431],[144.251,26.433],[144.2,26.434],[142.156,26.614],[142.105,26.621],[142.054,26.627],[141.952,26.633],[141.9,26.634],[141.849,26.633],[141.797,26.631],[139.982,26.586],[139.827,26.732],[139.775,26.78],[139.665,26.869],[139.607,26.911],[139.548,26.952],[139.487,26.99],[139.362,27.061],[139.297,27.093],[139.231,27.124],[139.164,27.152],[139.026,27.202],[138.956,27.224],[138.885,27.244],[138.741,27.276],[137.642,27.476],[137.569,27.489],[137.496,27.499],[137.348,27.513],[136.871,27.537],[136.375,27.878],[136.249,27.96],[136.183,27.998],[136.117,28.034],[136.048,28.068],[135.908,28.129],[135.837,28.156],[135.764,28.181],[135.615,28.224],[135.54,28.242],[135.464,28.258],[135.388,28.272],[135.233,28.291],[135.156,28.297],[135.078,28.301],[134.922,28.301],[134.844,28.297],[133.945,28.237],[133.582,28.399],[133.439,28.456],[133.366,28.481],[133.292,28.504],[133.217,28.524],[133.065,28.558],[132.989,28.572],[132.912,28.582],[132.756,28.597],[132.678,28.601],[132.6,28.602],[132.522,28.601],[132.366,28.591],[131.828,28.542],[131.241,28.756],[131.094,28.804],[131.019,28.824],[130.943,28.843],[130.867,28.858],[129.191,29.172],[129.113,29.183],[129.035,29.191],[128.879,29.201],[128.8,29.202],[128.721,29.201],[128.643,29.197],[128.487,29.183],[128.409,29.172],[128.332,29.158],[128.18,29.124],[128.104,29.104],[128.03,29.081],[127.957,29.056],[127.813,28.999],[127.747,28.969],[127.699,28.98],[127.558,29.007],[127.487,29.017],[127.416,29.025],[127.344,29.03],[127.2,29.035],[127.128,29.034],[127.056,29.03],[126.984,29.025],[126.842,29.007],[126.771,28.995],[126.701,28.98],[126.562,28.945],[126.494,28.924],[126.427,28.901],[126.361,28.876],[126.231,28.82],[125.405,28.441],[125.334,28.406],[125.196,28.328],[125.129,28.287],[125.064,28.243],[125.001,28.197],[124.88,28.1],[124.823,28.048],[124.767,27.995],[124.662,27.884],[124.614,27.826],[124.567,27.766],[124.522,27.705],[124.457,27.605],[124.27,27.652],[123.563,28.183],[123.532,28.204],[123.516,28.215],[123.499,28.224],[123.483,28.233],[123.448,28.249],[123.43,28.257],[123.412,28.264],[123.393,28.27],[123.356,28.281],[123.337,28.285],[122.037,28.585],[121.998,28.592],[121.979,28.595],[121.959,28.597],[121.939,28.599],[121.9,28.6],[121.88,28.6],[121.861,28.599],[121.821,28.595],[121.802,28.592],[120.541,28.398],[118.886,28.346],[118.859,28.344],[118.846,28.343],[118.832,28.341],[118.805,28.336],[118.792,28.333],[118.779,28.329],[118.766,28.325],[118.741,28.316],[118.728,28.311],[118.716,28.305],[118.692,28.293],[118.681,28.287],[118.67,28.28],[118.659,28.273],[118.638,28.257],[118.628,28.249],[118.618,28.24],[118.6,28.222],[118.591,28.213],[118.583,28.203],[118.575,28.194],[118.561,28.173],[118.554,28.162],[118.548,28.152],[118.542,28.141],[118.532,28.118],[118.527,28.107],[118.523,28.095],[118.517,28.072],[118.514,28.06],[118.512,28.048],[118.51,28.036],[118.508,28.012],[118.508,28.0],[118.508,27.988],[118.51,27.964],[118.512,27.952],[118.514,27.94],[118.517,27.928],[118.523,27.905],[118.527,27.893],[118.532,27.882],[118.542,27.859],[118.548,27.848],[118.554,27.838],[118.561,27.827],[118.575,27.806],[118.583,27.797],[118.591,27.787],[118.609,27.768],[118.618,27.76],[118.628,27.751],[118.638,27.743],[118.659,27.727],[118.67,27.72],[118.681,27.713],[118.692,27.707],[118.716,27.695],[118.728,27.689],[118.741,27.684],[118.766,27.675],[118.779,27.671],[118.792,27.667],[118.805,27.664],[118.832,27.659],[120.502,27.408],[120.521,27.405],[120.561,27.401],[120.58,27.4],[120.6,27.4],[120.62,27.4],[120.659,27.403],[120.679,27.405],[120.698,27.408],[122.933,27.345],[123.639,26.817],[123.654,26.806],[123.67,26.796],[123.702,26.776],[123.719,26.767],[123.736,26.759],[123.771,26.743],[123.789,26.736],[123.808,26.73],[123.826,26.724],[124.169,26.638],[124.168,26.6],[124.17,26.527],[124.181,26.382],[124.191,26.31],[124.204,26.238],[124.219,26.166],[124.258,26.025],[124.282,25.956],[124.309,25.887],[124.338,25.819],[124.404,25.686],[124.441,25.621],[124.481,25.558],[124.567,25.434],[124.614,25.375],[124.662,25.316],[124.714,25.26],[124.823,25.152],[124.88,25.1],[124.94,25.05],[125.064,24.957],[125.129,24.913],[125.196,24.872],[125.264,24.832],[125.405,24.759],[125.478,24.726],[125.552,24.695],[125.703,24.641],[125.779,24.617],[125.857,24.596],[125.936,24.577],[126.095,24.547],[126.175,24.535],[126.256,24.526],[126.419,24.516],[126.5,24.515],[126.581,24.516],[126.663,24.52],[126.825,24.535],[126.905,24.547],[126.985,24.561],[127.064,24.577],[127.221,24.617],[127.297,24.641],[127.374,24.667],[127.522,24.726],[127.595,24.759],[127.666,24.794],[127.736,24.832],[127.871,24.913],[127.936,24.957],[127.999,25.003],[128.1,25.032],[128.165,25.033],[128.23,25.036],[128.295,25.041],[128.424,25.057],[128.488,25.068],[128.552,25.081],[129.741,24.978],[130.662,24.644],[130.735,24.619],[130.809,24.596],[130.959,24.558],[131.035,24.542],[131.112,24.528],[131.266,24.509],[131.344,24.503],[131.422,24.499],[131.5,24.498],[131.656,24.503],[131.734,24.509],[132.185,24.55],[132.593,24.371],[132.664,24.344],[132.737,24.319],[132.81,24.296],[132.96,24.258],[133.036,24.242],[133.113,24.228],[133.19,24.218],[133.344,24.203],[133.422,24.199],[133.5,24.198],[133.656,24.203],[135.016,24.294],[135.589,24.262],[136.011,24.01],[136.137,23.939],[136.202,23.907],[136.268,23.876],[136.403,23.822],[136.473,23.798],[136.543,23.776],[136.614,23.756],[136.758,23.724],[137.859,23.524],[137.931,23.511],[138.078,23.492],[138.152,23.487],[138.226,23.483],[138.3,23.482],[138.448,23.487],[138.522,23.492],[138.595,23.501],[138.741,23.524],[138.814,23.539],[138.885,23.556],[138.956,23.576],[139.095,23.622],[139.164,23.648],[139.231,23.676],[139.297,23.706],[139.425,23.773],[139.487,23.81],[139.689,23.931],[140.548,23.867],[140.6,23.866],[140.651,23.867],[140.703,23.869],[142.944,23.786],[142.995,23.779],[143.046,23.773],[143.149,23.767],[143.2,23.766],[144.146,23.766],[145.597,23.669],[145.7,23.666],[146.748,23.666],[147.717,23.22],[149.67,22.048],[149.73,22.01],[149.791,21.973],[149.853,21.939],[149.982,21.876],[150.049,21.848],[150.116,21.822],[150.253,21.776],[150.323,21.756],[150.394,21.739],[150.465,21.724],[150.609,21.701],[150.681,21.692],[150.754,21.687],[150.9,21.682],[150.973,21.683],[151.046,21.687],[151.119,21.692],[151.263,21.711],[151.335,21.724],[151.406,21.739],[151.477,21.756],[152.055,21.929],[152.761,21.553],[154.042,20.827],[154.139,20.775],[154.19,20.751],[154.241,20.729],[154.293,20.708],[155.648,20.189],[155.701,20.172],[155.755,20.157],[155.864,20.132],[155.92,20.122],[155.975,20.114],[156.031,20.107],[157.753,19.543],[157.778,19.525],[157.803,19.509],[157.856,19.478],[157.883,19.464],[158.626,19.093],[159.581,18.425],[159.632,18.393],[159.659,18.378],[160.56,17.878],[160.614,17.85],[160.642,17.838],[160.67,17.827],[160.699,17.816],[162.528,17.144],[163.449,16.69],[163.478,16.676],[163.509,16.662],[165.263,15.778],[165.286,15.764],[165.309,15.751],[165.357,15.726],[165.382,15.715],[165.407,15.705],[166.557,15.266],[168.09,14.21],[168.101,14.2],[168.112,14.19],[168.135,14.171],[168.147,14.163],[168.159,14.154],[168.172,14.146],[168.885,13.739],[168.898,13.732],[168.911,13.725],[168.939,13.713],[168.953,13.708],[168.967,13.703],[168.982,13.699],[170.604,13.168],[170.612,13.165],[170.621,13.162],[170.638,13.157],[170.647,13.155],[170.655,13.154],[170.664,13.152],[171.673,13.051],[171.682,13.051],[171.691,13.05],[171.7,13.05]]]},"properties":{"id":"gdacs-TC-1001297","type":"cyclone","severity":"orange","title":"Tropical Cyclone DOLPHIN-26","startedAt":"2026-07-27T00:00:00Z","updatedAt":"2026-09-02T16:08:06Z","sourceUrl":"https://www.gdacs.org/report.aspx?eventid=1001297&episodeid=55&eventtype=TC","source":"gdacs","centroid":[120.6,27.9],"country":"Marshall Islands, Japan, China","iso3":"MHL","severityText":"Hurricane/Typhoon > 74 mph (maximum wind speed of 269 km/h)"}},{"type":"Feature","id":"gdacs-DR-1018332","geometry":{"type":"Point","coordinates":[10.941,48.056]},"properties":{"id":"gdacs-DR-1018332","type":"drought","severity":"orange","title":"Drought in Austria, Bosnia  and  Herzegovina, Belgium, Belarus, Switzerland, Czech Republic, Germany, Denmark, Spain, France, Croatia, Hungary, Ireland, Italy, Liechtenstein, Luxembourg, Netherlands, Poland, Romania, Serbia, Sweden, Slovenia, Slovakia, San Marino, Ukraine, , ","startedAt":"2025-12-21T00:00:00Z","updatedAt":"2026-09-02T16:10:13Z","sourceUrl":"https://www.gdacs.org/report.aspx?eventid=1018332&episodeid=20&eventtype=DR","source":"gdacs","centroid":[10.941,48.056],"country":"Austria, Bosnia & Herzegovina, Belgium, Belarus, Switzerland, Czech Republic, Germany, Denmark, Spain, France, Croatia, Hungary, Ireland, Italy, Liechtenstein, Luxembourg, Netherlands, Poland, Romania, Serbia, Sweden, Slovenia, Slovakia, San Marino, Ukraine, , ","iso3":"AUT","severityText":"Medium impact for agricultural drought in 1412468 km2","affectedPopulation":0}},{"type":"Feature","id":"gdacs-FL-1104065","geometry":{"type":"Point","coordinates":[23.8343,53.6835]},"properties":{"id":"gdacs-FL-1104065","type":"flood","severity":"green","title":"Flood in Belarus","startedAt":"2026-08-01T01:00:00Z","updatedAt":"2026-08-03T06:23:07Z","sourceUrl":"https://www.gdacs.org/report.aspx?eventid=1104065&episodeid=1&eventtype=FL","source":"gdacs","centroid":[23.8343,53.6835],"country":"Belarus","iso3":"BLR","severityText":"Magnitude 0"}},{"type":"Feature","id":"gdacs-FL-1104069","geometry":{"type":"Point","coordinates":[25.2854,54.7016]},"properties":{"id":"gdacs-FL-1104069","type":"flood","severity":"green","title":"Flood in Lithuania","startedAt":"2026-08-01T01:00:00Z","updatedAt":"2026-08-04T13:58:36Z","sourceUrl":"https://www.gdacs.org/report.aspx?eventid=1104069&episodeid=1&eventtype=FL","source":"gdacs","centroid":[25.2854,54.7016],"country":"Lithuania","iso3":"LTU","severityText":"Magnitude 0"}},{"type":"Feature","id":"gdacs-FL-1104070","geometry":{"type":"Point","coordinates":[-83.3452,10.0812]},"properties":{"id":"gdacs-FL-1104070","type":"flood","severity":"green","title":"Flood in Costa Rica","startedAt":"2026-08-01T01:00:00Z","updatedAt":"2026-08-04T13:58:54Z","sourceUrl":"https://www.gdacs.org/report.aspx?eventid=1104070&episodeid=1&eventtype=FL","source":"gdacs","centroid":[-83.3452,10.0812],"country":"Costa Rica","iso3":"CRI","severityText":"Magnitude 0"}},{"type":"Feature","id":"gdacs-FL-1104073","geometry":{"type":"Point","coordinates":[106.8141,47.816]},"properties":{"id":"gdacs-FL-1104073","type":"flood","severity":"green","title":"Flood in Mongolia","startedAt":"2026-08-01T01:00:00Z","updatedAt":"2026-08-05T08:02:31Z","sourceUrl":"https://www.gdacs.org/report.aspx?eventid=1104073&episodeid=1&eventtype=FL","source":"gdacs","centroid":[106.8141,47.816],"country":"Mongolia","iso3":"MNG","severityText":"Magnitude 0"}},{"type":"Feature","id":"gdacs-FL-1104076","geometry":{"type":"Point","coordinates":[71.2679,33.7128]},"properties":{"id":"gdacs-FL-1104076","type":"flood","severity":"green","title":"Flood in Pakistan","startedAt":"2026-08-01T01:00:00Z","updatedAt":"2026-08-06T07:30:08Z","sourceUrl":"https://www.gdacs.org/report.aspx?eventid=1104076&episodeid=1&eventtype=FL","source":"gdacs","centroid":[71.2679,33.7128],"country":"Pakistan","iso3":"PAK","severityText":"Magnitude 0"}},{"type":"Feature","id":"gdacs-FL-1104058","geometry":{"type":"Point","coordinates":[-74.7726,46.3713]},"properties":{"id":"gdacs-FL-1104058","type":"flood","severity":"green","title":"Flood in Canada","startedAt":"2026-07-27T01:00:00Z","updatedAt":"2026-08-07T06:12:36Z","sourceUrl":"https://www.gdacs.org/report.aspx?eventid=1104058&episodeid=2&eventtype=FL","source":"gdacs","centroid":[-74.7726,46.3713],"country":"Canada","iso3":"CAN","severityText":"Magnitude 0"}},{"type":"Feature","id":"gdacs-FL-1104077","geometry":{"type":"Point","coordinates":[71.2534,35.7746]},"properties":{"id":"gdacs-FL-1104077","type":"flood","severity":"green","title":"Flood in Afghanistan","startedAt":"2026-08-03T01:00:00Z","updatedAt":"2026-08-07T06:12:51Z","sourceUrl":"https://www.gdacs.org/report.aspx?eventid=1104077&episodeid=1&eventtype=FL","source":"gdacs","centroid":[71.2534,35.7746],"country":"Afghanistan","iso3":"AFG","severityText":"Magnitude 0"}},{"type":"Feature","id":"gdacs-FL-1104078","geometry":{"type":"Point","coordinates":[9.414,4.6027]},"properties":{"id":"gdacs-FL-1104078","type":"flood","severity":"green","title":"Flood in Cameroon","startedAt":"2026-08-04T01:00:00Z","updatedAt":"2026-08-07T07:36:28Z","sourceUrl":"https://www.gdacs.org/report.aspx?eventid=1104078&episodeid=1&eventtype=FL","source":"gdacs","centroid":[9.414,4.6027],"country":"Cameroon","iso3":"CMR","severityText":"Magnitude 0"}},{"type":"Feature","id":"gdacs-FL-1104066","geometry":{"type":"Point","coordinates":[11.1225,48.0287]},"properties":{"id":"gdacs-FL-1104066","type":"flood","severity":"green","title":"Flood in Germany","startedAt":"2026-07-31T01:00:00Z","updatedAt":"2026-08-07T07:36:45Z","sourceUrl":"https://www.gdacs.org/report.aspx?eventid=1104066&episodeid=2&eventtype=FL","source":"gdacs","centroid":[11.1225,48.0287],"country":"Germany","iso3":"DEU","severityText":"Magnitude 0"}},{"type":"Feature","id":"gdacs-FL-1104079","geometry":{"type":"Point","coordinates":[-27.1563,38.7392]},"properties":{"id":"gdacs-FL-1104079","type":"flood","severity":"green","title":"Flood in Portugal","startedAt":"2026-08-05T01:00:00Z","updatedAt":"2026-08-07T11:16:09Z","sourceUrl":"https://www.gdacs.org/report.aspx?eventid=1104079&episodeid=1&eventtype=FL","source":"gdacs","centroid":[-27.1563,38.7392],"country":"Portugal","iso3":"PRT","severityText":"Magnitude 0"}},{"type":"Feature","id":"gdacs-FL-1104059","geometry":{"type":"Point","coordinates":[12.5287,47.2882]},"properties":{"id":"gdacs-FL-1104059","type":"flood","severity":"green","title":"Flood in Austria","startedAt":"2026-07-28T01:00:00Z","updatedAt":"2026-08-09T06:51:04Z","sourceUrl":"https://www.gdacs.org/report.aspx?eventid=1104059&episodeid=3&eventtype=FL","source":"gdacs","centroid":[12.5287,47.2882],"country":"Austria","iso3":"AUT","severityText":"Magnitude 0"}},{"type":"Feature","id":"gdacs-FL-1104064","geometry":{"type":"Point","coordinates":[20.951,49.7739]},"properties":{"id":"gdacs-FL-1104064","type":"flood","severity":"green","title":"Flood in Poland","startedAt":"2026-07-31T01:00:00Z","updatedAt":"2026-08-09T06:51:42Z","sourceUrl":"https://www.gdacs.org/report.aspx?eventid=1104064&episodeid=2&eventtype=FL","source":"gdacs","centroid":[20.951,49.7739],"country":"Poland","iso3":"POL","severityText":"Magnitude 0"}},{"type":"Feature","id":"gdacs-FL-1104082","geometry":{"type":"Point","coordinates":[20.2141,49.2681]},"properties":{"id":"gdacs-FL-1104082","type":"flood","severity":"green","title":"Flood in Slovakia","startedAt":"2026-08-03T01:00:00Z","updatedAt":"2026-08-09T06:51:57Z","sourceUrl":"https://www.gdacs.org/report.aspx?eventid=1104082&episodeid=1&eventtype=FL","source":"gdacs","centroid":[20.2141,49.2681],"country":"Slovakia","iso3":"SVK","severityText":"Magnitude 0"}},{"type":"Feature","id":"gdacs-FL-1104085","geometry":{"type":"Point","coordinates":[138.692,-34.6235]},"properties":{"id":"gdacs-FL-1104085","type":"flood","severity":"green","title":"Flood in Australia","startedAt":"2026-08-09T01:00:00Z","updatedAt":"2026-08-11T07:56:01Z","sourceUrl":"https://www.gdacs.org/report.aspx?eventid=1104085&episodeid=1&eventtype=FL","source":"gdacs","centroid":[138.692,-34.6235],"country":"Australia","iso3":"AUS","severityText":"Magnitude 0"}},{"type":"Feature","id":"gdacs-TC-1001300","geometry":{"type":"Point","coordinates":[160.8,28.4]},"properties":{"id":"gdacs-TC-1001300","type":"cyclone","severity":"green","title":"Tropical Cyclone FIFTEEN-26","startedAt":"2026-08-10T00:00:00Z","updatedAt":"2026-08-12T00:50:21Z","sourceUrl":"https://www.gdacs.org/report.aspx?eventid=1001300&episodeid=5&eventtype=TC","source":"gdacs","centroid":[160.8,28.4],"severityText":"Tropical Depression (maximum wind speed of 65 km/h)"}},{"type":"Feature","id":"gdacs-FL-1104061","geometry":{"type":"Point","coordinates":[-99.2533,19.3214]},"properties":{"id":"gdacs-FL-1104061","type":"flood","severity":"green","title":"Flood in Mexico","startedAt":"2026-07-29T01:00:00Z","updatedAt":"2026-08-12T06:22:22Z","sourceUrl":"https://www.gdacs.org/report.aspx?eventid=1104061&episodeid=4&eventtype=FL","source":"gdacs","centroid":[-99.2533,19.3214],"country":"Mexico","iso3":"MEX","severityText":"Magnitude 0"}},{"type":"Feature","id":"gdacs-FL-1103942","geometry":{"type":"Point","coordinates":[124.5365,6.9234]},"properties":{"id":"gdacs-FL-1103942","type":"flood","severity":"green","title":"Flood in Philippines","startedAt":"2026-06-13T01:00:00Z","updatedAt":"2026-08-12T07:22:30Z","sourceUrl":"https://www.gdacs.org/report.aspx?eventid=1103942&episodeid=16&eventtype=FL","source":"gdacs","centroid":[124.5365,6.9234],"country":"Philippines","iso3":"PHL","severityText":"Magnitude 0"}},{"type":"Feature","id":"gdacs-TC-1001299","geometry":{"type":"Point","coordinates":[137.4,35.8]},"properties":{"id":"gdacs-TC-1001299","type":"cyclone","severity":"green","title":"Tropical Cyclone CHAN-HOM-26","startedAt":"2026-08-07T00:00:00Z","updatedAt":"2026-08-12T19:50:21Z","sourceUrl":"https://www.gdacs.org/report.aspx?eventid=1001299&episodeid=20&eventtype=TC","source":"gdacs","centroid":[137.4,35.8],"country":"Japan","iso3":"JPN","severityText":"Tropical Depression (maximum wind speed of 93 km/h)"}},{"type":"Feature","id":"gdacs-FL-1104086","geometry":{"type":"Point","coordinates":[22.1977,13.4665]},"properties":{"id":"gdacs-FL-1104086","type":"flood","severity":"green","title":"Flood in Chad","startedAt":"2026-08-11T01:00:00Z","updatedAt":"2026-08-14T05:53:54Z","sourceUrl":"https://www.gdacs.org/report.aspx?eventid=1104086&episodeid=1&eventtype=FL","source":"gdacs","centroid":[22.1977,13.4665],"country":"Chad","iso3":"TCD","severityText":"Magnitude 0"}},{"type":"Feature","id":"gdacs-FL-1104088","geometry":{"type":"Point","coordinates":[25.2004,45.4079]},"properties":{"id":"gdacs-FL-1104088","type":"flood","severity":"green","title":"Flood in Romania","startedAt":"2026-08-12T01:00:00Z","updatedAt":"2026-08-14T05:54:37Z","sourceUrl":"https://www.gdacs.org/report.aspx?eventid=1104088&episodeid=1&eventtype=FL","source":"gdacs","centroid":[25.2004,45.4079],"country":"Romania","iso3":"ROU","severityText":"Magnitude 0"}},{"type":"Feature","id":"gdacs-TC-1001298","geometry":{"type":"Point","coordinates":[170.2,33.8]},"properties":{"id":"gdacs-TC-1001298","type":"cyclone","severity":"green","title":"Tropical Cyclone PEILOU-26","startedAt":"2026-08-04T18:00:00Z","updatedAt":"2026-08-14T21:00:28Z","sourceUrl":"https://www.gdacs.org/report.aspx?eventid=1001298&episodeid=28&eventtype=TC","source":"gdacs","centroid":[170.2,33.8],"country":"Philippines","iso3":"PHL","severityText":"Tropical Depression (maximum wind speed of 74 km/h)"}},{"type":"Feature","id":"gdacs-TC-1001302","geometry":{"type":"Point","coordinates":[-36.8,39.4]},"properties":{"id":"gdacs-TC-1001302","type":"cyclone","severity":"green","title":"Tropical Cyclone CRISTOBAL-26","startedAt":"2026-08-12T15:00:00Z","updatedAt":"2026-08-14T21:20:13Z","sourceUrl":"https://www.gdacs.org/report.aspx?eventid=1001302&episodeid=5&eventtype=TC","source":"gdacs","centroid":[-36.8,39.4],"severityText":"Tropical Depression (maximum wind speed of 74 km/h)"}},{"type":"Feature","id":"gdacs-FL-1104091","geometry":{"type":"Point","coordinates":[82.7103,28.4993]},"properties":{"id":"gdacs-FL-1104091","type":"flood","severity":"green","title":"Flood in Nepal","startedAt":"2026-08-12T01:00:00Z","updatedAt":"2026-08-15T06:04:29Z","sourceUrl":"https://www.gdacs.org/report.aspx?eventid=1104091&episodeid=1&eventtype=FL","source":"gdacs","centroid":[82.7103,28.4993],"country":"Nepal","iso3":"NPL","severityText":"Magnitude 0"}},{"type":"Feature","id":"gdacs-TC-1001301","geometry":{"type":"Point","coordinates":[154.5,28.3]},"properties":{"id":"gdacs-TC-1001301","type":"cyclone","severity":"green","title":"Tropical Cyclone NANGKA-26","startedAt":"2026-08-12T12:00:00Z","updatedAt":"2026-08-15T13:35:21Z","sourceUrl":"https://www.gdacs.org/report.aspx?eventid=1001301&episodeid=9&eventtype=TC","source":"gdacs","centroid":[154.5,28.3],"severityText":"Tropical Depression (maximum wind speed of 65 km/h)"}},{"type":"Feature","id":"gdacs-TC-1001304","geometry":{"type":"Point","coordinates":[-135.9,15.8]},"properties":{"id":"gdacs-TC-1001304","type":"cyclone","severity":"green","title":"Tropical Cyclone HERNAN-26","startedAt":"2026-08-13T03:00:00Z","updatedAt":"2026-08-16T17:36:17Z","sourceUrl":"https://www.gdacs.org/report.aspx?eventid=1001304&episodeid=12&eventtype=TC","source":"gdacs","centroid":[-135.9,15.8],"severityText":"Tropical Depression (maximum wind speed of 74 km/h)"}},{"type":"Feature","id":"gdacs-FL-1104092","geometry":{"type":"Point","coordinates":[1.7335,42.5447]},"properties":{"id":"gdacs-FL-1104092","type":"flood","severity":"green","title":"Flood in Andorra","startedAt":"2026-08-15T01:00:00Z","updatedAt":"2026-08-17T06:22:40Z","sourceUrl":"https://www.gdacs.org/report.aspx?eventid=1104092&episodeid=1&eventtype=FL","source":"gdacs","centroid":[1.7335,42.5447],"country":"Andorra","iso3":"AND","severityText":"Magnitude 0"}},{"type":"Feature","id":"gdacs-FL-1104093","geometry":{"type":"Point","coordinates":[8.1212,35.4036]},"properties":{"id":"gdacs-FL-1104093","type":"flood","severity":"green","title":"Flood in Algeria","startedAt":"2026-08-14T01:00:00Z","updatedAt":"2026-08-17T06:42:58Z","sourceUrl":"https://www.gdacs.org/report.aspx?eventid=1104093&episodeid=1&eventtype=FL","source":"gdacs","centroid":[8.1212,35.4036],"country":"Algeria","iso3":"DZA","severityText":"Magnitude 0"}},{"type":"Feature","id":"gdacs-FL-1104095","geometry":{"type":"Point","coordinates":[126.3876,34.7921]},"properties":{"id":"gdacs-FL-1104095","type":"flood","severity":"green","title":"Flood in South Korea","startedAt":"2026-08-15T01:00:00Z","updatedAt":"2026-08-17T07:32:02Z","sourceUrl":"https://www.gdacs.org/report.aspx?eventid=1104095&episodeid=1&eventtype=FL","source":"gdacs","centroid":[126.3876,34.7921],"country":"South Korea","iso3":"KOR","severityText":"Magnitude 0"}},{"type":"Feature","id":"gdacs-FL-1104083","geometry":{"type":"Point","coordinates":[-3.4516,34.1413]},"properties":{"id":"gdacs-FL-1104083","type":"flood","severity":"green","title":"Flood in Morocco","startedAt":"2026-08-08T01:00:00Z","updatedAt":"2026-08-18T06:44:35Z","sourceUrl":"https://www.gdacs.org/report.aspx?eventid=1104083&episodeid=2&eventtype=FL","source":"gdacs","centroid":[-3.4516,34.1413],"country":"Morocco","iso3":"MAR","severityText":"Magnitude 0"}},{"type":"Feature","id":"gdacs-FL-1104098","geometry":{"type":"Point","coordinates":[9.6493,35.2196]},"properties":{"id":"gdacs-FL-1104098","type":"flood","severity":"green","title":"Flood in Tunisia","startedAt":"2026-08-14T01:00:00Z","updatedAt":"2026-08-18T07:04:44Z","sourceUrl":"https://www.gdacs.org/report.aspx?eventid=1104098&episodeid=1&eventtype=FL","source":"gdacs","centroid":[9.6493,35.2196],"country":"Tunisia","iso3":"TUN","severityText":"Magnitude 0"}},{"type":"Feature","id":"gdacs-FL-1104100","geometry":{"type":"Point","coordinates":[-89.6686,15.3232]},"properties":{"id":"gdacs-FL-1104100","type":"flood","severity":"green","title":"Flood in Guatemala","startedAt":"2026-08-15T01:00:00Z","updatedAt":"2026-08-18T12:27:59Z","sourceUrl":"https://www.gdacs.org/report.aspx?eventid=1104100&episodeid=1&eventtype=FL","source":"gdacs","centroid":[-89.6686,15.3232],"country":"Guatemala","iso3":"GTM","severityText":"Magnitude 0"}},{"type":"Feature","id":"gdacs-FL-1104101","geometry":{"type":"Point","coordinates":[-84.4318,10.3224]},"properties":{"id":"gdacs-FL-1104101","type":"flood","severity":"green","title":"Flood in Costa Rica","startedAt":"2026-08-15T01:00:00Z","updatedAt":"2026-08-18T12:28:12Z","sourceUrl":"https://www.gdacs.org/report.aspx?eventid=1104101&episodeid=1&eventtype=FL","source":"gdacs","centroid":[-84.4318,10.3224],"country":"Costa Rica","iso3":"CRI","severityText":"Magnitude 0"}},{"type":"Feature","id":"gdacs-FL-1104097","geometry":{"type":"Point","coordinates":[-74.8682,7.4925]},"properties":{"id":"gdacs-FL-1104097","type":"flood","severity":"green","title":"Flood in Colombia","startedAt":"2026-08-14T01:00:00Z","updatedAt":"2026-08-18T12:46:45Z","sourceUrl":"https://www.gdacs.org/report.aspx?eventid=1104097&episodeid=2&eventtype=FL","source":"gdacs","centroid":[-74.8682,7.4925],"country":"Colombia","iso3":"COL","severityText":"Magnitude 0"}},{"type":"Feature","id":"gdacs-FL-1104103","geometry":{"type":"Point","coordinates":[44.8207,41.7471]},"properties":{"id":"gdacs-FL-1104103","type":"flood","severity":"green","title":"Flood in Georgia","startedAt":"2026-08-14T01:00:00Z","updatedAt":"2026-08-19T08:04:10Z","sourceUrl":"https://www.gdacs.org/report.aspx?eventid=1104103&episodeid=1&eventtype=FL","source":"gdacs","centroid":[44.8207,41.7471],"country":"Georgia","iso3":"GEO","severityText":"Magnitude 0"}},{"type":"Feature","id":"gdacs-FL-1104107","geometry":{"type":"Point","coordinates":[120.288,14.8422]},"properties":{"id":"gdacs-FL-1104107","type":"flood","severity":"green","title":"Flood in Philippines","startedAt":"2026-08-17T01:00:00Z","updatedAt":"2026-08-20T10:14:03Z","sourceUrl":"https://www.gdacs.org/report.aspx?eventid=1104107&episodeid=1&eventtype=FL","source":"gdacs","centroid":[120.288,14.8422],"country":"Philippines","iso3":"PHL","severityText":"Magnitude 0"}},{"type":"Feature","id":"gdacs-FL-1104108","geometry":{"type":"Point","coordinates":[106.0609,12.3665]},"properties":{"id":"gdacs-FL-1104108","type":"flood","severity":"green","title":"Flood in Cambodia","startedAt":"2026-08-14T01:00:00Z","updatedAt":"2026-08-20T10:31:09Z","sourceUrl":"https://www.gdacs.org/report.aspx?eventid=1104108&episodeid=1&eventtype=FL","source":"gdacs","centroid":[106.0609,12.3665],"country":"Cambodia","iso3":"KHM","severityText":"Magnitude 0"}},{"type":"Feature","id":"gdacs-FL-1104109","geometry":{"type":"Point","coordinates":[12.4802,9.2089]},"properties":{"id":"gdacs-FL-1104109","type":"flood","severity":"green","title":"Flood in Nigeria","startedAt":"2026-08-01T01:00:00Z","updatedAt":"2026-08-20T10:53:52Z","sourceUrl":"https://www.gdacs.org/report.aspx?eventid=1104109&episodeid=2&eventtype=FL","source":"gdacs","centroid":[12.4802,9.2089],"country":"Nigeria","iso3":"NGA","severityText":"Magnitude 0"}},{"type":"Feature","id":"gdacs-FL-1104110","geometry":{"type":"Point","coordinates":[33.0,9.0]},"properties":{"id":"gdacs-FL-1104110","type":"flood","severity":"green","title":"Flood in South Sudan","startedAt":"2026-08-15T01:00:00Z","updatedAt":"2026-08-20T10:54:00Z","sourceUrl":"https://www.gdacs.org/report.aspx?eventid=1104110&episodeid=1&eventtype=FL","source":"gdacs","centroid":[33.0,9.0],"country":"South Sudan","iso3":"SSD","severityText":"Magnitude 0"}},{"type":"Feature","id":"gdacs-FL-1104112","geometry":{"type":"Point","coordinates":[-54.3777,-33.25]},"properties":{"id":"gdacs-FL-1104112","type":"flood","severity":"green","title":"Flood in Uruguay","startedAt":"2026-08-16T01:00:00Z","updatedAt":"2026-08-22T08:30:19Z","sourceUrl":"https://www.gdacs.org/report.aspx?eventid=1104112&episodeid=1&eventtype=FL","source":"gdacs","centroid":[-54.3777,-33.25],"country":"Uruguay","iso3":"URY","severityText":"Magnitude 0"}},{"type":"Feature","id":"gdacs-FL-1104113","geometry":{"type":"Point","coordinates":[-15.8851,14.88]},"properties":{"id":"gdacs-FL-1104113","type":"flood","severity":"green","title":"Flood in Senegal","startedAt":"2026-08-19T01:00:00Z","updatedAt":"2026-08-22T10:18:43Z","sourceUrl":"https://www.gdacs.org/report.aspx?eventid=1104113&episodeid=1&eventtype=FL","source":"gdacs","centroid":[-15.8851,14.88],"country":"Senegal","iso3":"SEN","severityText":"Magnitude 0"}},{"type":"Feature","id":"gdacs-FL-1104114","geometry":{"type":"Point","coordinates":[-15.876,14.8646]},"properties":{"id":"gdacs-FL-1104114","type":"flood","severity":"green","title":"Flood in Senegal","startedAt":"2026-08-08T01:00:00Z","updatedAt":"2026-08-22T10:18:51Z","sourceUrl":"https://www.gdacs.org/report.aspx?eventid=1104114&episodeid=1&eventtype=FL","source":"gdacs","centroid":[-15.876,14.8646],"country":"Senegal","iso3":"SEN","severityText":"Magnitude 0"}},{"type":"Feature","id":"gdacs-FL-1104115","geometry":{"type":"Point","coordinates":[16.3725,48.2084]},"properties":{"id":"gdacs-FL-1104115","type":"flood","severity":"green","title":"Flood in Austria","startedAt":"2026-08-20T01:00:00Z","updatedAt":"2026-08-22T10:19:03Z","sourceUrl":"https://www.gdacs.org/report.aspx?eventid=1104115&episodeid=1&eventtype=FL","source":"gdacs","centroid":[16.3725,48.2084],"country":"Austria","iso3":"AUT","severityText":"Magnitude 0"}},{"type":"Feature","id":"gdacs-FL-1104106","geometry":{"type":"Point","coordinates":[-54.6746,-30.9838]},"properties":{"id":"gdacs-FL-1104106","type":"flood","severity":"green","title":"Flood in Brazil","startedAt":"2026-08-16T01:00:00Z","updatedAt":"2026-08-23T06:04:22Z","sourceUrl":"https://www.gdacs.org/report.aspx?eventid=1104106&episodeid=2&eventtype=FL","source":"gdacs","centroid":[-54.6746,-30.9838],"country":"Brazil","iso3":"BRA","severityText":"Magnitude 0"}},{"type":"Feature","id":"gdacs-FL-1104116","geometry":{"type":"Point","coordinates":[160.0384,57.1915]},"properties":{"id":"gdacs-FL-1104116","type":"flood","severity":"green","title":"Flood in Russia","startedAt":"2026-08-13T01:00:00Z","updatedAt":"2026-08-24T08:54:49Z","sourceUrl":"https://www.gdacs.org/report.aspx?eventid=1104116&episodeid=1&eventtype=FL","source":"gdacs","centroid":[160.0384,57.1915],"country":"Russia","iso3":"RUS","severityText":"Magnitude 0"}},{"type":"Feature","id":"gdacs-FL-1104096","geometry":{"type":"Point","coordinates":[-66.8917,10.4845]},"properties":{"id":"gdacs-FL-1104096","type":"flood","severity":"green","title":"Flood in Venezuela","startedAt":"2026-08-15T01:00:00Z","updatedAt":"2026-08-24T09:19:45Z","sourceUrl":"https://www.gdacs.org/report.aspx?eventid=1104096&episodeid=2&eventtype=FL","source":"gdacs","centroid":[-66.8917,10.4845],"country":"Venezuela","iso3":"VEN","severityText":"Magnitude 0"}},{"type":"Feature","id":"gdacs-FL-1104090","geometry":{"type":"Point","coordinates":[139.8754,35.8436]},"properties":{"id":"gdacs-FL-1104090","type":"flood","severity":"green","title":"Flood in Japan","startedAt":"2026-08-13T01:00:00Z","updatedAt":"2026-08-25T05:49:13Z","sourceUrl":"https://www.gdacs.org/report.aspx?eventid=1104090&episodeid=2&eventtype=FL","source":"gdacs","centroid":[139.8754,35.8436],"country":"Japan","iso3":"JPN","severityText":"Magnitude 0"}},{"type":"Feature","id":"gdacs-FL-1104117","geometry":{"type":"Point","coordinates":[-13.634,9.5693]},"properties":{"id":"gdacs-FL-1104117","type":"flood","severity":"green","title":"Flood in Guinea","startedAt":"2026-08-23T01:00:00Z","updatedAt":"2026-08-25T07:08:27Z","sourceUrl":"https://www.gdacs.org/report.aspx?eventid=1104117&episodeid=1&eventtype=FL","source":"gdacs","centroid":[-13.634,9.5693],"country":"Guinea","iso3":"GIN","severityText":"Magnitude 0"}},{"type":"Feature","id":"gdacs-FL-1104118","geometry":{"type":"Point","coordinates":[15.2232,49.4309]},"properties":{"id":"gdacs-FL-1104118","type":"flood","severity":"green","title":"Flood in Czech Republic","startedAt":"2026-08-20T01:00:00Z","updatedAt":"2026-08-25T09:30:39Z","sourceUrl":"https://www.gdacs.org/report.aspx?eventid=1104118&episodeid=1&eventtype=FL","source":"gdacs","centroid":[15.2232,49.4309],"country":"Czech Republic","iso3":"CZE","severityText":"Magnitude 0"}},{"type":"Feature","id":"gdacs-TC-1001306","geometry":{"type":"Point","coordinates":[-164.1,16.3]},"properties":{"id":"gdacs-TC-1001306","type":"cyclone","severity":"green","title":"Tropical Cyclone TWO-C-26","startedAt":"2026-08-20T15:00:00Z","updatedAt":"2026-08-25T13:57:09Z","sourceUrl":"https://www.gdacs.org/report.aspx?eventid=1001306&episodeid=20&eventtype=TC","source":"gdacs","centroid":[-164.1,16.3],"severityText":"Tropical Depression (maximum wind speed of 83 km/h)"}},{"type":"Feature","id":"gdacs-TC-1001308","geometry":{"type":"Point","coordinates":[137.3,20.6]},"properties":{"id":"gdacs-TC-1001308","type":"cyclone","severity":"green","title":"Tropical Cyclone ATSANI-26","startedAt":"2026-08-22T12:00:00Z","updatedAt":"2026-08-25T14:24:54Z","sourceUrl":"https://www.gdacs.org/report.aspx?eventid=1001308&episodeid=12&eventtype=TC","source":"gdacs","centroid":[137.3,20.6],"severityText":"Tropical Depression (maximum wind speed of 56 km/h)"}},{"type":"Feature","id":"gdacs-TC-1001307","geometry":{"type":"Point","coordinates":[109.6,20.0]},"properties":{"id":"gdacs-TC-1001307","type":"cyclone","severity":"green","title":"Tropical Cyclone NARRA-26","startedAt":"2026-08-20T18:00:00Z","updatedAt":"2026-08-25T21:02:51Z","sourceUrl":"https://www.gdacs.org/report.aspx?eventid=1001307&episodeid=21&eventtype=TC","source":"gdacs","centroid":[109.6,20.0],"country":"Viet Nam, China","iso3":"VNM","severityText":"Tropical Depression (maximum wind speed of 74 km/h)"}},{"type":"Feature","id":"gdacs-FL-1104119","geometry":{"type":"Point","coordinates":[138.7823,-35.4468]},"properties":{"id":"gdacs-FL-1104119","type":"flood","severity":"green","title":"Flood in Australia","startedAt":"2026-08-24T01:00:00Z","updatedAt":"2026-08-26T15:00:05Z","sourceUrl":"https://www.gdacs.org/report.aspx?eventid=1104119&episodeid=1&eventtype=FL","source":"gdacs","centroid":[138.7823,-35.4468],"country":"Australia","iso3":"AUS","severityText":"Magnitude 0"}},{"type":"Feature","id":"gdacs-FL-1104104","geometry":{"type":"Point","coordinates":[119.9718,-0.2054]},"properties":{"id":"gdacs-FL-1104104","type":"flood","severity":"green","title":"Flood in Indonesia","startedAt":"2026-08-15T01:00:00Z","updatedAt":"2026-08-26T16:06:17Z","sourceUrl":"https://www.gdacs.org/report.aspx?eventid=1104104&episodeid=2&eventtype=FL","source":"gdacs","centroid":[119.9718,-0.2054],"country":"Indonesia","iso3":"IDN","severityText":"Magnitude 0"}},{"type":"Feature","id":"gdacs-TC-1001310","geometry":{"type":"Point","coordinates":[-119.5,21.0]},"properties":{"id":"gdacs-TC-1001310","type":"cyclone","severity":"green","title":"Tropical Cyclone JULIO-26","startedAt":"2026-08-24T21:00:00Z","updatedAt":"2026-08-27T01:16:52Z","sourceUrl":"https://www.gdacs.org/report.aspx?eventid=1001310&episodeid=5&eventtype=TC","source":"gdacs","centroid":[-119.5,21.0],"severityText":"Tropical Storm (maximum wind speed of 83 km/h)"}},{"type":"Feature","id":"gdacs-FL-1104120","geometry":{"type":"Point","coordinates":[23.4873,41.7503]},"properties":{"id":"gdacs-FL-1104120","type":"flood","severity":"green","title":"Flood in Bulgaria","startedAt":"2026-08-24T01:00:00Z","updatedAt":"2026-08-27T06:12:05Z","sourceUrl":"https://www.gdacs.org/report.aspx?eventid=1104120&episodeid=1&eventtype=FL","source":"gdacs","centroid":[23.4873,41.7503],"country":"Bulgaria","iso3":"BGR","severityText":"Magnitude 0"}},{"type":"Feature","id":"gdacs-FL-1103972","geometry":{"type":"Point","coordinates":[77.5041,29.9857]},"properties":{"id":"gdacs-FL-1103972","type":"flood","severity":"green","title":"Flood in India","startedAt":"2026-06-23T01:00:00Z","updatedAt":"2026-08-27T07:39:44Z","sourceUrl":"https://www.gdacs.org/report.aspx?eventid=1103972&episodeid=19&eventtype=FL","source":"gdacs","centroid":[77.5041,29.9857],"country":"India","iso3":"IND","severityText":"Magnitude 0"}},{"type":"Feature","id":"gdacs-FL-1104029","geometry":{"type":"Point","coordinates":[104.1576,21.2277]},"properties":{"id":"gdacs-FL-1104029","type":"flood","severity":"green","title":"Flood in Vietnam","startedAt":"2026-07-15T01:00:00Z","updatedAt":"2026-08-27T07:42:58Z","sourceUrl":"https://www.gdacs.org/report.aspx?eventid=1104029&episodeid=15&eventtype=FL","source":"gdacs","centroid":[104.1576,21.2277],"country":"Vietnam","iso3":"VNM","severityText":"Magnitude 0"}},{"type":"Feature","id":"gdacs-TC-1001309","geometry":{"type":"Point","coordinates":[-125.9,23.0]},"properties":{"id":"gdacs-TC-1001309","type":"cyclone","severity":"green","title":"Tropical Cyclone ISELLE-26","startedAt":"2026-08-23T15:00:00Z","updatedAt":"2026-08-27T09:18:37Z","sourceUrl":"https://www.gdacs.org/report.aspx?eventid=1001309&episodeid=15&eventtype=TC","source":"gdacs","centroid":[-125.9,23.0],"severityText":"Tropical Depression (maximum wind speed of 111 km/h)"}},{"type":"Feature","id":"gdacs-FL-1104099","geometry":{"type":"Point","coordinates":[-97.6185,20.33]},"properties":{"id":"gdacs-FL-1104099","type":"flood","severity":"green","title":"Flood in Mexico","startedAt":"2026-08-17T01:00:00Z","updatedAt":"2026-08-27T12:48:23Z","sourceUrl":"https://www.gdacs.org/report.aspx?eventid=1104099&episodeid=4&eventtype=FL","source":"gdacs","centroid":[-97.6185,20.33],"country":"Mexico","iso3":"MEX","severityText":"Magnitude 0"}},{"type":"Feature","id":"gdacs-FL-1104125","geometry":{"type":"Point","coordinates":[124.3978,40.0941]},"properties":{"id":"gdacs-FL-1104125","type":"flood","severity":"green","title":"Flood in North Korea","startedAt":"2026-08-23T01:00:00Z","updatedAt":"2026-08-28T06:29:22Z","sourceUrl":"https://www.gdacs.org/report.aspx?eventid=1104125&episodeid=1&eventtype=FL","source":"gdacs","centroid":[124.3978,40.0941],"country":"North Korea","iso3":"PRK","severityText":"Magnitude 0"}},{"type":"Feature","id":"gdacs-TC-1001303","geometry":{"type":"Point","coordinates":[-179.2,37.8]},"properties":{"id":"gdacs-TC-1001303","type":"cyclone","severity":"green","title":"Tropical Cyclone LALA-26","startedAt":"2026-08-12T15:00:00Z","updatedAt":"2026-08-28T07:00:14Z","sourceUrl":"https://www.gdacs.org/report.aspx?eventid=1001303&episodeid=63&eventtype=TC","source":"gdacs","centroid":[-179.2,37.8],"country":"United States","iso3":"USA","severityText":"Tropical Storm (maximum wind speed of 213 km/h)"}},{"type":"Feature","id":"gdacs-FL-1104094","geometry":{"type":"Point","coordinates":[26.0,16.0]},"properties":{"id":"gdacs-FL-1104094","type":"flood","severity":"green","title":"Flood in Sudan","startedAt":"2026-08-11T01:00:00Z","updatedAt":"2026-08-28T15:31:25Z","sourceUrl":"https://www.gdacs.org/report.aspx?eventid=1104094&episodeid=3&eventtype=FL","source":"gdacs","centroid":[26.0,16.0],"country":"Sudan","iso3":"SDN","severityText":"Magnitude 0"}},{"type":"Feature","id":"gdacs-FL-1104126","geometry":{"type":"Point","coordinates":[168.661,-45.0322]},"properties":{"id":"gdacs-FL-1104126","type":"flood","severity":"green","title":"Flood in New Zealand","startedAt":"2026-08-27T01:00:00Z","updatedAt":"2026-08-29T05:59:01Z","sourceUrl":"https://www.gdacs.org/report.aspx?eventid=1104126&episodeid=1&eventtype=FL","source":"gdacs","centroid":[168.661,-45.0322],"country":"New Zealand","iso3":"NZL","severityText":"Magnitude 0","affectedPopulation":0}},{"type":"Feature","id":"gdacs-FL-1104084","geometry":{"type":"Point","coordinates":[5.9821,47.272]},"properties":{"id":"gdacs-FL-1104084","type":"flood","severity":"green","title":"Flood in France","startedAt":"2026-08-08T01:00:00Z","updatedAt":"2026-08-29T06:38:55Z","sourceUrl":"https://www.gdacs.org/report.aspx?eventid=1104084&episodeid=7&eventtype=FL","source":"gdacs","centroid":[5.9821,47.272],"country":"France","iso3":"FRA","severityText":"Magnitude 0"}},{"type":"Feature","id":"gdacs-FL-1104127","geometry":{"type":"Point","coordinates":[-9.5053,52.0596]},"properties":{"id":"gdacs-FL-1104127","type":"flood","severity":"green","title":"Flood in Ireland","startedAt":"2026-08-27T01:00:00Z","updatedAt":"2026-08-29T06:39:05Z","sourceUrl":"https://www.gdacs.org/report.aspx?eventid=1104127&episodeid=1&eventtype=FL","source":"gdacs","centroid":[-9.5053,52.0596],"country":"Ireland","iso3":"IRL","severityText":"Magnitude 0","affectedPopulation":0}},{"type":"Feature","id":"gdacs-FL-1104071","geometry":{"type":"Point","coordinates":[-74.8199,-12.8198]},"properties":{"id":"gdacs-FL-1104071","type":"flood","severity":"green","title":"Flood in Peru","startedAt":"2026-08-02T01:00:00Z","updatedAt":"2026-08-29T12:10:21Z","sourceUrl":"https://www.gdacs.org/report.aspx?eventid=1104071&episodeid=12&eventtype=FL","source":"gdacs","centroid":[-74.8199,-12.8198],"country":"Peru","iso3":"PER","severityText":"Magnitude 0"}},{"type":"Feature","id":"gdacs-FL-1104011","geometry":{"type":"Point","coordinates":[98.8165,12.1092]},"properties":{"id":"gdacs-FL-1104011","type":"flood","severity":"green","title":"Flood in Myanmar","startedAt":"2026-07-04T01:00:00Z","updatedAt":"2026-08-30T09:59:03Z","sourceUrl":"https://www.gdacs.org/report.aspx?eventid=1104011&episodeid=18&eventtype=FL","source":"gdacs","centroid":[98.8165,12.1092],"country":"Myanmar","iso3":"MMR","severityText":"Magnitude 0","affectedPopulation":0}},{"type":"Feature","id":"gdacs-TC-1001313","geometry":{"type":"Point","coordinates":[-46.9,15.0]},"properties":{"id":"gdacs-TC-1001313","type":"cyclone","severity":"green","title":"Tropical Cyclone DOLLY-26","startedAt":"2026-08-27T15:00:00Z","updatedAt":"2026-08-30T20:21:52Z","sourceUrl":"https://www.gdacs.org/report.aspx?eventid=1001313&episodeid=5&eventtype=TC","source":"gdacs","centroid":[-46.9,15.0],"severityText":"Tropical Storm (maximum wind speed of 65 km/h)"}},{"type":"Feature","id":"gdacs-TC-1001311","geometry":{"type":"Point","coordinates":[165.9,34.1]},"properties":{"id":"gdacs-TC-1001311","type":"cyclone","severity":"green","title":"Tropical Cyclone BANG-LANG-26","startedAt":"2026-08-26T06:00:00Z","updatedAt":"2026-08-30T21:31:17Z","sourceUrl":"https://www.gdacs.org/report.aspx?eventid=1001311&episodeid=18&eventtype=TC","source":"gdacs","centroid":[165.9,34.1],"country":"United States Minor Outlying Islands","iso3":"UMI","severityText":"Tropical Storm (maximum wind speed of 139 km/h)","affectedPopulation":0}},{"type":"Feature","id":"gdacs-FL-1104128","geometry":{"type":"Point","coordinates":[42.9025,41.9999]},"properties":{"id":"gdacs-FL-1104128","type":"flood","severity":"green","title":"Flood in Georgia","startedAt":"2026-08-27T01:00:00Z","updatedAt":"2026-08-31T08:14:26Z","sourceUrl":"https://www.gdacs.org/report.aspx?eventid=1104128&episodeid=1&eventtype=FL","source":"gdacs","centroid":[42.9025,41.9999],"country":"Georgia","iso3":"GEO","severityText":"Magnitude 0"}},{"type":"Feature","id":"gdacs-FL-1104129","geometry":{"type":"Point","coordinates":[35.8349,34.4374]},"properties":{"id":"gdacs-FL-1104129","type":"flood","severity":"green","title":"Flood in Lebanon","startedAt":"2026-08-29T01:00:00Z","updatedAt":"2026-08-31T08:15:01Z","sourceUrl":"https://www.gdacs.org/report.aspx?eventid=1104129&episodeid=1&eventtype=FL","source":"gdacs","centroid":[35.8349,34.4374],"country":"Lebanon","iso3":"LBN","severityText":"Magnitude 0","affectedPopulation":0}},{"type":"Feature","id":"gdacs-FL-1104130","geometry":{"type":"Point","coordinates":[120.7662,14.9152]},"properties":{"id":"gdacs-FL-1104130","type":"flood","severity":"green","title":"Flood in Philippines","startedAt":"2026-08-28T01:00:00Z","updatedAt":"2026-08-31T09:02:54Z","sourceUrl":"https://www.gdacs.org/report.aspx?eventid=1104130&episodeid=1&eventtype=FL","source":"gdacs","centroid":[120.7662,14.9152],"country":"Philippines","iso3":"PHL","severityText":"Magnitude 0","affectedPopulation":3}},{"type":"Feature","id":"gdacs-FL-1104133","geometry":{"type":"Point","coordinates":[126.576,35.301]},"properties":{"id":"gdacs-FL-1104133","type":"flood","severity":"green","title":"Flood in South Korea","startedAt":"2026-08-29T01:00:00Z","updatedAt":"2026-09-01T05:16:16Z","sourceUrl":"https://www.gdacs.org/report.aspx?eventid=1104133&episodeid=1&eventtype=FL","source":"gdacs","centroid":[126.576,35.301],"country":"South Korea","iso3":"KOR","severityText":"Magnitude 0","affectedPopulation":0}},{"type":"Feature","id":"gdacs-FL-1104134","geometry":{"type":"Point","coordinates":[8.7773,7.3506]},"properties":{"id":"gdacs-FL-1104134","type":"flood","severity":"green","title":"Flood in Nigeria","startedAt":"2026-08-16T01:00:00Z","updatedAt":"2026-09-01T06:00:00Z","sourceUrl":"https://www.gdacs.org/report.aspx?eventid=1104134&episodeid=1&eventtype=FL","source":"gdacs","centroid":[8.7773,7.3506],"country":"Nigeria","iso3":"NGA","severityText":"Magnitude 0"}},{"type":"Feature","id":"gdacs-FL-1104105","geometry":{"type":"Point","coordinates":[7.436,10.5183]},"properties":{"id":"gdacs-FL-1104105","type":"flood","severity":"green","title":"Flood in Nigeria","startedAt":"2026-08-13T01:00:00Z","updatedAt":"2026-09-01T10:47:46Z","sourceUrl":"https://www.gdacs.org/report.aspx?eventid=1104105&episodeid=4&eventtype=FL","source":"gdacs","centroid":[7.436,10.5183],"country":"Nigeria","iso3":"NGA","severityText":"Magnitude 0","affectedPopulation":0}},{"type":"Feature","id":"gdacs-FL-1104135","geometry":{"type":"Point","coordinates":[-83.8124,9.3168]},"properties":{"id":"gdacs-FL-1104135","type":"flood","severity":"green","title":"Flood in Costa Rica","startedAt":"2026-08-30T01:00:00Z","updatedAt":"2026-09-01T10:48:06Z","sourceUrl":"https://www.gdacs.org/report.aspx?eventid=1104135&episodeid=1&eventtype=FL","source":"gdacs","centroid":[-83.8124,9.3168],"country":"Costa Rica","iso3":"CRI","severityText":"Magnitude 0","affectedPopulation":1}},{"type":"Feature","id":"gdacs-FL-1104080","geometry":{"type":"Point","coordinates":[-6.5246,42.4571]},"properties":{"id":"gdacs-FL-1104080","type":"flood","severity":"green","title":"Flood in Spain","startedAt":"2026-08-06T01:00:00Z","updatedAt":"2026-09-01T11:43:43Z","sourceUrl":"https://www.gdacs.org/report.aspx?eventid=1104080&episodeid=4&eventtype=FL","source":"gdacs","centroid":[-6.5246,42.4571],"country":"Spain","iso3":"ESP","severityText":"Magnitude 0"}},{"type":"Feature","id":"gdacs-FL-1104132","geometry":{"type":"Point","coordinates":[103.1983,13.09]},"properties":{"id":"gdacs-FL-1104132","type":"flood","severity":"green","title":"Flood in Cambodia","startedAt":"2026-08-28T01:00:00Z","updatedAt":"2026-09-02T05:27:47Z","sourceUrl":"https://www.gdacs.org/report.aspx?eventid=1104132&episodeid=2&eventtype=FL","source":"gdacs","centroid":[103.1983,13.09],"country":"Cambodia","iso3":"KHM","severityText":"Magnitude 0","affectedPopulation":0}},{"type":"Feature","id":"gdacs-FL-1104122","geometry":{"type":"Point","coordinates":[101.2177,14.1494]},"properties":{"id":"gdacs-FL-1104122","type":"flood","severity":"green","title":"Flood in Thailand","startedAt":"2026-08-18T01:00:00Z","updatedAt":"2026-09-02T05:28:24Z","sourceUrl":"https://www.gdacs.org/report.aspx?eventid=1104122&episodeid=13&eventtype=FL","source":"gdacs","centroid":[101.2177,14.1494],"country":"Thailand","iso3":"THA","severityText":"Magnitude 0","affectedPopulation":0}},{"type":"Feature","id":"gdacs-FL-1104131","geometry":{"type":"Point","coordinates":[40.2948,40.6191]},"properties":{"id":"gdacs-FL-1104131","type":"flood","severity":"green","title":"Flood in Türkiye","startedAt":"2026-08-28T01:00:00Z","updatedAt":"2026-09-02T05:28:35Z","sourceUrl":"https://www.gdacs.org/report.aspx?eventid=1104131&episodeid=2&eventtype=FL","source":"gdacs","centroid":[40.2948,40.6191],"country":"Türkiye","iso3":"TUR","severityText":"Magnitude 0","affectedPopulation":0}},{"type":"Feature","id":"gdacs-DR-1018344","geometry":{"type":"Point","coordinates":[13.234,-2.349]},"properties":{"id":"gdacs-DR-1018344","type":"drought","severity":"green","title":"Drought in Democratic Republic of Congo, Republic of Congo, Gabon","startedAt":"2025-12-21T00:00:00Z","updatedAt":"2026-09-02T05:57:03Z","sourceUrl":"https://www.gdacs.org/report.aspx?eventid=1018344&episodeid=21&eventtype=DR","source":"gdacs","centroid":[13.234,-2.349],"country":"Democratic Republic of Congo, Republic of Congo, Gabon","iso3":"COD","severityText":"Minor impact for agricultural drought in 208030 km2","affectedPopulation":0}},{"type":"Feature","id":"gdacs-DR-1018546","geometry":{"type":"Point","coordinates":[-105.748,44.907]},"properties":{"id":"gdacs-DR-1018546","type":"drought","severity":"green","title":"Drought in Canada, United States","startedAt":"2025-12-11T00:00:00Z","updatedAt":"2026-09-02T05:57:19Z","sourceUrl":"https://www.gdacs.org/report.aspx?eventid=1018546&episodeid=13&eventtype=DR","source":"gdacs","centroid":[-105.748,44.907],"country":"Canada, United States","iso3":"CAN","severityText":"Minor impact for agricultural drought in 287342 km2","affectedPopulation":0}},{"type":"Feature","id":"gdacs-DR-1018545","geometry":{"type":"Point","coordinates":[104.511,12.455]},"properties":{"id":"gdacs-DR-1018545","type":"drought","severity":"green","title":"Drought in Australia, Indonesia, Cambodia, Papua New Guinea, Philippines, Thailand, Vietnam","startedAt":"2025-06-11T00:00:00Z","updatedAt":"2026-09-02T05:57:22Z","sourceUrl":"https://www.gdacs.org/report.aspx?eventid=1018545&episodeid=13&eventtype=DR","source":"gdacs","centroid":[104.511,12.455],"country":"Australia, Indonesia, Cambodia, Papua New Guinea, Philippines, Thailand, Vietnam","iso3":"AUS","severityText":"Minor impact for agricultural drought in 1427981 km2","affectedPopulation":0}},{"type":"Feature","id":"gdacs-DR-1027448","geometry":{"type":"Point","coordinates":[-47.795,-8.585]},"properties":{"id":"gdacs-DR-1027448","type":"drought","severity":"green","title":"Drought in Brazil","startedAt":"2025-07-01T00:00:00Z","updatedAt":"2026-09-02T05:57:28Z","sourceUrl":"https://www.gdacs.org/report.aspx?eventid=1027448&episodeid=7&eventtype=DR","source":"gdacs","centroid":[-47.795,-8.585],"country":"Brazil","iso3":"BRA","severityText":"Minor impact for agricultural drought in 869975 km2","affectedPopulation":0}},{"type":"Feature","id":"gdacs-DR-1023877","geometry":{"type":"Point","coordinates":[-71.896,8.569]},"properties":{"id":"gdacs-DR-1023877","type":"drought","severity":"green","title":"Drought in Colombia, Costa Rica, , Nicaragua, Panama, Venezuela","startedAt":"2026-02-21T00:00:00Z","updatedAt":"2026-09-02T05:57:32Z","sourceUrl":"https://www.gdacs.org/report.aspx?eventid=1023877&episodeid=7&eventtype=DR","source":"gdacs","centroid":[-71.896,8.569],"country":"Colombia, Costa Rica, , Nicaragua, Panama, Venezuela","iso3":"COL","severityText":"Minor impact for agricultural drought in 687472 km2","affectedPopulation":0}},{"type":"Feature","id":"gdacs-DR-1027491","geometry":{"type":"Point","coordinates":[82.23,48.165]},"properties":{"id":"gdacs-DR-1027491","type":"drought","severity":"green","title":"Drought in China, Kyrgyzstan, Kazakhstan, Mongolia, Russia","startedAt":"2026-05-01T00:00:00Z","updatedAt":"2026-09-02T05:57:49Z","sourceUrl":"https://www.gdacs.org/report.aspx?eventid=1027491&episodeid=6&eventtype=DR","source":"gdacs","centroid":[82.23,48.165],"country":"China, Kyrgyzstan, Kazakhstan, Mongolia, Russia","iso3":"CHN","severityText":"Minor impact for agricultural drought in 1112686 km2","affectedPopulation":0}},{"type":"Feature","id":"gdacs-DR-1027575","geometry":{"type":"Point","coordinates":[76.528,11.864]},"properties":{"id":"gdacs-DR-1027575","type":"drought","severity":"green","title":"Drought in India","startedAt":"2026-06-21T00:00:00Z","updatedAt":"2026-09-02T05:57:54Z","sourceUrl":"https://www.gdacs.org/report.aspx?eventid=1027575&episodeid=1&eventtype=DR","source":"gdacs","centroid":[76.528,11.864],"country":"India","iso3":"IND","severityText":"Minor impact for agricultural drought in 92457 km2","affectedPopulation":0}},{"type":"Feature","id":"gdacs-FL-1104075","geometry":{"type":"Point","coordinates":[80.5703,7.1636]},"properties":{"id":"gdacs-FL-1104075","type":"flood","severity":"green","title":"Flood in Sri Lanka","startedAt":"2026-08-02T01:00:00Z","updatedAt":"2026-09-02T11:13:09Z","sourceUrl":"https://www.gdacs.org/report.aspx?eventid=1104075&episodeid=1&eventtype=FL","source":"gdacs","centroid":[80.5703,7.1636],"country":"Sri Lanka","iso3":"LKA","severityText":"Magnitude 0"}},{"type":"Feature","id":"gdacs-FL-1104089","geometry":{"type":"Point","coordinates":[105.8044,15.1201]},"properties":{"id":"gdacs-FL-1104089","type":"flood","severity":"green","title":"Flood in Laos","startedAt":"2026-08-03T01:00:00Z","updatedAt":"2026-09-02T11:15:25Z","sourceUrl":"https://www.gdacs.org/report.aspx?eventid=1104089&episodeid=2&eventtype=FL","source":"gdacs","centroid":[105.8044,15.1201],"country":"Laos","iso3":"LAO","severityText":"Magnitude 0","affectedPopulation":0}},{"type":"Feature","id":"gdacs-FL-1104067","geometry":{"type":"Point","coordinates":[100.7737,18.7779]},"properties":{"id":"gdacs-FL-1104067","type":"flood","severity":"green","title":"Flood in Thailand","startedAt":"2026-07-30T01:00:00Z","updatedAt":"2026-09-02T11:16:49Z","sourceUrl":"https://www.gdacs.org/report.aspx?eventid=1104067&episodeid=5&eventtype=FL","source":"gdacs","centroid":[100.7737,18.7779],"country":"Thailand","iso3":"THA","severityText":"Magnitude 0"}},{"type":"Feature","id":"gdacs-FL-1104102","geometry":{"type":"Point","coordinates":[19.1335,51.593]},"properties":{"id":"gdacs-FL-1104102","type":"flood","severity":"green","title":"Flood in Poland","startedAt":"2026-08-17T01:00:00Z","updatedAt":"2026-09-02T11:25:47Z","sourceUrl":"https://www.gdacs.org/report.aspx?eventid=1104102&episodeid=2&eventtype=FL","source":"gdacs","centroid":[19.1335,51.593],"country":"Poland","iso3":"POL","severityText":"Magnitude 0"}},{"type":"Feature","id":"gdacs-FL-1104053","geometry":{"type":"Point","coordinates":[13.7584,43.2587]},"properties":{"id":"gdacs-FL-1104053","type":"flood","severity":"green","title":"Flood in Italy","startedAt":"2026-07-26T01:00:00Z","updatedAt":"2026-09-02T11:26:47Z","sourceUrl":"https://www.gdacs.org/report.aspx?eventid=1104053&episodeid=13&eventtype=FL","source":"gdacs","centroid":[13.7584,43.2587],"country":"Italy","iso3":"ITA","severityText":"Magnitude 0"}},{"type":"Feature","id":"gdacs-FL-1103888","geometry":{"type":"Point","coordinates":[-112.1565,37.6741]},"properties":{"id":"gdacs-FL-1103888","type":"flood","severity":"green","title":"Flood in United States","startedAt":"2026-05-19T01:00:00Z","updatedAt":"2026-09-02T11:27:18Z","sourceUrl":"https://www.gdacs.org/report.aspx?eventid=1103888&episodeid=79&eventtype=FL","source":"gdacs","centroid":[-112.1565,37.6741],"country":"United States","iso3":"USA","severityText":"Magnitude 0","affectedPopulation":0}},{"type":"Feature","id":"gdacs-TC-1001318","geometry":{"type":"Point","coordinates":[131.7,23.9]},"properties":{"id":"gdacs-TC-1001318","type":"cyclone","severity":"green","title":"Tropical Cyclone KROVANH-26","startedAt":"2026-09-01T06:00:00Z","updatedAt":"2026-09-02T14:40:25Z","sourceUrl":"https://www.gdacs.org/report.aspx?eventid=1001318&episodeid=6&eventtype=TC","source":"gdacs","centroid":[131.7,23.9],"country":"Japan","iso3":"JPN","severityText":"Tropical Storm (maximum wind speed of 83 km/h)","affectedPopulation":0}},{"type":"Feature","id":"gdacs-TC-1001314","geometry":{"type":"Point","coordinates":[-132.8,18.8]},"properties":{"id":"gdacs-TC-1001314","type":"cyclone","severity":"green","title":"Tropical Cyclone KARINA-26","startedAt":"2026-08-27T21:00:00Z","updatedAt":"2026-09-02T15:09:12Z","sourceUrl":"https://www.gdacs.org/report.aspx?eventid=1001314&episodeid=25&eventtype=TC","source":"gdacs","centroid":[-132.8,18.8],"severityText":"Hurricane/Typhoon > 74 mph (maximum wind speed of 231 km/h)","affectedPopulation":0}},{"type":"Feature","id":"gdacs-TC-1001315","geometry":{"type":"Point","coordinates":[-153.2,13.4]},"properties":{"id":"gdacs-TC-1001315","type":"cyclone","severity":"green","title":"Tropical Cyclone LOWELL-26","startedAt":"2026-08-27T21:00:00Z","updatedAt":"2026-09-02T15:13:15Z","sourceUrl":"https://www.gdacs.org/report.aspx?eventid=1001315&episodeid=25&eventtype=TC","source":"gdacs","centroid":[-153.2,13.4],"severityText":"Hurricane/Typhoon > 74 mph (maximum wind speed of 259 km/h)","affectedPopulation":0}},{"type":"Feature","id":"gdacs-TC-1001317","geometry":{"type":"Point","coordinates":[-111.7,17.1]},"properties":{"id":"gdacs-TC-1001317","type":"cyclone","severity":"green","title":"Tropical Cyclone MARIE-26","startedAt":"2026-09-01T09:00:00Z","updatedAt":"2026-09-02T15:17:51Z","sourceUrl":"https://www.gdacs.org/report.aspx?eventid=1001317&episodeid=6&eventtype=TC","source":"gdacs","centroid":[-111.7,17.1],"country":"Mexico","iso3":"MEX","severityText":"Tropical Storm (maximum wind speed of 167 km/h)","affectedPopulation":0}},{"type":"Feature","id":"gdacs-TC-1001312","geometry":{"type":"Point","coordinates":[166.8,31.7]},"properties":{"id":"gdacs-TC-1001312","type":"cyclone","severity":"green","title":"Tropical Cyclone ETAU-26","startedAt":"2026-08-27T00:00:00Z","updatedAt":"2026-09-02T16:08:20Z","sourceUrl":"https://www.gdacs.org/report.aspx?eventid=1001312&episodeid=16&eventtype=TC","source":"gdacs","centroid":[166.8,31.7],"severityText":"Tropical Depression (maximum wind speed of 83 km/h)","affectedPopulation":0}},{"type":"Feature","id":"gdacs-TC-1001316","geometry":{"type":"Point","coordinates":[-94.6,30.5]},"properties":{"id":"gdacs-TC-1001316","type":"cyclone","severity":"green","title":"Tropical Cyclone EDOUARD-26","startedAt":"2026-08-31T15:00:00Z","updatedAt":"2026-09-02T16:08:27Z","sourceUrl":"https://www.gdacs.org/report.aspx?eventid=1001316&episodeid=7&eventtype=TC","source":"gdacs","centroid":[-94.6,30.5],"country":"United States","iso3":"USA","severityText":"Tropical Depression (maximum wind speed of 83 km/h)","affectedPopulation":0}}]}
